Study,Task,modelName,FitName,FormulaStr,DistanceMode,DistanceGroupVariable,Intercept,IciL,IciU,Ip,VAe,VAciL,VAciU,VAp,De,DciL,DciU,Dp,Ee,EciL,EciU,Ep,AIC,BIC,LogLikelihood,Dmoon_m,DmoonMean_m,DmoonMedian_m,DmoonMin_m,DmoonMax_m,DmoonSD_m,DmoonNGroups,Dmoon_log2_m,MaxQuadDistance_m,DmoonLowerBound_m,MinimumDistanceFactor,StartDmoon_m,StartDmoonMedian_m,NegLogLikelihoodObjective,OptimizerExitFlag,OptimizerIterations,OptimizerFuncCount,PredictionColumn,Iteration,TransformID,TransformLabel
combined_training,Perceptual,latentDmoon_logPM_by_logAngleNDistanceNElevation,combined_training_latentDmoon_absElevation_I1,log2ratio_visual_angle ~ 1 + log2real_visual_angle + log2distance + log2elevation + (1 | ID),byDate,Date,1.21483333481126,1.08171345227355,1.34795321734896,5.65606825893323e-62,-0.128291098319942,-0.153377021166313,-0.103205175473571,1.36656668280954e-22,0.0301649537193526,0.0222396026179384,0.0380903048207667,1.83145869957988e-13,-0.217611550701583,-0.254523057918575,-0.180700043484592,4.80243725071196e-29,1373.92293725224,1403.04906426577,-680.961468626122,1278432785.58442,1278432785.58442,447467946.966984,1416744.21469629,10032050146.9782,2778372026.22905,12,30.2517291659517,151.907293145392,1519.07293145392,10,372297500,372385500,680.961468626122,0,25,42,predicted_PM_latentDmoon_logPM_by_logAngleNDistanceNElevation,1,2,absElevation
combined_training,Perceptual,latentDmoon_logPM_by_logAngleNDistanceNElevation,combined_training_latentDmoon_absElevation_I2,log2ratio_visual_angle ~ 1 + log2real_visual_angle + log2distance + log2elevation + (1 | ID),byDate,Date,1.23540686634809,1.1094752270216,1.36133850567459,5.28600786253973e-70,-0.127379518001846,-0.152566200911252,-0.102192835092441,3.70549397049556e-22,0.0348752034906989,0.0273152115370194,0.0424351954443783,7.69670584146492e-19,-0.203158839027277,-0.239515429873093,-0.166802248181461,1.97081073255602e-26,1383.9533223336,1413.12359037649,-685.976661166802,741092211.984751,741092211.984751,351577969.020302,2791378.13561982,2636780261.01505,798613718.892072,13,29.4650778232174,151.907293145392,1519.07293145392,10,374768461.538462,374538000,685.976661166802,0,25,44,predicted_PM_latentDmoon_logPM_by_logAngleNDistanceNElevation,2,2,absElevation
combined_training,Perceptual,latentDmoon_logPM_by_logAngleNDistanceNElevation,combined_training_latentDmoon_absElevation_I3,log2ratio_visual_angle ~ 1 + log2real_visual_angle + log2distance + log2elevation + (1 | ID),byDate,Date,1.19415561521598,1.06485224923841,1.32345898119355,3.27786786398826e-63,-0.13491063208279,-0.160993560092153,-0.108827704073427,4.79456046745889e-23,0.0268371386497895,0.0188387171007418,0.0348355601988372,7.56143223698868e-11,-0.181293866244516,-0.219297762750437,-0.143289969738596,5.58851609700326e-20,1403.79680673292,1432.91026214723,-695.898403366458,745186599.543022,745186599.543022,451858483.035829,4024545.03241227,2238582937.96074,742088395.263468,12,29.4730264900791,151.907293145392,1519.07293145392,10,375146416.666667,376841000,695.898403366458,0,25,43,predicted_PM_latentDmoon_logPM_by_logAngleNDistanceNElevation,3,2,absElevation
combined_training,Perceptual,latentDmoon_logPM_by_logAngleNDistanceNElevation,combined_training_latentDmoon_absElevation_I4,log2ratio_visual_angle ~ 1 + log2real_visual_angle + log2distance + log2elevation + (1 | ID),byDate,Date,1.15957548562143,1.03065803897273,1.28849293227013,1.79458649520475e-60,-0.133546239029804,-0.158661990472193,-0.108430487587415,3.36265659755959e-24,0.0367582384852551,0.0290215358910358,0.0444949410794744,7.73342302313619e-20,-0.201199093932584,-0.238478004492636,-0.163920183372532,7.58892015612674e-25,1376.8299848409,1405.94977940002,-682.41499242045,1487846748.25364,1487846748.25364,424307828.82923,8976644.34006407,6738569937.24482,2286278491.08711,11,30.4705787870715,151.907293145392,1519.07293145392,10,375201727.272727,379144000,682.41499242045,0,25,41,predicted_PM_latentDmoon_logPM_by_logAngleNDistanceNElevation,4,2,absElevation
combined_training,Perceptual,latentDmoon_logPM_by_logAngleNDistanceNElevation,combined_training_latentDmoon_absElevation_I5,log2ratio_visual_angle ~ 1 + log2real_visual_angle + log2distance + log2elevation + (1 | ID),byDate,Date,1.22914475824162,1.09706504347544,1.3612244730078,3.48596808016135e-64,-0.128607213387999,-0.153649960377451,-0.103564466398547,8.93872692020008e-23,0.0343569273032879,0.0261585658895098,0.0425552887170659,6.35366412733663e-16,-0.216484434347468,-0.253190928991593,-0.179777939703344,4.30480390312768e-29,1394.38417045084,1423.61071821851,-691.192085225421,1124068601.49056,1124068601.49056,382289050.372973,12648413.3593792,5689347852.97285,1658860671.32488,12,30.0660829393761,151.907293145392,1519.07293145392,10,374787666.666667,374688500,691.192085225421,0,25,42,predicted_PM_latentDmoon_logPM_by_logAngleNDistanceNElevation,5,2,absElevation
combined_training,Perceptual,latentDmoon_logPM_by_logAngleNDistanceNElevation,combined_training_latentDmoon_absElevation_I6,log2ratio_visual_angle ~ 1 + log2real_visual_angle + log2distance + log2elevation + (1 | ID),byDate,Date,1.15915163807856,1.02823158640005,1.29007168975707,6.88101043270819e-59,-0.132781073928197,-0.158567330401347,-0.106994817455047,7.24351947438402e-23,0.0318863548357301,0.0241821366825435,0.0395905729889167,1.42279427632941e-15,-0.182306574811023,-0.219735314801547,-0.1448778348205,9.96516051096742e-21,1393.212668904,1422.33879591753,-690.606334452,852588512.937555,852588512.937555,319335360.389506,29274855.1055984,3708945911.60396,1194000479.7479,13,29.6672743768689,151.907293145392,1519.07293145392,10,374768461.538462,374538000,690.606334452,0,25,43,predicted_PM_latentDmoon_logPM_by_logAngleNDistanceNElevation,6,2,absElevation
combined_training,Perceptual,latentDmoon_logPM_by_logAngleNDistanceNElevation,combined_training_latentDmoon_absElevation_I7,log2ratio_visual_angle ~ 1 + log2real_visual_angle + log2distance + log2elevation + (1 | ID),byDate,Date,1.11215709633182,0.983758870227627,1.24055532243601,9.89078227563426e-57,-0.131308185010883,-0.157235678292842,-0.105380691728923,3.33024126223723e-22,0.0321425598675134,0.0240747252927371,0.0402103944422898,1.42460826245756e-14,-0.170665314084523,-0.207683968606949,-0.133646659562098,8.1764324315439e-19,1383.50979661237,1412.62959117148,-685.754898306183,1103804921.98406,1103804921.98406,537179511.063252,7899317.95182371,4339995435.88398,1395391684.86048,12,30.0398380777742,151.907293145392,1519.07293145392,10,372297500,372385500,685.754898306183,0,25,42,predicted_PM_latentDmoon_logPM_by_logAngleNDistanceNElevation,7,2,absElevation
combined_training,Perceptual,latentDmoon_logPM_by_logAngleNDistanceNElevation,combined_training_latentDmoon_absElevation_I8,log2ratio_visual_angle ~ 1 + log2real_visual_angle + log2distance + log2elevation + (1 | ID),byDate,Date,1.22331585836848,1.08688693210706,1.35974478462989,3.1701965973533e-60,-0.125970326959868,-0.151206628421877,-0.100734025497859,1.1871668619062e-21,0.0290039181950061,0.0202143587386934,0.0377934776513188,1.50947927858095e-10,-0.192400310776852,-0.228927329043253,-0.15587329251045,8.2431466621772e-24,1372.06967049593,1401.24621797424,-680.034835247965,1050728184.12931,1050728184.12931,680584991.631193,1810868.59122695,2709419386.11482,1019195493.20554,11,29.9687423566573,151.907293145392,1519.07293145392,10,375345636.363636,374538000,680.034835247965,0,25,41,predicted_PM_latentDmoon_logPM_by_logAngleNDistanceNElevation,8,2,absElevation
combined_training,Perceptual,latentDmoon_logPM_by_logAngleNDistanceNElevation,combined_training_latentDmoon_absElevation_I9,log2ratio_visual_angle ~ 1 + log2real_visual_angle + log2distance + log2elevation + (1 | ID),byDate,Date,1.22616761438155,1.09627819246493,1.35605703629816,1.14219861784347e-65,-0.114056020350514,-0.139563970946632,-0.0885480697543967,7.79175475851901e-18,0.0336863010876089,0.0257679113687438,0.0416046908064739,2.41408180947984e-16,-0.20941044198118,-0.246922297791108,-0.171898586171251,2.18108950419133e-26,1412.0242067802,1441.20075425851,-700.0121033901,1126432642.99465,1126432642.99465,421790817.473658,12861589.547898,5630095723.68235,1619174845.04567,12,30.0691139016715,151.907293145392,1519.07293145392,10,374333166.666667,372385500,700.0121033901,0,25,42,predicted_PM_latentDmoon_logPM_by_logAngleNDistanceNElevation,9,2,absElevation
combined_training,Perceptual,latentDmoon_logPM_by_logAngleNDistanceNElevation,combined_training_latentDmoon_absElevation_I10,log2ratio_visual_angle ~ 1 + log2real_visual_angle + log2distance + log2elevation + (1 | ID),byDate,Date,1.11089084499291,0.995121667406058,1.22666002257975,1.65899024384649e-67,-0.125435287249405,-0.151086047544906,-0.0997845269539043,6.98564589704795e-21,0.0310868381729992,0.0239687003289814,0.0382049760170171,4.10204511176306e-17,-0.17078968317143,-0.206751897328846,-0.134827469014014,7.84408562865715e-20,1363.37165516134,1392.56074182916,-675.685827580668,766224142.844526,766224142.844526,474772195.792629,4120543.74676319,3449333915.2675,900385019.023016,13,29.513191243244,151.907293145392,1519.07293145392,10,374768461.538462,374538000,675.685827580668,0,25,42,predicted_PM_latentDmoon_logPM_by_logAngleNDistanceNElevation,10,2,absElevation
combined_training,Perceptual,latentDmoon_logPM_by_logAngleNDistanceNElevation,combined_training_latentDmoon_absElevation_I11,log2ratio_visual_angle ~ 1 + log2real_visual_angle + log2distance + log2elevation + (1 | ID),byDate,Date,1.14024924421299,1.0165300567033,1.26396843172267,6.21377796082029e-63,-0.136298023977657,-0.161789671053752,-0.110806376901562,1.98851019882413e-24,0.0314699753506218,0.0238562319165821,0.0390837187846615,1.56117011382877e-15,-0.182160690174313,-0.21901529732852,-0.145306083020107,2.90878962071786e-21,1326.62055735041,1355.68945022566,-657.310278675204,1291231591.13366,1291231591.13366,398884636.293508,1344691.70286672,6083232759.04966,2055104939.70484,11,30.2661006349686,151.907293145392,1519.07293145392,10,374103000,374538000,657.310278675204,0,25,42,predicted_PM_latentDmoon_logPM_by_logAngleNDistanceNElevation,11,2,absElevation
combined_training,Perceptual,latentDmoon_logPM_by_logAngleNDistanceNElevation,combined_training_latentDmoon_absElevation_I12,log2ratio_visual_angle ~ 1 + log2real_visual_angle + log2distance + log2elevation + (1 | ID),byDate,Date,1.13700594699186,1.00419920186293,1.2698126921208,1.39071960520651e-55,-0.129483458510327,-0.1557384987886,-0.103228418232054,3.4978591435694e-21,0.0357815851943411,0.0279157880918739,0.0436473822968082,2.25549696986187e-18,-0.18255334363248,-0.220449898093067,-0.144656789171892,2.53655512145047e-20,1414.561149136,1443.64918078346,-701.280574568001,1101887525.97136,1101887525.97136,511264836.578107,24998541.1540256,4191580800.4282,1405676712.81697,12,30.0373298238077,151.907293145392,1519.07293145392,10,375146416.666667,376841000,701.280574568001,0,25,42,predicted_PM_latentDmoon_logPM_by_logAngleNDistanceNElevation,12,2,absElevation
combined_training,Perceptual,latentDmoon_logPM_by_logAngleNDistanceNElevation,combined_training_latentDmoon_absElevation_I13,log2ratio_visual_angle ~ 1 + log2real_visual_angle + log2distance + log2elevation + (1 | ID),byDate,Date,1.22117249952028,1.09174031945951,1.35060467958106,1.49381596249096e-65,-0.126032107738049,-0.151327689699452,-0.100736525776647,1.41580885593726e-21,0.0311446511813211,0.0233771588035896,0.0389121435590527,9.75967492909435e-15,-0.208071508790294,-0.24522787544672,-0.170915142133868,1.59226389706352e-26,1371.76881189178,1400.90758379935,-679.884405945889,992699346.560678,992699346.560678,431520115.189092,30625402.4710301,4076564165.09612,1289738845.89575,13,29.8867816018241,151.907293145392,1519.07293145392,10,374768461.538462,374538000,679.884405945889,0,25,43,predicted_PM_latentDmoon_logPM_by_logAngleNDistanceNElevation,13,2,absElevation
combined_training,Perceptual,latentDmoon_logPM_by_logAngleNDistanceNElevation,combined_training_latentDmoon_absElevation_I14,log2ratio_visual_angle ~ 1 + log2real_visual_angle + log2distance + log2elevation + (1 | ID),byDate,Date,1.31143890518533,1.17960291222218,1.44327489814848,1.47661285140472e-71,-0.112188238550542,-0.138496745482713,-0.0858797316183713,2.08254325752435e-16,0.0311835353090373,0.0232278396112872,0.0391392310067874,3.62945923808986e-14,-0.240459799085437,-0.278638357296172,-0.202281240874703,1.23198444509317e-32,1429.43082201398,1458.55694902751,-708.715411006989,1207662242.97931,1207662242.97931,540636397.626425,4340040.58330546,4406637125.25738,1504251082.66443,11,30.1695698744495,151.907293145392,1519.07293145392,10,372093818.181818,370233000,708.715411006989,0,25,41,predicted_PM_latentDmoon_logPM_by_logAngleNDistanceNElevation,14,2,absElevation
combined_training,Perceptual,latentDmoon_logPM_by_logAngleNDistanceNElevation,combined_training_latentDmoon_absElevation_I15,log2ratio_visual_angle ~ 1 + log2real_visual_angle + log2distance + log2elevation + (1 | ID),byDate,Date,1.17153764004312,1.03604398506494,1.3070312950213,1.72339192375416e-56,-0.131842388596649,-0.158653162570975,-0.105031614622323,4.53092502570397e-21,0.0301314066313794,0.022096959456722,0.0381658538060369,4.03363896715436e-13,-0.181855718617987,-0.22053672001461,-0.143174717221364,1.82132904449266e-19,1422.29937895028,1451.35547864371,-705.14968947514,3956071457.15052,3956071457.15052,255556549.901178,25831639.9469329,21124830918.3044,7936827679.85517,11,31.8814213392202,151.907293145392,1519.07293145392,10,372485181.818182,374538000,705.14968947514,0,25,41,predicted_PM_latentDmoon_logPM_by_logAngleNDistanceNElevation,15,2,absElevation
combined_training,Perceptual,latentDmoon_logPM_by_logAngleNDistanceNElevation,combined_training_latentDmoon_absElevation_I16,log2ratio_visual_angle ~ 1 + log2real_visual_angle + log2distance + log2elevation + (1 | ID),byDate,Date,1.15271391339576,1.02565189838363,1.27977592840788,2.70737509678064e-61,-0.138505745687214,-0.163956220528559,-0.113055270845869,3.32532011359718e-25,0.0298514093708684,0.0223014207004628,0.0374013980412739,2.22747312915063e-14,-0.185222730513726,-0.222669738265089,-0.147775722762364,2.72652860626501e-21,1357.73417612649,1386.80945537807,-672.867088063243,1744198200.10627,1744198200.10627,431582311.765693,1200023.3669679,13688959849.1708,3827131417.69462,12,30.699916842532,151.907293145392,1519.07293145392,10,374787666.666667,374688500,672.867088063243,0,25,42,predicted_PM_latentDmoon_logPM_by_logAngleNDistanceNElevation,16,2,absElevation
combined_training,Perceptual,latentDmoon_logPM_by_logAngleNDistanceNElevation,combined_training_latentDmoon_absElevation_I17,log2ratio_visual_angle ~ 1 + log2real_visual_angle + log2distance + log2elevation + (1 | ID),byDate,Date,1.09692942842375,0.9680784220218,1.22578043482569,4.24876145055208e-55,-0.128083882740946,-0.152765791866071,-0.103401973615821,3.49413271460982e-23,0.0355415221101647,0.0272080334113163,0.043875010809013,2.06175552848124e-16,-0.183667934072206,-0.218904371621588,-0.148431496522825,2.2959171875257e-23,1326.92970276102,1356.06215555268,-657.464851380509,5537188415.83363,5537188415.83363,393323715.227624,89044.8596048533,37765983560.5079,11733647055.201,10,32.3665064677751,151.907293145392,1519.07293145392,10,371071300,368867000,657.464851380509,0,25,41,predicted_PM_latentDmoon_logPM_by_logAngleNDistanceNElevation,17,2,absElevation
combined_training,Perceptual,latentDmoon_logPM_by_logAngleNDistanceNElevation,combined_training_latentDmoon_absElevation_I18,log2ratio_visual_angle ~ 1 + log2real_visual_angle + log2distance + log2elevation + (1 | ID),byDate,Date,1.03566247668485,0.898964257698357,1.17236069567134,4.71924016713532e-45,-0.124581298977894,-0.150668393966756,-0.0984942039890313,5.16469216866438e-20,0.0403515627758078,0.0318573709973859,0.0488457545542296,7.90709942720315e-20,-0.173986752876248,-0.211468689877401,-0.136504815875096,4.88871291504321e-19,1395.17058313136,1424.25224196888,-691.585291565681,1981090152.84291,1981090152.84291,578234646.002387,302092.164539032,12760656536.4821,3779401998.28611,11,30.8836473879744,151.907293145392,1519.07293145392,10,372485181.818182,374538000,691.585291565681,0,25,42,predicted_PM_latentDmoon_logPM_by_logAngleNDistanceNElevation,18,2,absElevation
combined_training,Perceptual,latentDmoon_logPM_by_logAngleNDistanceNElevation,combined_training_latentDmoon_absElevation_I19,log2ratio_visual_angle ~ 1 + log2real_visual_angle + log2distance + log2elevation + (1 | ID),byDate,Date,1.27135107055325,1.14535674765422,1.39734539345228,3.33143181269779e-73,-0.12649331279997,-0.152862281430596,-0.100124344169345,3.56961571141247e-20,0.0285591491970581,0.0210259632848493,0.0360923351092669,2.27064994143203e-13,-0.20569489787789,-0.243838039682256,-0.167551756073523,8.34224039390449e-25,1400.59423891626,1429.68863661207,-694.297119458132,687461851.539812,687461851.539812,414116699.128007,8073909.70427089,2330584603.61544,642814263.184816,13,29.3567044171743,151.907293145392,1519.07293145392,10,374768461.538462,374538000,694.297119458132,0,25,42,predicted_PM_latentDmoon_logPM_by_logAngleNDistanceNElevation,19,2,absElevation
combined_training,Perceptual,latentDmoon_logPM_by_logAngleNDistanceNElevation,combined_training_latentDmoon_absElevation_I20,log2ratio_visual_angle ~ 1 + log2real_visual_angle + log2distance + log2elevation + (1 | ID),byDate,Date,1.22203527942228,1.08913298231791,1.35493757652666,1.20937303711492e-62,-0.124231686960985,-0.150585006038512,-0.0978783678834576,1.48038795631584e-19,0.0223473579969284,0.0143104454865036,0.0303842705073531,6.21280497650241e-08,-0.190956767677662,-0.229060017306473,-0.152853518048852,8.77065703215206e-22,1390.94390217993,1419.9807608093,-689.471951089964,844692011.573235,844692011.573235,495764017.751439,2709068.67733542,3958546029.96157,1062768328.83832,12,29.653850166326,151.907293145392,1519.07293145392,10,375732833.333333,376841000,689.471951089964,0,25,41,predicted_PM_latentDmoon_logPM_by_logAngleNDistanceNElevation,20,2,absElevation
combined_training,Perceptual,latentDmoon_logPM_by_logAngleNDistanceNElevation,combined_training_latentDmoon_absElevation_I21,log2ratio_visual_angle ~ 1 + log2real_visual_angle + log2distance + log2elevation + (1 | ID),byDate,Date,1.15105209820999,1.02200107955677,1.2801031168632,1.58913871321364e-59,-0.134427092661348,-0.161111893636233,-0.107742291686463,5.52039927739622e-22,0.0290894488714491,0.0208451771376156,0.0373337206052825,8.14126549506714e-12,-0.174853070324681,-0.212428271042167,-0.137277869607195,4.07701000763311e-19,1376.61876872256,1405.66204789829,-682.309384361278,1185155883.81345,1185155883.81345,258580251.416923,6412960.54177489,6701444299.10237,1838311778.59239,13,30.1424296835856,151.907293145392,1519.07293145392,10,374768461.538462,374538000,682.309384361278,0,25,44,predicted_PM_latentDmoon_logPM_by_logAngleNDistanceNElevation,21,2,absElevation
combined_training,Perceptual,latentDmoon_logPM_by_logAngleNDistanceNElevation,combined_training_latentDmoon_absElevation_I22,log2ratio_visual_angle ~ 1 + log2real_visual_angle + log2distance + log2elevation + (1 | ID),byDate,Date,1.23584063761923,1.1071652412413,1.36451603399717,1.23012227407613e-67,-0.123333121089875,-0.148131594013313,-0.0985346481664379,1.61906086080497e-21,0.0329186083879627,0.0249969630903043,0.040840253685621,1.08949316119052e-15,-0.210713887188221,-0.246879960350494,-0.174547814025949,1.81545306921081e-28,1380.64012152037,1409.84796797419,-684.320060760186,994778372.655427,994778372.655427,350014275.862793,12403558.4436499,3335561003.69224,1170396856.77951,12,29.8897999015533,151.907293145392,1519.07293145392,10,372297500,372385500,684.320060760186,0,25,42,predicted_PM_latentDmoon_logPM_by_logAngleNDistanceNElevation,22,2,absElevation
combined_training,Perceptual,latentDmoon_logPM_by_logAngleNDistanceNElevation,combined_training_latentDmoon_absElevation_I23,log2ratio_visual_angle ~ 1 + log2real_visual_angle + log2distance + log2elevation + (1 | ID),byDate,Date,1.21103168765484,1.08060003636201,1.34146333894766,1.13243158253107e-63,-0.148591862996729,-0.173528932582627,-0.123654793410831,1.43225772188758e-29,0.0288744450407726,0.0212527270822063,0.0364961629993389,2.37354576493102e-13,-0.191845417550241,-0.228738506954679,-0.154952328145803,2.99301587014086e-23,1308.24133020988,1337.27818883926,-648.120665104942,1297525001.96918,1297525001.96918,298578022.054013,46644371.6885319,9259802132.58078,2609490949.75628,12,30.2731151920834,151.907293145392,1519.07293145392,10,375146416.666667,376841000,648.120665104942,0,25,42,predicted_PM_latentDmoon_logPM_by_logAngleNDistanceNElevation,23,2,absElevation
combined_training,Perceptual,latentDmoon_logPM_by_logAngleNDistanceNElevation,combined_training_latentDmoon_absElevation_I24,log2ratio_visual_angle ~ 1 + log2real_visual_angle + log2distance + log2elevation + (1 | ID),byDate,Date,1.07889490838136,0.950076880416943,1.20771293634578,1.38658975532039e-53,-0.137429113139409,-0.163103609140483,-0.111754617138335,1.7287043356911e-24,0.0348397241461206,0.0273662215968461,0.042313226695395,3.46372998601309e-19,-0.167932323647348,-0.205286125887852,-0.130578521406845,5.31130275692127e-18,1385.68113945947,1414.81359225113,-686.840569729735,1108547489.52761,1108547489.52761,459461540.236443,24704234.4000771,4375418779.57734,1446477182.97291,12,30.0460234297291,151.907293145392,1519.07293145392,10,372297500,372385500,686.840569729735,0,25,42,predicted_PM_latentDmoon_logPM_by_logAngleNDistanceNElevation,24,2,absElevation
combined_training,Perceptual,latentDmoon_logPM_by_logAngleNDistanceNElevation,combined_training_latentDmoon_absElevation_I25,log2ratio_visual_angle ~ 1 + log2real_visual_angle + log2distance + log2elevation + (1 | ID),byDate,Date,1.15476085862903,1.02205330674974,1.28746841050832,2.58137978986228e-57,-0.123061934846045,-0.148080566000998,-0.0980433036910917,4.16408212668378e-21,0.0322710836937886,0.0240474896679667,0.0404946777196104,3.34395081667387e-14,-0.18668543290151,-0.222904912149715,-0.150465953653304,6.31966111684466e-23,1393.97640957133,1423.22160054405,-690.988204785667,1147865959.68789,1147865959.68789,417559125.546197,22828830.8090084,5080352617.60474,1667000095.34897,11,30.0963070373031,151.907293145392,1519.07293145392,10,372093818.181818,370233000,690.988204785667,0,25,41,predicted_PM_latentDmoon_logPM_by_logAngleNDistanceNElevation,25,2,absElevation
combined_training,Perceptual,latentDmoon_logPM_by_logAngleNDistanceNElevation,combined_training_latentDmoon_absElevation_I26,log2ratio_visual_angle ~ 1 + log2real_visual_angle + log2distance + log2elevation + (1 | ID),byDate,Date,1.25996569742429,1.13050185850102,1.38942953634756,3.6582882097638e-69,-0.12803533112499,-0.153435012386361,-0.102635649863619,4.89051528508884e-22,0.0280382112185085,0.0201665894755095,0.0359098329615076,5.14072790569695e-12,-0.208942337499175,-0.245973381646494,-0.171911293351857,6.69877546384151e-27,1429.175193077,1458.39551354778,-708.587596538498,733508777.343514,733508777.343514,446117748.462978,4484574.55691834,3281885333.05427,845652762.550313,13,29.4502389887388,151.907293145392,1519.07293145392,10,374768461.538462,374538000,708.587596538498,0,25,42,predicted_PM_latentDmoon_logPM_by_logAngleNDistanceNElevation,26,2,absElevation
combined_training,Perceptual,latentDmoon_logPM_by_logAngleNDistanceNElevation,combined_training_latentDmoon_absElevation_I27,log2ratio_visual_angle ~ 1 + log2real_visual_angle + log2distance + log2elevation + (1 | ID),byDate,Date,1.13494721456611,0.99855766916972,1.27133675996249,5.69671746942411e-53,-0.134052822742766,-0.159975552784554,-0.108130092700977,4.90586069551483e-23,0.0310660447929602,0.0231188011839158,0.0390132884020047,4.24067858619349e-14,-0.186214295025918,-0.223532177125485,-0.148896412926351,1.25270036692409e-21,1384.92311696835,1414.03022653331,-686.461558484174,1518672901.74352,1518672901.74352,282874094.028612,29855207.2217536,10234196603.3998,3046195626.70365,12,30.5001640234648,151.907293145392,1519.07293145392,10,373780500,372385500,686.461558484174,0,25,42,predicted_PM_latentDmoon_logPM_by_logAngleNDistanceNElevation,27,2,absElevation
combined_training,Perceptual,latentDmoon_logPM_by_logAngleNDistanceNElevation,combined_training_latentDmoon_absElevation_I28,log2ratio_visual_angle ~ 1 + log2real_visual_angle + log2distance + log2elevation + (1 | ID),byDate,Date,1.12854324580099,0.989965873732838,1.26712061786914,4.69351296663762e-51,-0.139022024046564,-0.163909880652094,-0.114134167441035,2.11136251585479e-26,0.0331666189022888,0.0244757574341004,0.0418574803704772,1.59023748877569e-13,-0.183678612262817,-0.22080210921085,-0.146555115314784,2.62148717948402e-21,1355.25960030572,1384.37305572004,-671.629800152862,1787707595.3836,1787707595.3836,466285042.757175,1601889.31243645,8693664755.03585,2776619013.89602,10,30.735463636823,151.907293145392,1519.07293145392,10,372983600,374688500,671.629800152862,0,25,40,predicted_PM_latentDmoon_logPM_by_logAngleNDistanceNElevation,28,2,absElevation
combined_training,Perceptual,latentDmoon_logPM_by_logAngleNDistanceNElevation,combined_training_latentDmoon_absElevation_I29,log2ratio_visual_angle ~ 1 + log2real_visual_angle + log2distance + log2elevation + (1 | ID),byDate,Date,1.18111137170567,1.04715680616839,1.31506593724294,1.93674697014957e-58,-0.127455806930182,-0.154451245054371,-0.100460368805992,1.28807314417241e-19,0.0293028774532808,0.0210532025105793,0.0375525523959824,5.93415651257615e-12,-0.194405648294932,-0.232269689627923,-0.156541606961941,9.61086004600661e-23,1431.69149736017,1460.78589505597,-709.845748680083,1091412739.51078,1091412739.51078,363519795.616393,7823978.30739215,4498454675.99826,1523678780.54049,12,30.0235496427598,151.907293145392,1519.07293145392,10,375146416.666667,376841000,709.845748680083,0,25,42,predicted_PM_latentDmoon_logPM_by_logAngleNDistanceNElevation,29,2,absElevation
combined_training,Perceptual,latentDmoon_logPM_by_logAngleNDistanceNElevation,combined_training_latentDmoon_absElevation_I30,log2ratio_visual_angle ~ 1 + log2real_visual_angle + log2distance + log2elevation + (1 | ID),byDate,Date,1.09191853119681,0.968803934598524,1.21503312779509,5.53070141119797e-59,-0.132134121824032,-0.157292485316915,-0.10697575833115,1.14479453983193e-23,0.0325428378852505,0.0249215666175123,0.0401641091529887,1.93060445948643e-16,-0.160390711385655,-0.196790398157978,-0.123991024613333,2.26505710785189e-17,1301.06422680428,1330.12672649831,-644.532113402139,1860054647.64814,1860054647.64814,429597066.88372,1465492.81678011,7241039340.93711,2637885202.22488,11,30.7926978617351,151.907293145392,1519.07293145392,10,371598000,370233000,644.532113402139,0,25,42,predicted_PM_latentDmoon_logPM_by_logAngleNDistanceNElevation,30,2,absElevation
combined_training,Perceptual,latentDmoon_logPM_by_logAngleNDistanceNElevation,combined_training_latentDmoon_absElevation_I31,log2ratio_visual_angle ~ 1 + log2real_visual_angle + log2distance + log2elevation + (1 | ID),byDate,Date,1.16571011800089,1.03567265401203,1.29574758198975,3.02351067767982e-60,-0.118693147596221,-0.144403093564381,-0.0929832016280602,7.18312080176389e-19,0.0344945866661765,0.0263529524802134,0.0426362208521396,3.13589195402252e-16,-0.199709681573085,-0.236784382234087,-0.162634980912082,8.83583785983917e-25,1412.47642181454,1441.69050851854,-700.23821090727,1009628494.67353,1009628494.67353,1033003617.42374,571164.86288529,2228475181.69497,801227914.09975,11,29.911177387074,151.907293145392,1519.07293145392,10,375563000,374538000,700.23821090727,0,25,41,predicted_PM_latentDmoon_logPM_by_logAngleNDistanceNElevation,31,2,absElevation
combined_training,Perceptual,latentDmoon_logPM_by_logAngleNDistanceNElevation,combined_training_latentDmoon_absElevation_I32,log2ratio_visual_angle ~ 1 + log2real_visual_angle + log2distance + log2elevation + (1 | ID),byDate,Date,1.18379933944784,1.05195844702641,1.31564023186926,2.06377094173445e-60,-0.130396438432317,-0.155311463485436,-0.105481413379199,1.5068137857311e-23,0.0305758747717857,0.0225562949127138,0.0385954546308577,1.6530702399866e-13,-0.198182700246183,-0.235163775136873,-0.161201625355493,1.48209103445213e-24,1403.46677606238,1432.68086276638,-695.733388031191,1061228698.96888,1061228698.96888,766764984.004642,721191.334661346,3267580065.10259,1081034957.17711,11,29.9830884502142,151.907293145392,1519.07293145392,10,375201727.272727,379144000,695.733388031191,0,25,41,predicted_PM_latentDmoon_logPM_by_logAngleNDistanceNElevation,32,2,absElevation
combined_training,Perceptual,latentDmoon_logPM_by_logAngleNDistanceNElevation,combined_training_latentDmoon_absElevation_I33,log2ratio_visual_angle ~ 1 + log2real_visual_angle + log2distance + log2elevation + (1 | ID),byDate,Date,1.23417060189901,1.10680963773091,1.36153156606711,1.47188387000142e-68,-0.122697547267391,-0.14848220994918,-0.0969128845856027,6.76002043816526e-20,0.0309928327789605,0.023755963428582,0.0382297021293391,1.55988824689438e-16,-0.210056061352702,-0.248276878489076,-0.171835244216327,1.15945123314393e-25,1425.32273656997,1454.47412677871,-706.661368284983,711091762.401052,711091762.401052,367715985.476734,6476506.4043442,2585298268.17868,706789674.782494,13,29.405460502655,151.907293145392,1519.07293145392,10,374768461.538462,374538000,706.661368284983,0,25,42,predicted_PM_latentDmoon_logPM_by_logAngleNDistanceNElevation,33,2,absElevation
combined_training,Perceptual,latentDmoon_logPM_by_logAngleNDistanceNElevation,combined_training_latentDmoon_absElevation_I34,log2ratio_visual_angle ~ 1 + log2real_visual_angle + log2distance + log2elevation + (1 | ID),byDate,Date,1.10389287870899,0.971855792852834,1.23592996456515,1.87708162895455e-53,-0.126387022453256,-0.152476152858861,-0.100297892047652,1.55118306526189e-20,0.0295516999601484,0.0214146529027334,0.0376887470175633,2.0254157748724e-12,-0.181204212875959,-0.219462733357947,-0.142945692393972,9.81721853574872e-20,1431.82418265502,1460.98816468371,-709.912091327511,732948623.388992,732948623.388992,443284083.934122,6299091.34835613,2546456587.91172,712119599.89097,13,29.449136834157,151.907293145392,1519.07293145392,10,374768461.538462,374538000,709.912091327511,0,25,42,predicted_PM_latentDmoon_logPM_by_logAngleNDistanceNElevation,34,2,absElevation
combined_training,Perceptual,latentDmoon_logPM_by_logAngleNDistanceNElevation,combined_training_latentDmoon_absElevation_I35,log2ratio_visual_angle ~ 1 + log2real_visual_angle + log2distance + log2elevation + (1 | ID),byDate,Date,1.0999070368772,0.968625067055386,1.23118900669902,1.2535889132188e-53,-0.125695628878872,-0.151518419877953,-0.0998728378797913,1.04583506755777e-20,0.0344407570677273,0.0264731962964216,0.042408317839033,8.36204816984198e-17,-0.17470254959722,-0.21189312441864,-0.137511974775799,1.8981308656279e-19,1384.01377575907,1413.15886013435,-686.006887879537,1406502397.18844,1406502397.18844,538618452.58194,2817373.47928628,10695378751.1376,2948587089.17102,12,30.3894648655148,151.907293145392,1519.07293145392,10,372297500,372385500,686.006887879537,0,25,42,predicted_PM_latentDmoon_logPM_by_logAngleNDistanceNElevation,35,2,absElevation
combined_training,Perceptual,latentDmoon_logPM_by_logAngleNDistanceNElevation,combined_training_latentDmoon_absElevation_I36,log2ratio_visual_angle ~ 1 + log2real_visual_angle + log2distance + log2elevation + (1 | ID),byDate,Date,1.25254381106148,1.12605208924035,1.3790355328826,4.61099487063417e-71,-0.114110243596679,-0.139670106768382,-0.0885503804249762,8.76649263580501e-18,0.0308696373061705,0.023610349987051,0.0381289246252899,2.49207322908797e-16,-0.212043353027096,-0.250020880386151,-0.174065825668041,2.1732514508284e-26,1399.60660551055,1428.75799571929,-693.803302755273,962776308.383743,962776308.383743,393607025.670456,21229269.0196764,3555664139.02708,1150842697.53921,13,29.8426254000827,151.907293145392,1519.07293145392,10,374768461.538462,374538000,693.803302755273,0,25,43,predicted_PM_latentDmoon_logPM_by_logAngleNDistanceNElevation,36,2,absElevation
combined_training,Perceptual,latentDmoon_logPM_by_logAngleNDistanceNElevation,combined_training_latentDmoon_absElevation_I37,log2ratio_visual_angle ~ 1 + log2real_visual_angle + log2distance + log2elevation + (1 | ID),byDate,Date,1.12996041643203,1.00068822589139,1.25923260697268,1.09743748932225e-57,-0.136037073043553,-0.161728656240467,-0.110345489846639,4.93556926945347e-24,0.0329310718595671,0.0249375870846522,0.0409245566344821,1.8797959419151e-15,-0.169417270314911,-0.206519129956159,-0.132315410673662,1.66093184781856e-18,1403.22396835515,1432.40678870387,-695.611984177577,2396551715.23136,2396551715.23136,625670164.023424,419470.890348946,15631212438.1572,4616125896.35849,11,31.1583129262205,151.907293145392,1519.07293145392,10,371598000,370233000,695.611984177577,0,25,42,predicted_PM_latentDmoon_logPM_by_logAngleNDistanceNElevation,37,2,absElevation
combined_training,Perceptual,latentDmoon_logPM_by_logAngleNDistanceNElevation,combined_training_latentDmoon_absElevation_I38,log2ratio_visual_angle ~ 1 + log2real_visual_angle + log2distance + log2elevation + (1 | ID),byDate,Date,1.21269180567869,1.08860189949123,1.33678171186614,1.50136067220261e-69,-0.127167354898862,-0.152720945844917,-0.101613763952807,1.55666821127098e-21,0.0296725732225492,0.0220699787943032,0.0372751676507952,4.59352855988417e-14,-0.20099932893862,-0.238003768899435,-0.163994888977805,3.87680637423571e-25,1380.07029554014,1409.23427756883,-684.035147770069,1686196874.97412,1686196874.97412,642712072.210666,2451469.55847686,6142290153.33931,2166400833.66835,10,30.6511258445764,151.907293145392,1519.07293145392,10,375432800,376841000,684.035147770069,0,25,40,predicted_PM_latentDmoon_logPM_by_logAngleNDistanceNElevation,38,2,absElevation
combined_training,Perceptual,latentDmoon_logPM_by_logAngleNDistanceNElevation,combined_training_latentDmoon_absElevation_I39,log2ratio_visual_angle ~ 1 + log2real_visual_angle + log2distance + log2elevation + (1 | ID),byDate,Date,1.19506945234712,1.05743671233172,1.33270219236252,7.73214534218756e-57,-0.11503329124847,-0.140006070806867,-0.090060511690073,8.98402734216914e-19,0.0332957473228846,0.0248522582491941,0.0417392363965751,2.61922722189921e-14,-0.205232258747921,-0.242086089784584,-0.168378427711257,3.10802307325672e-26,1308.40997726599,1337.41462969888,-648.204988632997,1366385138.94633,1366385138.94633,326093790.404462,1601889.31243645,8693664755.03602,2635680066.69568,10,30.3477170431286,151.907293145392,1519.07293145392,10,373414100,376841000,648.204988632997,0,25,40,predicted_PM_latentDmoon_logPM_by_logAngleNDistanceNElevation,39,2,absElevation
combined_training,Perceptual,latentDmoon_logPM_by_logAngleNDistanceNElevation,combined_training_latentDmoon_absElevation_I40,log2ratio_visual_angle ~ 1 + log2real_visual_angle + log2distance + log2elevation + (1 | ID),byDate,Date,1.17781558893675,1.0421954666597,1.3134357112138,5.41100105538842e-57,-0.132038908001456,-0.157396613496795,-0.106681202506116,2.53961419309323e-23,0.0339359280547051,0.0257406283996494,0.0421312277097609,1.37866482186857e-15,-0.202802249225055,-0.240192710179911,-0.1654117882702,4.57681317349176e-25,1393.09895165348,1422.22507866701,-690.54947582674,1250041417.9421,1250041417.9421,514292469.834697,20148687.3576402,7067864286.10134,1972916144.33157,12,30.2193287508494,151.907293145392,1519.07293145392,10,372297500,372385500,690.54947582674,0,25,42,predicted_PM_latentDmoon_logPM_by_logAngleNDistanceNElevation,40,2,absElevation
combined_training,Perceptual,latentDmoon_logPM_by_logAngleNDistanceNElevation,combined_training_latentDmoon_absElevation_I41,log2ratio_visual_angle ~ 1 + log2real_visual_angle + log2distance + log2elevation + (1 | ID),byDate,Date,1.32543924187407,1.19923622118631,1.45164226256183,2.5644376094228e-78,-0.135297567771939,-0.161174142815179,-0.109420992728699,1.68356479636083e-23,0.0274577866021115,0.0198366230354992,0.0350789501687238,2.98911611791793e-12,-0.223483844463449,-0.260825156029349,-0.186142532897549,7.69539267295423e-30,1415.48428266789,1444.65455071077,-701.742141333945,2936455184.92713,2936455184.92713,1403362097.17267,42125.7129195126,13544549840.6284,4298503742.17328,10,31.4514284741214,151.907293145392,1519.07293145392,10,372677300,372385500,701.742141333945,0,25,41,predicted_PM_latentDmoon_logPM_by_logAngleNDistanceNElevation,41,2,absElevation
combined_training,Perceptual,latentDmoon_logPM_by_logAngleNDistanceNElevation,combined_training_latentDmoon_absElevation_I42,log2ratio_visual_angle ~ 1 + log2real_visual_angle + log2distance + log2elevation + (1 | ID),byDate,Date,1.15434382987627,1.0176843895289,1.29100327022364,2.85694675911935e-54,-0.135771536088813,-0.161337110602101,-0.110205961575525,3.93545886641522e-24,0.0350418988343305,0.0263396082833586,0.0437441893853025,7.69934646688423e-15,-0.194631891881673,-0.231615782040524,-0.157648001722823,9.54375363650655e-24,1343.41135853642,1372.4482171658,-665.705679268211,1161280711.61806,1161280711.61806,276585486.554611,22806302.4694907,6322903135.53732,1902156368.12368,11,30.1130696050942,151.907293145392,1519.07293145392,10,372485181.818182,374538000,665.705679268211,0,25,42,predicted_PM_latentDmoon_logPM_by_logAngleNDistanceNElevation,42,2,absElevation
combined_training,Perceptual,latentDmoon_logPM_by_logAngleNDistanceNElevation,combined_training_latentDmoon_absElevation_I43,log2ratio_visual_angle ~ 1 + log2real_visual_angle + log2distance + log2elevation + (1 | ID),byDate,Date,1.25353086684932,1.12058450235315,1.38647723134549,1.61048269121457e-65,-0.119299736761552,-0.145510797526624,-0.0930886759964802,2.1256766851947e-18,0.0245254735801589,0.0165081011815109,0.0325428459788068,2.74933112368839e-09,-0.202438520078685,-0.239739355126577,-0.165137685030793,4.22600013096692e-25,1426.55135633241,1455.7153383611,-707.275678166205,967534323.141596,967534323.141596,420350392.41237,6394158.24989927,3518232984.75659,1166747921.60623,12,29.8497376006638,151.907293145392,1519.07293145392,10,373062833.333333,372385500,707.275678166205,0,25,42,predicted_PM_latentDmoon_logPM_by_logAngleNDistanceNElevation,43,2,absElevation
combined_training,Perceptual,latentDmoon_logPM_by_logAngleNDistanceNElevation,combined_training_latentDmoon_absElevation_I44,log2ratio_visual_angle ~ 1 + log2real_visual_angle + log2distance + log2elevation + (1 | ID),byDate,Date,1.19342506399209,1.0687193598851,1.31813076809909,3.80581227442239e-67,-0.1291467969388,-0.153834088343196,-0.104459505534405,1.61394233773967e-23,0.0337512319824581,0.0265744524019311,0.0409280115629852,1.73216875233929e-19,-0.210953979279356,-0.246583984058103,-0.175323974500609,2.84932038041216e-29,1334.38513333281,1363.53652354156,-661.192566666407,1717146527.07782,1717146527.07782,371379733.079085,20385738.5525201,10213436593.2872,3111138805.92691,12,30.6773660062378,151.907293145392,1519.07293145392,10,375146416.666667,376841000,661.192566666407,0,25,42,predicted_PM_latentDmoon_logPM_by_logAngleNDistanceNElevation,44,2,absElevation
combined_training,Perceptual,latentDmoon_logPM_by_logAngleNDistanceNElevation,combined_training_latentDmoon_absElevation_I45,log2ratio_visual_angle ~ 1 + log2real_visual_angle + log2distance + log2elevation + (1 | ID),byDate,Date,1.09762575938299,0.967959927742189,1.22729159102379,1.5756528596057e-54,-0.122705689532024,-0.148076593637238,-0.097334785426809,1.81738653258239e-20,0.0350708560120895,0.0269611540515381,0.0431805579726408,8.19496454832101e-17,-0.176897318183733,-0.213625421242643,-0.140169215124822,2.56421452180399e-20,1342.15982874791,1371.25422644371,-665.079914373955,1030930531.59385,1030930531.59385,471300385.091733,1651052.07952373,4530502636.17696,1333876140.55175,12,29.9412999751485,151.907293145392,1519.07293145392,10,375146416.666667,376841000,665.079914373955,0,25,43,predicted_PM_latentDmoon_logPM_by_logAngleNDistanceNElevation,45,2,absElevation
combined_training,Perceptual,latentDmoon_logPM_by_logAngleNDistanceNElevation,combined_training_latentDmoon_absElevation_I46,log2ratio_visual_angle ~ 1 + log2real_visual_angle + log2distance + log2elevation + (1 | ID),byDate,Date,1.22393469148771,1.0948774577863,1.35299192518912,5.38252002358112e-66,-0.134516787969927,-0.16101791144538,-0.108015664494474,2.77981414996871e-22,0.0297345690061021,0.0221377186052177,0.0373314194069864,3.9715606053509e-14,-0.197346339157792,-0.235643406682986,-0.159049271632598,6.9590010726054e-23,1405.27687778918,1434.33297748261,-696.638438894588,730740591.841952,730740591.841952,455014352.361645,60829336.9082942,2188698411.35018,763876925.028549,13,29.444784108802,151.907293145392,1519.07293145392,10,374768461.538462,374538000,696.638438894588,0,25,42,predicted_PM_latentDmoon_logPM_by_logAngleNDistanceNElevation,46,2,absElevation
combined_training,Perceptual,latentDmoon_logPM_by_logAngleNDistanceNElevation,combined_training_latentDmoon_absElevation_I47,log2ratio_visual_angle ~ 1 + log2real_visual_angle + log2distance + log2elevation + (1 | ID),byDate,Date,1.07876478111434,0.949164567246264,1.20836499498242,5.43766933111886e-53,-0.135737259304568,-0.162247623582862,-0.109226895026273,1.23679427825794e-22,0.0347817556985691,0.026955389141865,0.0426081222552732,1.22781195659888e-17,-0.170441851877348,-0.20810269580287,-0.132781007951827,3.2885623573788e-18,1422.51295562429,1451.61371262117,-705.256477812147,1001654916.30909,1001654916.30909,512036357.000117,1069653.93488585,3477654227.09794,1119218082.64093,12,29.8997384201263,151.907293145392,1519.07293145392,10,375146416.666667,376841000,705.256477812147,0,25,43,predicted_PM_latentDmoon_logPM_by_logAngleNDistanceNElevation,47,2,absElevation
combined_training,Perceptual,latentDmoon_logPM_by_logAngleNDistanceNElevation,combined_training_latentDmoon_absElevation_I48,log2ratio_visual_angle ~ 1 + log2real_visual_angle + log2distance + log2elevation + (1 | ID),byDate,Date,1.15616239427082,1.02401770564623,1.28830708289541,9.95253736603999e-58,-0.124082993644544,-0.149296891870536,-0.0988690954185519,4.13391869332471e-21,0.0328229027234222,0.0246739652507105,0.0409718401961338,7.45542342626163e-15,-0.194451441238272,-0.231768024252412,-0.157134858224133,2.35715667458053e-23,1377.91910014817,1407.05787205574,-682.959550074086,1481040182.26351,1481040182.26351,329719538.967196,3914269.68409916,8984798690.60247,2643434389.04491,11,30.4639636370613,151.907293145392,1519.07293145392,10,374705909.090909,374538000,682.959550074086,0,25,41,predicted_PM_latentDmoon_logPM_by_logAngleNDistanceNElevation,48,2,absElevation
combined_training,Perceptual,latentDmoon_logPM_by_logAngleNDistanceNElevation,combined_training_latentDmoon_absElevation_I49,log2ratio_visual_angle ~ 1 + log2real_visual_angle + log2distance + log2elevation + (1 | ID),byDate,Date,1.15140407634626,1.01501736997576,1.28779078271677,2.8909364662455e-54,-0.118202442753404,-0.145043248856347,-0.0913616366504612,2.34883672192963e-17,0.0340837405548293,0.0254131985914691,0.0427542825181895,3.09999004682145e-14,-0.19464353384457,-0.231742565497084,-0.157544502192056,1.25599338430464e-23,1397.32368441704,1426.40534325455,-692.661842208519,917503548.244794,917503548.244794,494162895.251604,1609572.06409368,5680460763.12403,1518476048.00653,12,29.7731384963738,151.907293145392,1519.07293145392,10,372297500,372385500,692.661842208519,0,25,41,predicted_PM_latentDmoon_logPM_by_logAngleNDistanceNElevation,49,2,absElevation
combined_training,Perceptual,latentDmoon_logPM_by_logAngleNDistanceNElevation,combined_training_latentDmoon_absElevation_I50,log2ratio_visual_angle ~ 1 + log2real_visual_angle + log2distance + log2elevation + (1 | ID),byDate,Date,1.12362949047444,0.986822943617988,1.26043603733088,8.70547409504994e-52,-0.136078876536866,-0.161872733338742,-0.110285019734991,7.32933375182581e-24,0.0357547918313727,0.0272748349854219,0.0442347486773234,4.38876118342208e-16,-0.181963449945249,-0.21967780766042,-0.144249092230079,2.22133781742963e-20,1394.02602198901,1423.12041968481,-691.013010994506,1278835532.33637,1278835532.33637,374590219.386674,11153568.1032437,6052009400.87963,2051835213.35325,11,30.2521835889331,151.907293145392,1519.07293145392,10,375345636.363636,374538000,691.013010994506,0,25,41,predicted_PM_latentDmoon_logPM_by_logAngleNDistanceNElevation,50,2,absElevation
combined_training,Perceptual,latentDmoon_logPM_by_logAngleNDistanceNElevation,combined_training_latentDmoon_absElevation_I51,log2ratio_visual_angle ~ 1 + log2real_visual_angle + log2distance + log2elevation + (1 | ID),byDate,Date,1.20705280670445,1.08429886437717,1.32980674903173,5.39239631524641e-70,-0.12776722211654,-0.154990769003746,-0.100543675229334,2.11858633144934e-19,0.026162459708137,0.0182834758435218,0.0340414435727522,1.17959921258489e-10,-0.177253587949903,-0.214837505340731,-0.139669670559076,1.44147995949603e-19,1368.86162416527,1397.86627659815,-678.430812082633,1669215405.66171,1669215405.66171,441622904.388679,1245417.6592966,13840022442.9851,3881554018.54249,12,30.6365229948028,151.907293145392,1519.07293145392,10,375146416.666667,376841000,678.430812082633,0,25,42,predicted_PM_latentDmoon_logPM_by_logAngleNDistanceNElevation,51,2,absElevation
combined_training,Perceptual,latentDmoon_logPM_by_logAngleNDistanceNElevation,combined_training_latentDmoon_absElevation_I52,log2ratio_visual_angle ~ 1 + log2real_visual_angle + log2distance + log2elevation + (1 | ID),byDate,Date,1.17235410197157,1.04755930683858,1.29714889710456,4.06236295414277e-65,-0.124500437254815,-0.151155012218784,-0.0978458622908463,2.9494833784808e-19,0.0297016567895665,0.0219502989603374,0.0374530146187957,1.26871965988221e-13,-0.176125975150297,-0.213727066825789,-0.138524883474805,2.36553053669199e-19,1430.82761847209,1459.99160050078,-709.413809236045,1369940710.61886,1369940710.61886,605244295.89039,5807798.64523995,6028807828.45018,1921808092.53389,11,30.3514663104224,151.907293145392,1519.07293145392,10,372485181.818182,374538000,709.413809236045,0,25,41,predicted_PM_latentDmoon_logPM_by_logAngleNDistanceNElevation,52,2,absElevation
combined_training,Perceptual,latentDmoon_logPM_by_logAngleNDistanceNElevation,combined_training_latentDmoon_absElevation_I53,log2ratio_visual_angle ~ 1 + log2real_visual_angle + log2distance + log2elevation + (1 | ID),byDate,Date,1.17837970184811,1.04563297852938,1.31112642516683,3.35252636721422e-59,-0.131876118763866,-0.157665911185825,-0.106086326341907,1.35761970243833e-22,0.0324299781728301,0.0242450790501549,0.0406148772955052,1.94661444120389e-14,-0.193802068349412,-0.231716666101605,-0.155887470597219,1.40626919832736e-22,1430.35810545996,1459.52837350284,-709.17905272998,4409291176.35906,4409291176.35906,516983024.029045,7296889.98712578,30045791756.5099,9322780158.23214,10,32.0378996053374,151.907293145392,1519.07293145392,10,372677300,372385500,709.17905272998,0,25,41,predicted_PM_latentDmoon_logPM_by_logAngleNDistanceNElevation,53,2,absElevation
combined_training,Perceptual,latentDmoon_logPM_by_logAngleNDistanceNElevation,combined_training_latentDmoon_absElevation_I54,log2ratio_visual_angle ~ 1 + log2real_visual_angle + log2distance + log2elevation + (1 | ID),byDate,Date,1.14546801149277,1.01839724038379,1.27253878260174,1.13394043589149e-60,-0.120443816337957,-0.145203805649778,-0.0956838270261374,1.12024260611326e-20,0.0357406275435158,0.0282728068925371,0.0432084481944946,4.30533350739356e-20,-0.206808813291114,-0.242269178043257,-0.17134844853897,1.72807264467511e-28,1314.24993036081,1343.35068735768,-651.124965180404,772288134.905224,772288134.905224,281418258.5289,54443087.3312621,5063024985.80355,1401208927.81077,12,29.5245639657162,151.907293145392,1519.07293145392,10,372297500,372385500,651.124965180404,0,25,41,predicted_PM_latentDmoon_logPM_by_logAngleNDistanceNElevation,54,2,absElevation
combined_training,Perceptual,latentDmoon_logPM_by_logAngleNDistanceNElevation,combined_training_latentDmoon_absElevation_I55,log2ratio_visual_angle ~ 1 + log2real_visual_angle + log2distance + log2elevation + (1 | ID),byDate,Date,1.11016038579991,0.977886168989378,1.24243460261044,1.03201809713331e-53,-0.136392351197761,-0.162536464964548,-0.110248237430975,2.17108644640013e-23,0.0307355550749878,0.0231572464476616,0.038313863702314,4.98811393521749e-15,-0.173904979806921,-0.211815731882482,-0.13599422773136,1.21104975276516e-18,1386.20145036824,1415.27034324349,-687.100725184121,2584972776.81722,2584972776.81722,259765780.555158,52720330.8720007,24136526512.4788,7162964543.54682,11,31.2675019411193,151.907293145392,1519.07293145392,10,376232818.181818,379144000,687.100725184121,0,25,41,predicted_PM_latentDmoon_logPM_by_logAngleNDistanceNElevation,55,2,absElevation
combined_training,Perceptual,latentDmoon_logPM_by_logAngleNDistanceNElevation,combined_training_latentDmoon_absElevation_I56,log2ratio_visual_angle ~ 1 + log2real_visual_angle + log2distance + log2elevation + (1 | ID),byDate,Date,1.17129408946401,1.04120133399489,1.30138684493313,1.27678813595408e-60,-0.122085128516361,-0.147499393700954,-0.096670863331767,3.12108497175604e-20,0.0332395220790578,0.0250217850815705,0.0414572590765451,5.78196426288607e-15,-0.197653808626391,-0.234589776266237,-0.160717840986545,1.75730706637736e-24,1385.90580283993,1415.06349226186,-686.952901419966,832286916.87797,832286916.87797,359105504.157666,61935909.2504675,3630996261.64289,1112379452.47112,12,29.6325057179947,151.907293145392,1519.07293145392,10,372297500,372385500,686.952901419966,0,25,42,predicted_PM_latentDmoon_logPM_by_logAngleNDistanceNElevation,56,2,absElevation
combined_training,Perceptual,latentDmoon_logPM_by_logAngleNDistanceNElevation,combined_training_latentDmoon_absElevation_I57,log2ratio_visual_angle ~ 1 + log2real_visual_angle + log2distance + log2elevation + (1 | ID),byDate,Date,1.14137576812271,1.01481417215416,1.26793736409126,6.25866138481159e-61,-0.123399008778396,-0.14860261893869,-0.0981953986181009,6.13849644049732e-21,0.038551234886543,0.0311243692990797,0.0459781004740062,3.2247205936515e-23,-0.193422682457612,-0.23031899752932,-0.156526367385904,1.25580015782746e-23,1434.35224066969,1463.62219947944,-711.176120334844,892990839.262914,892990839.262914,396202772.280506,50898773.8251818,4166941076.8537,1269779000.1867,13,29.7340701346495,151.907293145392,1519.07293145392,10,374768461.538462,374538000,711.176120334844,0,25,43,predicted_PM_latentDmoon_logPM_by_logAngleNDistanceNElevation,57,2,absElevation
combined_training,Perceptual,latentDmoon_logPM_by_logAngleNDistanceNElevation,combined_training_latentDmoon_absElevation_I58,log2ratio_visual_angle ~ 1 + log2real_visual_angle + log2distance + log2elevation + (1 | ID),byDate,Date,1.22805175197592,1.09926668581425,1.35683681813759,1.14365956699965e-66,-0.136001081787422,-0.16225016145677,-0.109752002118073,4.10789906387391e-23,0.0248777555891499,0.0170826351094953,0.0326728760688045,5.73135539207129e-10,-0.175570434646585,-0.212697090757693,-0.138443778535478,1.13157274097499e-19,1397.51696396513,1426.61772096201,-692.758481982567,1819165537.67425,1819165537.67425,516301700.092858,1531193.19394442,12126259839.4768,3517665117.24357,11,30.7606296831304,151.907293145392,1519.07293145392,10,376450181.818182,379144000,692.758481982567,0,25,42,predicted_PM_latentDmoon_logPM_by_logAngleNDistanceNElevation,58,2,absElevation
combined_training,Perceptual,latentDmoon_logPM_by_logAngleNDistanceNElevation,combined_training_latentDmoon_absElevation_I59,log2ratio_visual_angle ~ 1 + log2real_visual_angle + log2distance + log2elevation + (1 | ID),byDate,Date,1.24362010119804,1.11170071029882,1.37553949209726,1.79774252360649e-65,-0.128694275810563,-0.154409825465299,-0.102978726155826,9.55754045270007e-22,0.0290886872065158,0.0212337340246005,0.0369436403884311,7.65364289236302e-13,-0.208569057450714,-0.246898959471214,-0.170239155430215,3.26078686970414e-25,1427.53149601103,1456.67658038631,-707.765748005517,3413883209.83555,3413883209.83555,1063019739.94928,98780.0141432595,17033747535.996,5334916055.67817,10,31.6687665580833,151.907293145392,1519.07293145392,10,370640800,366714500,707.765748005517,0,25,41,predicted_PM_latentDmoon_logPM_by_logAngleNDistanceNElevation,59,2,absElevation
combined_training,Perceptual,latentDmoon_logPM_by_logAngleNDistanceNElevation,combined_training_latentDmoon_absElevation_I60,log2ratio_visual_angle ~ 1 + log2real_visual_angle + log2distance + log2elevation + (1 | ID),byDate,Date,1.13534484124658,1.00619975348662,1.26448992900654,3.14523761935533e-58,-0.119132102176918,-0.145691120403156,-0.0925730839506795,6.21538840757451e-18,0.031967053001747,0.0241791138340339,0.0397549921694601,2.36472916131964e-15,-0.188205429259291,-0.226173802482098,-0.150237056036483,2.19640198175988e-21,1449.78159505533,1478.94557708402,-718.890797527667,853797499.024117,853797499.024117,366496037.923858,43306815.4752058,5058269102.66232,1396180890.01803,13,29.6693186956938,151.907293145392,1519.07293145392,10,374768461.538462,374538000,718.890797527667,0,25,43,predicted_PM_latentDmoon_logPM_by_logAngleNDistanceNElevation,60,2,absElevation
combined_training,Perceptual,latentDmoon_logPM_by_logAngleNDistanceNElevation,combined_training_latentDmoon_absElevation_I61,log2ratio_visual_angle ~ 1 + log2real_visual_angle + log2distance + log2elevation + (1 | ID),byDate,Date,1.12182712214854,0.990104810326936,1.25354943397015,3.66336590854293e-55,-0.110206414951206,-0.135804375382381,-0.0846084545200311,1.09431526507537e-16,0.0347704348275644,0.0268183685424498,0.042722501112679,3.80058368747199e-17,-0.197966657786936,-0.235168642890131,-0.160764672683741,3.0609189814472e-24,1407.00727105458,1436.1649604765,-697.503635527289,1052255841.63399,1052255841.63399,544230298.925784,12446926.3316839,3617267545.62319,1189932261.20465,12,29.9708383728579,151.907293145392,1519.07293145392,10,375146416.666667,376841000,697.503635527289,0,25,42,predicted_PM_latentDmoon_logPM_by_logAngleNDistanceNElevation,61,2,absElevation
combined_training,Perceptual,latentDmoon_logPM_by_logAngleNDistanceNElevation,combined_training_latentDmoon_absElevation_I62,log2ratio_visual_angle ~ 1 + log2real_visual_angle + log2distance + log2elevation + (1 | ID),byDate,Date,1.18775983210128,1.05516741180865,1.3203522523939,5.31798141584174e-60,-0.131969845644896,-0.157022330324406,-0.106917360965386,8.54475738957416e-24,0.0320844239780707,0.0242578570734705,0.0399109908826709,2.59617164904229e-15,-0.192865141568855,-0.230330778162492,-0.155399504975218,7.59350258852532e-23,1343.83248664137,1372.90776589296,-665.916243320687,1820116169.5306,1820116169.5306,390991584.57376,4971351.78292838,12480554602.3009,3579280130.68636,12,30.7613833878482,151.907293145392,1519.07293145392,10,375146416.666667,376841000,665.916243320687,0,25,43,predicted_PM_latentDmoon_logPM_by_logAngleNDistanceNElevation,62,2,absElevation
combined_training,Perceptual,latentDmoon_logPM_by_logAngleNDistanceNElevation,combined_training_latentDmoon_absElevation_I63,log2ratio_visual_angle ~ 1 + log2real_visual_angle + log2distance + log2elevation + (1 | ID),byDate,Date,1.12564139595025,0.992050252225693,1.25923253967481,3.53870291991498e-54,-0.128223972554444,-0.154149748192024,-0.102298196916864,2.66197127970585e-21,0.035162362915615,0.0267719390337761,0.0435527867974539,6.40992303822399e-16,-0.175485078391722,-0.212686439571451,-0.138283717211994,1.35384108043716e-19,1423.25248128734,1452.42274933023,-705.626240643671,11159858110.9387,11159858110.9387,3192009043.08214,6269.16704788293,49583531291.5735,17221900567.1767,9,33.3775996333932,151.907293145392,1519.07293145392,10,373923444.444444,379144000,705.626240643671,0,25,41,predicted_PM_latentDmoon_logPM_by_logAngleNDistanceNElevation,63,2,absElevation
combined_training,Perceptual,latentDmoon_logPM_by_logAngleNDistanceNElevation,combined_training_latentDmoon_absElevation_I64,log2ratio_visual_angle ~ 1 + log2real_visual_angle + log2distance + log2elevation + (1 | ID),byDate,Date,1.21331912103545,1.08215164423071,1.34448659784019,1.74060485955662e-63,-0.118292681288163,-0.144633918272048,-0.0919514443042775,5.67933585211311e-18,0.0294291985251589,0.0215513227179317,0.037307074332386,4.86594293805419e-13,-0.19544823564395,-0.233180831424924,-0.157715639862977,4.06411074771573e-23,1451.54085260198,1480.72993926981,-719.77042630099,3001704629.23985,3001704629.23985,360591875.84174,3472797.12157841,23842952595.4777,6989247327.03655,11,31.4831348752833,151.907293145392,1519.07293145392,10,376232818.181818,379144000,719.77042630099,0,25,42,predicted_PM_latentDmoon_logPM_by_logAngleNDistanceNElevation,64,2,absElevation
combined_training,Perceptual,latentDmoon_logPM_by_logAngleNDistanceNElevation,combined_training_latentDmoon_absElevation_I65,log2ratio_visual_angle ~ 1 + log2real_visual_angle + log2distance + log2elevation + (1 | ID),byDate,Date,1.2472876079877,1.11930237621256,1.37527283976284,2.54134074364486e-69,-0.13092429014748,-0.156228399081636,-0.105620181213324,4.45975691676256e-23,0.0255716869336739,0.0180413818079672,0.0331019920593806,4.48374207662851e-11,-0.203053296322682,-0.239895777624648,-0.166210815020717,8.33377817854596e-26,1406.85894008305,1436.07926055384,-697.429470041525,1139166149.72763,1139166149.72763,355142926.875603,12192581.1963073,5975568147.93678,1726760620.48505,12,30.08533103642,151.907293145392,1519.07293145392,10,374787666.666667,374688500,697.429470041525,0,25,42,predicted_PM_latentDmoon_logPM_by_logAngleNDistanceNElevation,65,2,absElevation
combined_training,Perceptual,latentDmoon_logPM_by_logAngleNDistanceNElevation,combined_training_latentDmoon_absElevation_I66,log2ratio_visual_angle ~ 1 + log2real_visual_angle + log2distance + log2elevation + (1 | ID),byDate,Date,1.20140386247365,1.07090459047046,1.33190313447685,6.66313286085968e-63,-0.121334519139121,-0.147348463797129,-0.0953205744811118,3.32528550785028e-19,0.0298549181882434,0.0215598325055616,0.0381500038709251,3.15392399453793e-12,-0.200108431204443,-0.236614184561638,-0.163602677847247,1.53545433275285e-25,1391.91558123402,1421.04803402568,-689.957790617012,773563493.980233,773563493.980233,450049396.749003,5057008.71612088,2654924037.13468,773535235.677674,12,29.5269444718346,151.907293145392,1519.07293145392,10,372297500,372385500,689.957790617012,0,25,41,predicted_PM_latentDmoon_logPM_by_logAngleNDistanceNElevation,66,2,absElevation
combined_training,Perceptual,latentDmoon_logPM_by_logAngleNDistanceNElevation,combined_training_latentDmoon_absElevation_I67,log2ratio_visual_angle ~ 1 + log2real_visual_angle + log2distance + log2elevation + (1 | ID),byDate,Date,1.21387800657139,1.08197697371165,1.34577903943113,6.84669748879168e-63,-0.129031632235403,-0.154361608903377,-0.10370165556743,1.93938858621618e-22,0.0326934120273308,0.0246313605090619,0.0407554635455998,4.96154585602083e-15,-0.195520982044525,-0.232087871588175,-0.158954092500876,1.90974382913082e-24,1371.04643570871,1400.19782591746,-679.523217854357,790822334.294315,790822334.294315,271367735.182738,39913116.7951476,2600765938.38841,876201351.148798,12,29.558778375134,151.907293145392,1519.07293145392,10,374333166.666667,372385500,679.523217854357,0,25,42,predicted_PM_latentDmoon_logPM_by_logAngleNDistanceNElevation,67,2,absElevation
combined_training,Perceptual,latentDmoon_logPM_by_logAngleNDistanceNElevation,combined_training_latentDmoon_absElevation_I68,log2ratio_visual_angle ~ 1 + log2real_visual_angle + log2distance + log2elevation + (1 | ID),byDate,Date,1.19841390005645,1.06895585466523,1.32787194544766,1.6953854989596e-63,-0.126495921954387,-0.152603157123026,-0.100388686785749,1.54160360569837e-20,0.0209264256167721,0.0129535367804809,0.0288993144530633,3.15444386932429e-07,-0.186205973914208,-0.223535178547186,-0.14887676928123,1.2775155210218e-21,1391.96927394907,1421.10804585664,-689.984636974534,897914854.549901,897914854.549901,324706965.249905,48876812.3705381,3325426023.51877,1159389764.68034,12,29.742003405911,151.907293145392,1519.07293145392,10,375732833.333333,376841000,689.984636974534,0,25,42,predicted_PM_latentDmoon_logPM_by_logAngleNDistanceNElevation,68,2,absElevation
combined_training,Perceptual,latentDmoon_logPM_by_logAngleNDistanceNElevation,combined_training_latentDmoon_absElevation_I69,log2ratio_visual_angle ~ 1 + log2real_visual_angle + log2distance + log2elevation + (1 | ID),byDate,Date,1.1329558617876,1.00138567758236,1.26452604599285,2.86392047542348e-56,-0.139164231692761,-0.163471680108042,-0.114856783277481,1.33418015508567e-27,0.0351970454735852,0.0272251784634866,0.0431689124836838,1.90589978110019e-17,-0.18655327864175,-0.222275561805925,-0.150830995477576,1.85399179217266e-23,1345.23079966154,1374.44488636554,-666.61539983077,1336803369.73881,1336803369.73881,426101826.513427,1256552.02844299,10272906648.6517,2837638802.00607,12,30.3161401291672,151.907293145392,1519.07293145392,10,375932083.333333,376841000,666.61539983077,0,25,42,predicted_PM_latentDmoon_logPM_by_logAngleNDistanceNElevation,69,2,absElevation
combined_training,Perceptual,latentDmoon_logPM_by_logAngleNDistanceNElevation,combined_training_latentDmoon_absElevation_I70,log2ratio_visual_angle ~ 1 + log2real_visual_angle + log2distance + log2elevation + (1 | ID),byDate,Date,1.14836178003394,1.01379292926082,1.28293063080706,2.76965345145124e-55,-0.142243507978428,-0.168213461692604,-0.116273554264253,1.69835001428338e-25,0.0283243036618797,0.0198010959777581,0.0368475113460012,1.1337384921552e-10,-0.169889776206779,-0.206776319013321,-0.133003233400238,8.86695162531431e-19,1370.80177848002,1399.89617617582,-679.400889240012,1111618360.50953,1111618360.50953,409796093.268991,21870420.2360467,4780816252.79614,1670985461.48737,11,30.0500144227101,151.907293145392,1519.07293145392,10,373124909.090909,374538000,679.400889240012,0,25,41,predicted_PM_latentDmoon_logPM_by_logAngleNDistanceNElevation,70,2,absElevation
combined_training,Perceptual,latentDmoon_logPM_by_logAngleNDistanceNElevation,combined_training_latentDmoon_absElevation_I71,log2ratio_visual_angle ~ 1 + log2real_visual_angle + log2distance + log2elevation + (1 | ID),byDate,Date,1.21988606585466,1.0879118698764,1.35186026183293,2.93007736500412e-63,-0.110091577615901,-0.136654507322233,-0.0835286479095692,1.31436649650609e-15,0.0287620863340323,0.020365356309427,0.0371588163586377,3.10377161509342e-11,-0.204823913032304,-0.243090881881346,-0.166556944183263,1.77725497508257e-24,1425.6183021091,1454.69996094661,-706.809151054551,964582247.802507,964582247.802507,304951190.636838,24628925.784398,4564521817.07984,1347664997.55866,12,29.8453290180449,151.907293145392,1519.07293145392,10,372297500,372385500,706.809151054551,0,25,42,predicted_PM_latentDmoon_logPM_by_logAngleNDistanceNElevation,71,2,absElevation
combined_training,Perceptual,latentDmoon_logPM_by_logAngleNDistanceNElevation,combined_training_latentDmoon_absElevation_I72,log2ratio_visual_angle ~ 1 + log2real_visual_angle + log2distance + log2elevation + (1 | ID),byDate,Date,1.1846842652409,1.04775870921319,1.32160982126861,1.46969047248737e-56,-0.129286290884699,-0.155904044360594,-0.102668537408804,1.28618070837125e-20,0.0317422916952152,0.023285606899498,0.0401989764909323,3.85330864811045e-13,-0.19286590974312,-0.231281020207629,-0.154450799278611,7.41066659370316e-22,1413.3079729159,1442.37047260993,-700.653986457948,1028576328.88338,1028576328.88338,320537760.596145,23989590.1880941,4300935333.80375,1457298095.60056,12,29.9380017117437,151.907293145392,1519.07293145392,10,374333166.666667,372385500,700.653986457948,0,25,42,predicted_PM_latentDmoon_logPM_by_logAngleNDistanceNElevation,72,2,absElevation
combined_training,Perceptual,latentDmoon_logPM_by_logAngleNDistanceNElevation,combined_training_latentDmoon_absElevation_I73,log2ratio_visual_angle ~ 1 + log2real_visual_angle + log2distance + log2elevation + (1 | ID),byDate,Date,1.17700468898516,1.04548168442071,1.30852769354961,5.69851859842507e-60,-0.133274474443727,-0.157958372597836,-0.108590576289617,7.25047935603958e-25,0.0322469038609165,0.0240458548047691,0.040447952917064,3.03129224003799e-14,-0.191357562658792,-0.227277212218533,-0.155437913099052,2.77038293002617e-24,1330.63195061706,1359.76440340871,-659.315975308528,5112186358.84413,5112186358.84413,356384947.307511,2149978.19924631,41303519208.1093,12239377370.4951,11,32.2512932830098,151.907293145392,1519.07293145392,10,374742727.272727,374538000,659.315975308528,0,25,42,predicted_PM_latentDmoon_logPM_by_logAngleNDistanceNElevation,73,2,absElevation
combined_training,Perceptual,latentDmoon_logPM_by_logAngleNDistanceNElevation,combined_training_latentDmoon_absElevation_I74,log2ratio_visual_angle ~ 1 + log2real_visual_angle + log2distance + log2elevation + (1 | ID),byDate,Date,1.22409817855871,1.09451099076046,1.35368536635696,1.23026341092979e-65,-0.130526156759448,-0.156214232104276,-0.10483808141462,2.48077410956465e-22,0.0264208773740694,0.0184907107194179,0.0343510440287209,1.01831017314766e-10,-0.196529202107625,-0.233221012723578,-0.159837391491672,1.63937853116145e-24,1381.48558796691,1410.59269753187,-684.742793983453,1143952979.3017,1143952979.3017,522946153.273384,618523.452012009,4814457994.81638,1458375910.97121,12,30.0913806072193,151.907293145392,1519.07293145392,10,375146416.666667,376841000,684.742793983453,0,25,43,predicted_PM_latentDmoon_logPM_by_logAngleNDistanceNElevation,74,2,absElevation
combined_training,Perceptual,latentDmoon_logPM_by_logAngleNDistanceNElevation,combined_training_latentDmoon_absElevation_I75,log2ratio_visual_angle ~ 1 + log2real_visual_angle + log2distance + log2elevation + (1 | ID),byDate,Date,1.13704397280468,1.01210203455299,1.26198591105637,9.44950930331577e-62,-0.125877514370966,-0.151443436219928,-0.100311592522004,3.91358735449931e-21,0.0350527124246569,0.0274678119525186,0.0426376128967952,6.70245374817374e-19,-0.18606125923251,-0.22318729419206,-0.148935224272961,8.34047445659597e-22,1397.93918394464,1427.11573142295,-692.969591972322,1451867750.30113,1451867750.30113,763206030.95927,3452964.5884681,5166651122.79832,1824656981.62689,12,30.4352628991421,151.907293145392,1519.07293145392,10,375146416.666667,376841000,692.969591972322,0,25,44,predicted_PM_latentDmoon_logPM_by_logAngleNDistanceNElevation,75,2,absElevation
combined_training,Perceptual,latentDmoon_logPM_by_logAngleNDistanceNElevation,combined_training_latentDmoon_absElevation_I76,log2ratio_visual_angle ~ 1 + log2real_visual_angle + log2distance + log2elevation + (1 | ID),byDate,Date,1.06218735758547,0.936377529347514,1.18799718582343,2.28045871584694e-54,-0.128875959077981,-0.155651103677414,-0.102100814478549,2.63928754195131e-20,0.0341532729728522,0.0266972678772056,0.0416092780684989,1.31364640636901e-18,-0.168249636047985,-0.20604339250844,-0.13045587958753,1.06847747856729e-17,1449.14326482872,1478.31981230702,-718.571632414358,884390543.451535,884390543.451535,373626456.811983,55300735.8221578,4523942049.38201,1316969373.80777,13,29.7201083579883,151.907293145392,1519.07293145392,10,374768461.538462,374538000,718.571632414358,0,25,43,predicted_PM_latentDmoon_logPM_by_logAngleNDistanceNElevation,76,2,absElevation
combined_training,Perceptual,latentDmoon_logPM_by_logAngleNDistanceNElevation,combined_training_latentDmoon_absElevation_I77,log2ratio_visual_angle ~ 1 + log2real_visual_angle + log2distance + log2elevation + (1 | ID),byDate,Date,1.18959727967074,1.05987080777822,1.31932375156326,1.57132801994211e-62,-0.114995987051552,-0.140755900076406,-0.0892360740266969,8.78205196202814e-18,0.0318174295062829,0.0236761804555261,0.0399586785570397,4.26082054516931e-14,-0.198606665158026,-0.236910608783692,-0.16030272153236,3.73514845812499e-23,1427.16747228932,1456.33145431801,-707.583736144662,4722033432.65721,4722033432.65721,662674592.339687,53450.6087140553,33684611966.0619,10434003156.2124,10,32.1367611100717,151.907293145392,1519.07293145392,10,374059500,371170000,707.583736144662,0,25,41,predicted_PM_latentDmoon_logPM_by_logAngleNDistanceNElevation,77,2,absElevation
combined_training,Perceptual,latentDmoon_logPM_by_logAngleNDistanceNElevation,combined_training_latentDmoon_absElevation_I78,log2ratio_visual_angle ~ 1 + log2real_visual_angle + log2distance + log2elevation + (1 | ID),byDate,Date,1.18589360798073,1.05965225962638,1.31213495633508,4.3726995814436e-65,-0.125738758644109,-0.151292029426394,-0.100185487861823,4.16597827250943e-21,0.0269237905060045,0.0195742163367968,0.0342733646752122,1.32193738603994e-12,-0.180402342622454,-0.217682190539446,-0.143122494705462,1.70906111704701e-20,1383.70823095927,1412.85331533454,-685.854115479634,865625500.568342,865625500.568342,343724177.436972,32520826.232963,3602267384.92768,1056106725.5468,13,29.6891677594207,151.907293145392,1519.07293145392,10,374768461.538462,374538000,685.854115479634,0,25,43,predicted_PM_latentDmoon_logPM_by_logAngleNDistanceNElevation,78,2,absElevation
combined_training,Perceptual,latentDmoon_logPM_by_logAngleNDistanceNElevation,combined_training_latentDmoon_absElevation_I79,log2ratio_visual_angle ~ 1 + log2real_visual_angle + log2distance + log2elevation + (1 | ID),byDate,Date,1.11349940234175,0.978419513415426,1.24857929126807,4.42129174903948e-52,-0.127755172939485,-0.153104284740489,-0.10240606113848,5.26852571879771e-22,0.0418434073890857,0.0335216308606159,0.0501651839175556,6.47687152466367e-22,-0.199176843887586,-0.235951707025813,-0.162401980749359,5.46145285890085e-25,1351.35300242484,1380.41550211888,-669.67650121242,7133898657.92249,7133898657.92249,312086361.88008,344713.338322207,50270888411.7535,15497841422.3328,10,32.7320435754328,151.907293145392,1519.07293145392,10,371734500,368867000,669.67650121242,0,25,42,predicted_PM_latentDmoon_logPM_by_logAngleNDistanceNElevation,79,2,absElevation
combined_training,Perceptual,latentDmoon_logPM_by_logAngleNDistanceNElevation,combined_training_latentDmoon_absElevation_I80,log2ratio_visual_angle ~ 1 + log2real_visual_angle + log2distance + log2elevation + (1 | ID),byDate,Date,1.20793265409616,1.08109835071777,1.33476695747455,1.23603699872713e-66,-0.130195498494778,-0.156594011176918,-0.103796985812638,3.39372750905406e-21,0.0291573778960089,0.0213264772404934,0.0369882785515244,5.78137989291383e-13,-0.185290359108059,-0.223094933603548,-0.14748578461257,5.79050581323492e-21,1437.37869621702,1466.5489642599,-712.68934810851,4420392474.0057,4420392474.0057,1307055433.75807,117271.032475443,26959149989.5075,8278587405.72035,10,32.0415273220565,151.907293145392,1519.07293145392,10,370640800,366714500,712.68934810851,0,25,41,predicted_PM_latentDmoon_logPM_by_logAngleNDistanceNElevation,80,2,absElevation
combined_training,Perceptual,latentDmoon_logPM_by_logAngleNDistanceNElevation,combined_training_latentDmoon_absElevation_I81,log2ratio_visual_angle ~ 1 + log2real_visual_angle + log2distance + log2elevation + (1 | ID),byDate,Date,1.18161371271579,1.04994164627547,1.31328577915612,2.97833825072947e-60,-0.125416583138349,-0.151378968958306,-0.099454197318393,1.98336498618312e-20,0.036470418964516,0.028351896666139,0.044588941262893,5.61862076749992e-18,-0.20931650654355,-0.246840134613321,-0.17179287847378,2.42279075844892e-26,1408.95528379921,1438.08773659087,-698.477641899605,978776656.50763,978776656.50763,349335416.886579,10837671.197339,3969442243.08298,1261812278.57106,13,29.8664044531375,151.907293145392,1519.07293145392,10,374768461.538462,374538000,698.477641899605,0,25,43,predicted_PM_latentDmoon_logPM_by_logAngleNDistanceNElevation,81,2,absElevation
combined_training,Perceptual,latentDmoon_logPM_by_logAngleNDistanceNElevation,combined_training_latentDmoon_absElevation_I82,log2ratio_visual_angle ~ 1 + log2real_visual_angle + log2distance + log2elevation + (1 | ID),byDate,Date,1.20089082011485,1.06953262267631,1.33224901755339,2.52002260178662e-62,-0.132338581762153,-0.157606767986615,-0.107070395537691,1.38627740000027e-23,0.0275032205248338,0.0195250124218401,0.0354814286278275,2.30854463619644e-11,-0.187235594153213,-0.224077461892602,-0.150393726413825,2.31272218008075e-22,1423.92474234678,1453.17613487043,-705.962371173388,1320782505.34917,1320782505.34917,645574287.07389,5706743.21526331,5434280129.36938,1781946557.61606,11,30.2987457700124,151.907293145392,1519.07293145392,10,372093818.181818,370233000,705.962371173388,0,25,41,predicted_PM_latentDmoon_logPM_by_logAngleNDistanceNElevation,82,2,absElevation
combined_training,Perceptual,latentDmoon_logPM_by_logAngleNDistanceNElevation,combined_training_latentDmoon_absElevation_I83,log2ratio_visual_angle ~ 1 + log2real_visual_angle + log2distance + log2elevation + (1 | ID),byDate,Date,1.25517450750897,1.11394950355927,1.39639951145866,2.95991247016701e-59,-0.121904007678944,-0.147337763435705,-0.0964702519221816,3.80340520351487e-20,0.03027350865394,0.0217563261457917,0.0387906911620883,5.73804161026275e-12,-0.216167730610104,-0.253863322144976,-0.178472139075232,1.17638294560621e-27,1395.35183775986,1424.46529317417,-691.67591887993,1040225244.68843,1040225244.68843,291774712.208275,25344201.9562963,5620429588.66091,1697364334.17534,12,29.9542488094776,151.907293145392,1519.07293145392,10,374333166.666667,372385500,691.67591887993,0,25,42,predicted_PM_latentDmoon_logPM_by_logAngleNDistanceNElevation,83,2,absElevation
combined_training,Perceptual,latentDmoon_logPM_by_logAngleNDistanceNElevation,combined_training_latentDmoon_absElevation_I84,log2ratio_visual_angle ~ 1 + log2real_visual_angle + log2distance + log2elevation + (1 | ID),byDate,Date,1.21292818992366,1.08279107011044,1.34306530973688,2.79776707364582e-64,-0.124235361786751,-0.150323766562181,-0.0981469570113204,6.319360406534e-20,0.0288736235663056,0.0209606539583631,0.0367865931742481,1.60319718307847e-12,-0.191972061194778,-0.230472131040329,-0.153471991349227,1.30470437635715e-21,1443.01791039069,1472.19445786899,-715.508955195343,1817231781.49217,1817231781.49217,537816420.582166,1231012.56332384,14062860330.5548,3913570215.69755,12,30.7590952959486,151.907293145392,1519.07293145392,10,374787666.666667,374688500,715.508955195343,0,25,42,predicted_PM_latentDmoon_logPM_by_logAngleNDistanceNElevation,84,2,absElevation
combined_training,Perceptual,latentDmoon_logPM_by_logAngleNDistanceNElevation,combined_training_latentDmoon_absElevation_I85,log2ratio_visual_angle ~ 1 + log2real_visual_angle + log2distance + log2elevation + (1 | ID),byDate,Date,1.15140412967095,1.02218351950008,1.28062473984181,1.35455746961119e-59,-0.11117032199112,-0.136867396607753,-0.0854732473744874,7.84833119459304e-17,0.0363579938154115,0.0282704020696722,0.0444455855611509,5.26640036721907e-18,-0.199704371459422,-0.237095587394452,-0.162313155524393,2.10543212809791e-24,1411.89077274488,1441.07359309359,-699.945386372438,3112664573.0079,3112664573.0079,468879016.575751,621214.415520438,13758686716.2577,4885919475.49683,10,31.5355029714515,151.907293145392,1519.07293145392,10,370095400,366714500,699.945386372438,0,25,43,predicted_PM_latentDmoon_logPM_by_logAngleNDistanceNElevation,85,2,absElevation
combined_training,Perceptual,latentDmoon_logPM_by_logAngleNDistanceNElevation,combined_training_latentDmoon_absElevation_I86,log2ratio_visual_angle ~ 1 + log2real_visual_angle + log2distance + log2elevation + (1 | ID),byDate,Date,1.16075186659702,1.02313831280803,1.29836542038601,3.47877049600316e-54,-0.118111484537218,-0.143543881657664,-0.0926790874167714,4.70909963685998e-19,0.0338789704170835,0.0251899059199187,0.0425680349142482,4.91338754885133e-14,-0.201090504020666,-0.238639145855856,-0.163541862185477,1.68175476580122e-24,1366.57597272331,1395.65763156082,-677.287986361653,1480372698.69492,1480372698.69492,349893111.817163,11479829.4767259,8319579784.22209,2464168399.86449,11,30.4633132885356,151.907293145392,1519.07293145392,10,371598000,370233000,677.287986361653,0,25,43,predicted_PM_latentDmoon_logPM_by_logAngleNDistanceNElevation,86,2,absElevation
combined_training,Perceptual,latentDmoon_logPM_by_logAngleNDistanceNElevation,combined_training_latentDmoon_absElevation_I87,log2ratio_visual_angle ~ 1 + log2real_visual_angle + log2distance + log2elevation + (1 | ID),byDate,Date,1.13561993566852,1.00431091761563,1.26692895372141,1.48436255463366e-56,-0.126556988412462,-0.151880997597948,-0.101232979226976,1.1012473399233e-21,0.0300448890923976,0.0221189931721869,0.0379707850126083,2.28301154036871e-13,-0.179815696467816,-0.216929623458851,-0.142701769476781,1.57048837667465e-20,1359.7140812399,1388.8084789357,-673.857040619951,1429284123.41373,1429284123.41373,429412888.586835,2221823.20391043,6559716277.81585,2119742246.87567,11,30.4126455882615,151.907293145392,1519.07293145392,10,373215818.181818,370233000,673.857040619951,0,25,41,predicted_PM_latentDmoon_logPM_by_logAngleNDistanceNElevation,87,2,absElevation
combined_training,Perceptual,latentDmoon_logPM_by_logAngleNDistanceNElevation,combined_training_latentDmoon_absElevation_I88,log2ratio_visual_angle ~ 1 + log2real_visual_angle + log2distance + log2elevation + (1 | ID),byDate,Date,1.14721061452968,1.01992939714404,1.27449183191532,9.55728117735389e-61,-0.14487101647419,-0.170872345974729,-0.11886968697365,2.69537756952209e-26,0.0274712483615416,0.0200366188955856,0.0349058778274977,8.54226673876312e-13,-0.162823866088328,-0.200787330146478,-0.124860402030178,1.40829871498255e-16,1435.17557525731,1464.34584330019,-711.587787628654,944907683.01561,944907683.01561,367916092.988877,16143778.4228948,4230046234.5811,1215627807.99764,13,29.8155981447697,151.907293145392,1519.07293145392,10,374768461.538462,374538000,711.587787628654,0,25,43,predicted_PM_latentDmoon_logPM_by_logAngleNDistanceNElevation,88,2,absElevation
combined_training,Perceptual,latentDmoon_logPM_by_logAngleNDistanceNElevation,combined_training_latentDmoon_absElevation_I89,log2ratio_visual_angle ~ 1 + log2real_visual_angle + log2distance + log2elevation + (1 | ID),byDate,Date,1.19020655284196,1.05654529422321,1.32386781146071,2.05057855753488e-59,-0.130536924908205,-0.15607067855291,-0.105003171263501,1.43058716992195e-22,0.0301732790731725,0.0219903010953691,0.0383562570509759,9.57982358885723e-13,-0.187388256836437,-0.224773652357799,-0.150002861315075,8.49481845166493e-22,1359.72001885453,1388.80805050199,-673.860009427265,1060022507.29607,1060022507.29607,456516557.096662,481178.87060423,3658332825.13453,1201700546.35072,11,29.9814477516235,151.907293145392,1519.07293145392,10,376232818.181818,379144000,673.860009427265,0,25,41,predicted_PM_latentDmoon_logPM_by_logAngleNDistanceNElevation,89,2,absElevation
combined_training,Perceptual,latentDmoon_logPM_by_logAngleNDistanceNElevation,combined_training_latentDmoon_absElevation_I90,log2ratio_visual_angle ~ 1 + log2real_visual_angle + log2distance + log2elevation + (1 | ID),byDate,Date,1.19502889489232,1.06566692698265,1.32439086280199,2.27365437592704e-63,-0.13668847078212,-0.162579286232357,-0.110797655331883,6.51152122579577e-24,0.025035514855477,0.0167336511066106,0.0333373786043435,4.53416986264942e-09,-0.18302985059765,-0.219994698962811,-0.146065002232488,2.38121839830286e-21,1434.79822261845,1464.00606907227,-711.399111309223,4111836234.19195,4111836234.19195,1330344688.77563,20991.1535053221,18741143597.805,6137424613.50289,10,31.9371356601464,151.907293145392,1519.07293145392,10,372279900,371170000,711.399111309223,0,25,42,predicted_PM_latentDmoon_logPM_by_logAngleNDistanceNElevation,90,2,absElevation
combined_training,Perceptual,latentDmoon_logPM_by_logAngleNDistanceNElevation,combined_training_latentDmoon_absElevation_I91,log2ratio_visual_angle ~ 1 + log2real_visual_angle + log2distance + log2elevation + (1 | ID),byDate,Date,1.19064475024036,1.06578525094921,1.3155042495315,8.52579903919296e-67,-0.124519541584348,-0.150770324975642,-0.0982687581930548,8.65224525778105e-20,0.035327402301971,0.0277579771951983,0.0428968274087438,3.12537376544056e-19,-0.195972737302231,-0.23404147837005,-0.157903996234411,7.27114664148192e-23,1446.12051917761,1475.30333952633,-717.060259588806,688334156.817315,688334156.817315,380803960.503209,37864558.7314992,2139169583.41922,725881667.610153,13,29.3585338608695,151.907293145392,1519.07293145392,10,374768461.538462,374538000,717.060259588806,0,25,42,predicted_PM_latentDmoon_logPM_by_logAngleNDistanceNElevation,91,2,absElevation
combined_training,Perceptual,latentDmoon_logPM_by_logAngleNDistanceNElevation,combined_training_latentDmoon_absElevation_I92,log2ratio_visual_angle ~ 1 + log2real_visual_angle + log2distance + log2elevation + (1 | ID),byDate,Date,1.24538800056767,1.12097781509939,1.36979818603595,2.50581904508047e-72,-0.12514299658052,-0.150143425526811,-0.100142567634229,9.39387141796846e-22,0.0255788138083659,0.0183069611242303,0.0328506664925015,9.32234568784486e-12,-0.194627776676072,-0.231043871638305,-0.158211681713838,2.0078261564615e-24,1339.77412276952,1368.91289467708,-663.887061384758,1320865590.83601,1320865590.83601,429412888.586835,2333197.30893584,6891095560.56186,2165729784.99549,11,30.2988365217065,151.907293145392,1519.07293145392,10,376232818.181818,379144000,663.887061384758,0,25,41,predicted_PM_latentDmoon_logPM_by_logAngleNDistanceNElevation,92,2,absElevation
combined_training,Perceptual,latentDmoon_logPM_by_logAngleNDistanceNElevation,combined_training_latentDmoon_absElevation_I93,log2ratio_visual_angle ~ 1 + log2real_visual_angle + log2distance + log2elevation + (1 | ID),byDate,Date,1.13266514351318,1.00601432377134,1.25931596325502,6.8765276904615e-60,-0.119839281387691,-0.146441396603147,-0.0932371661722355,4.59231443833081e-18,0.0306484853891886,0.0227122299506244,0.0385847408277528,8.32602199407399e-14,-0.17869070149847,-0.216831756643076,-0.140549646353864,2.35704897136818e-19,1427.32638977434,1456.44618433345,-707.663194887169,1296126847.53895,1296126847.53895,561943363.878973,6018397.98747032,5145088472.6914,1693706539.39655,11,30.2715597707892,151.907293145392,1519.07293145392,10,374960090.909091,374538000,707.663194887169,0,25,41,predicted_PM_latentDmoon_logPM_by_logAngleNDistanceNElevation,93,2,absElevation
combined_training,Perceptual,latentDmoon_logPM_by_logAngleNDistanceNElevation,combined_training_latentDmoon_absElevation_I94,log2ratio_visual_angle ~ 1 + log2real_visual_angle + log2distance + log2elevation + (1 | ID),byDate,Date,1.1298821412848,1.00144118191558,1.25832310065402,3.50960275093129e-58,-0.136931997945011,-0.163283476641299,-0.110580519248723,3.15770129363324e-23,0.0307263090396783,0.0229637218591848,0.0384888962201719,2.09064633843703e-14,-0.170829616390773,-0.209022608139076,-0.13263662464247,7.80571195150528e-18,1401.08255522999,1430.15144810524,-694.541277614995,2281568482.02916,2281568482.02916,521168382.286166,3438461.46824495,17348060949.5078,5106100916.27649,11,31.0873788113864,151.907293145392,1519.07293145392,10,373711636.363636,370233000,694.541277614995,0,25,42,predicted_PM_latentDmoon_logPM_by_logAngleNDistanceNElevation,94,2,absElevation
combined_training,Perceptual,latentDmoon_logPM_by_logAngleNDistanceNElevation,combined_training_latentDmoon_absElevation_I95,log2ratio_visual_angle ~ 1 + log2real_visual_angle + log2distance + log2elevation + (1 | ID),byDate,Date,1.11796317355931,0.981709351448709,1.25421699566992,9.8614200647769e-52,-0.134394025627211,-0.160327123363174,-0.108460927891248,3.97144721970428e-23,0.0309800706220272,0.0224867737576079,0.0394733674864464,1.63926123996708e-12,-0.177044589648659,-0.214680280296804,-0.139408899000514,1.70276496427776e-19,1419.36870185589,1448.50115464755,-703.684350927944,580569940.787656,580569940.787656,375733563.273786,4897664.88729351,1589572226.87922,495729164.653382,12,29.1128946369553,151.907293145392,1519.07293145392,10,375146416.666667,376841000,703.684350927944,0,25,41,predicted_PM_latentDmoon_logPM_by_logAngleNDistanceNElevation,95,2,absElevation
combined_training,Perceptual,latentDmoon_logPM_by_logAngleNDistanceNElevation,combined_training_latentDmoon_absElevation_I96,log2ratio_visual_angle ~ 1 + log2real_visual_angle + log2distance + log2elevation + (1 | ID),byDate,Date,1.20285682332169,1.07876071542262,1.32695293122076,1.43703670502687e-68,-0.124151238964548,-0.149564764237091,-0.098737713692006,7.72512661828569e-21,0.0326985608765861,0.0252429925206019,0.0401541292325703,3.09095383046952e-17,-0.206026559502454,-0.242046258483794,-0.170006860521115,1.5472942343132e-27,1362.33987818903,1391.47865009659,-675.169939094513,909759264.303862,909759264.303862,373078860.272545,40917336.481255,3228826438.76093,1140579935.98131,12,29.7609095965615,151.907293145392,1519.07293145392,10,372297500,372385500,675.169939094513,0,25,42,predicted_PM_latentDmoon_logPM_by_logAngleNDistanceNElevation,96,2,absElevation
combined_training,Perceptual,latentDmoon_logPM_by_logAngleNDistanceNElevation,combined_training_latentDmoon_absElevation_I97,log2ratio_visual_angle ~ 1 + log2real_visual_angle + log2distance + log2elevation + (1 | ID),byDate,Date,1.18132094601658,1.05204348664552,1.31059840538763,4.04380758762958e-62,-0.131022681160245,-0.155678097045747,-0.106367265274743,3.54000150292404e-24,0.0266805329352852,0.0190856459748506,0.0342754198957197,9.90263385391364e-12,-0.180096957532537,-0.21659048134531,-0.143603433719764,3.25453352530371e-21,1337.94682818355,1367.07928097521,-662.973414091777,1308226638.08083,1308226638.08083,319227611.345163,29948007.9592803,7448949761.12042,2235549219.17038,12,30.2849653499533,151.907293145392,1519.07293145392,10,375732833.333333,376841000,662.973414091777,0,25,42,predicted_PM_latentDmoon_logPM_by_logAngleNDistanceNElevation,97,2,absElevation
combined_training,Perceptual,latentDmoon_logPM_by_logAngleNDistanceNElevation,combined_training_latentDmoon_absElevation_I98,log2ratio_visual_angle ~ 1 + log2real_visual_angle + log2distance + log2elevation + (1 | ID),byDate,Date,1.22052327419246,1.09434083721923,1.34670571116569,2.37368112157907e-68,-0.122777781718038,-0.14865781268724,-0.0968977507488366,8.63389833515165e-20,0.0307174294311508,0.0229880647132561,0.0384467941490456,1.63949079544264e-14,-0.198310510804385,-0.234895828848133,-0.161725192760636,4.82180306500047e-25,1408.42964548032,1437.58103568907,-698.214822740159,1101583207.28375,1101583207.28375,355060243.383827,11857317.8061783,5512377455.52829,1611582395.57566,12,30.0369313260581,151.907293145392,1519.07293145392,10,372297500,372385500,698.214822740159,0,25,42,predicted_PM_latentDmoon_logPM_by_logAngleNDistanceNElevation,98,2,absElevation
combined_training,Perceptual,latentDmoon_logPM_by_logAngleNDistanceNElevation,combined_training_latentDmoon_absElevation_I99,log2ratio_visual_angle ~ 1 + log2real_visual_angle + log2distance + log2elevation + (1 | ID),byDate,Date,1.17931517925339,1.04141322459337,1.3172171339134,1.44890519719495e-55,-0.127079109508618,-0.153384850729445,-0.100773368287791,1.9556414372509e-20,0.0312761375002498,0.0227402584430051,0.0398120165574944,1.3048008630649e-12,-0.190547050456825,-0.229002572708613,-0.152091528205037,2.26610114483855e-21,1452.28115229532,1481.45142033821,-720.140576147661,1056878891.17138,1056878891.17138,432797664.799832,26226051.0379483,4094668740.13993,1330199795.84023,12,29.977162920284,151.907293145392,1519.07293145392,10,372297500,372385500,720.140576147661,0,25,42,predicted_PM_latentDmoon_logPM_by_logAngleNDistanceNElevation,99,2,absElevation
combined_training,Perceptual,latentDmoon_logPM_by_logAngleNDistanceNElevation,combined_training_latentDmoon_absElevation_I100,log2ratio_visual_angle ~ 1 + log2real_visual_angle + log2distance + log2elevation + (1 | ID),byDate,Date,1.21767103852634,1.08725019588274,1.34809188116994,2.06172447295313e-64,-0.136568069548172,-0.162601836047707,-0.110534303048637,1.24402252511171e-23,0.0282178704417575,0.0205342029340023,0.0359015379495127,1.16781594515749e-12,-0.190146613395758,-0.227919386902342,-0.152373839889174,5.68817449239521e-22,1417.90534226753,1447.0441141751,-702.952671133765,753026310.987828,753026310.987828,375975250.751527,6810612.45815359,1981397402.65303,693720240.087399,13,29.4881250331176,151.907293145392,1519.07293145392,10,374768461.538462,374538000,702.952671133765,0,25,43,predicted_PM_latentDmoon_logPM_by_logAngleNDistanceNElevation,100,2,absElevation
