ID Number,Gender,Age,Date,Moon Diamater (m),Moon Distance (m),Time,Round 1 Estimated Moon,arm length (cm),Round 1 First Moon Picked ,Round 1 Final Moon,arm length (cm),Altitude,Lower Elevation Disparity (cm),Lower Elevation Disparity Arm Length (cm),Round 2 Estimated Moon,arm length (cm),Round 2 First Moon Picked ,Round 2 Final Moon,arm length (cm),Time,Altitude ,Higher Elevation Disparity (cm),Higher Elevation Disparity Arm Length (cm)
1000,Female,19,5/22/2024,3476000,395235574.3,9:19:00 PM,14,41.00,14,8,59.50,12.00,,,14,48.00,12,9,56.50,11:25:00 PM,25.00,,
1001,Male,24,5/22/2024,3476000,395235574.3,9:25:00 PM,14,44.50,14,9,37.00,13.00,,,11,38.50,11,7,39.25,10:35:00 PM,21.00,,
1002,Male,19,5/22/2024,3476000,395235574.3,9:30:00 PM,9,55.00,9,7,40.00,14.00,,,8,59.50,9,6,45.00,11:07:00 PM,24.00,,
1003,Female,19,5/22/2024,3476000,395235574.3,9:45:00 PM,12,59.00,11,11,49.50,16.00,,,13,57.00,14,10,56.00,10:38:00 PM,21.00,,
1004,Female,18,5/22/2024,3476000,395235574.3,9:48:00 PM,13,56.50,13,9,46.75,16.00,,,10,49.00,10,8,50.75,10:43:00 PM,22.00,,
1005,Male,19,5/22/2024,3476000,395235574.3,9:52:00 PM,13,51.00,10,8,16.45,16.00,,,10,55.00,8,8,33.00,11:02:00 PM,24.00,,
1006,Female,18,5/22/2024,3476000,395235574.3,9:56:00 PM,11,44.50,11,7,20.75,17.00,,,7,48.50,7,7,25.50,10:51:00 PM,23.00,,
1007,Female,18,5/22/2024,3476000,395235574.3,10:00:00 PM,12,55.00,12,11,37.00,17.50,,,10,58.75,9,9,44.75,10:48:00 PM,22.50,,
1008,Female,19,5/22/2024,3476000,395235574.3,10:03:00 PM,10,61.50,10,7,43.00,18.00,,,9,60.50,8,8,52.00,10:53:00 PM,23.00,,
1009,Male,18,5/22/2024,3476000,395235574.3,10:07:00 PM,14,57.00,14,7,23.50,18.00,,,12,58.50,12,5,19.25,11:10:00 PM,24.00,,
1010,Female,18,5/22/2024,3476000,395235574.3,10:12:00 PM,7,51.75,8,6,18.00,19.00,,,6,43.50,6,5,25.50,10:57:00 PM,23.00,,
1011,Female,21,5/22/2024,3476000,395235574.3,10:17:00 PM,12,54.50,12,6,15.50,19.00,,,10,62.00,10,5,14.25,11:15:00 PM,25.00,,
1012,Male,17,7/20/2024,3476000,374537800,9:25:00 PM,13,83.00,13,10,57.50,7.50,,,12,79.00,10,9,52.50,10:30:00 PM,16.00,,
1013,Female,16,7/20/2024,3476000,374537800,9:30:00 PM,15,63.00,15,6,52.00,8.00,,,12,77.00,12,8,47.00,10:35:00 PM,17.00,,
1014,Female,17,7/20/2024,3476000,374537800,9:32:00 PM,11,73.00,11,11,73.00,9.00,,,10,79.00,10,10,53.00,10:56:00 PM,19.00,,
1015,Female,17,7/20/2024,3476000,374537800,9:39:00 PM,11,66.00,11,7,66.00,10.00,,,10,70.00,10,6,49.00,11:00:00 PM,19.00,,
1016,Female,16,7/20/2024,3476000,374537800,9:45:00 PM,14,67.00,14,13,62.60,10.00,,,12,69.50,12,19,49.50,10:53:00 PM,19.00,,
1017,Female,22,7/21/2024,3476000,370232805.9,10:21:00 PM,16,69.00,16,9,51.50,10.00,,,10,71.00,8,9,52.00,11:27:00 PM,19.00,,
1018,Male,21,7/21/2024,3476000,370232805.9,10:26:00 PM,11,71.00,11,7,48.00,11.00,,,9,63.00,9,6,44.75,11:23:00 PM,19.00,,
1019,Female,17,7/21/2024,3476000,370232805.9,10:30:00 PM,14,54.50,14,7,42.00,11.00,,,11,55.50,9,5,42.75,11:12:00 PM,17.00,,
1020,Female,17,7/21/2024,3476000,370232805.9,10:33:00 PM,12,73.00,12,5,47.00,12.00,,,11,79.00,11,5,43.00,11:32:00 PM,20.00,,
1021,Male,20,8/19/2024,3476000,363080881,9:10:00 PM,13,75.50,13,8,56.25,9.00,,,13,75.50,13,8,56.50,10:15:00 PM,20.00,,
1022,Female,21,8/19/2024,3476000,363080881,9:18:00 PM,19,71.00,19,8,48.00,10.00,,,16,76.00,16,10,58.00,10:20:00 PM,20.00,,
1023,Male,20,8/19/2024,3476000,363080881,9:25:00 PM,14,74.50,14,9,55.50,11.00,,,12,71.00,12,8,58.00,10:37:00 PM,23.00,,
53,Female,22,8/19/2024,3476000,363080881,9:32:00 PM,9,70.00,9,10,53.50,13.00,,,8,86.00,8,10,56.75,10:40:00 PM,23.50,,
1025,Female,25,8/20/2024,3476000,360803659.4,9:11:00 PM,11,71.75,11,9,49.00,4.00,,,7,67.50,7,5,39.75,10:17:00 PM,16.00,,
1026,Female,26,8/20/2024,3476000,360803659.4,9:17:00 PM,16,74.00,16,10,57.25,5.00,,,13,82.50,13,9,49.75,10:21:00 PM,17.00,,
1027,Male,33,8/20/2024,3476000,360803659.4,9:20:00 PM,12,51.00,12,8,46.00,5.00,,,8,61.00,8,8,45.50,10:24:00 PM,17.50,,
1028,Male,55,8/20/2024,3476000,360803659.4,9:26:00 PM,18,62.00,18,16,50.65,6.00,,,18,87.50,18,10,47.00,10:32:00 PM,19.00,,
1029,Male,32,8/20/2024,3476000,360803659.4,9:30:00 PM,12,77.00,12,10,55.50,7.00,,,13,61.00,13,9,56.00,10:29:00 PM,18.50,,
1030,Male,24,8/20/2024,3476000,360803659.4,9:35:00 PM,11,46.00,11,9,51.50,8.00,,,7,62.50,7,6,49.50,10:26:00 PM,18.00,,
1031,Female,23,8/20/2024,3476000,360803659.4,9:40:00 PM,13,65.10,13,10,54.50,9.00,,,11,61.50,11,9,50.40,10:35:00 PM,19.00,,
1032,Male,16,8/19/2024,3476000,363080881,10:11:00 PM,16,53.50,16,10,50.50,14.00,,,12,46.25,12,7,46.25,11:25:00 PM,25.00,,
1033,Male,49,8/19/2024,3476000,363080881,10:17:00 PM,11,51.75,11,9,56.00,15.00,,,10,59.00,10,8,53.00,11:45:00 PM,27.00,,
1034,Female,19,8/19/2024,3476000,363080881,10:18:00 PM,13,57.50,13,7,30.00,15.00,,,11,47.50,11,7,27.00,11:28:00 PM,25.00,,
1035,Female,51,8/19/2024,3476000,363080881,10:20:00 PM,13,53.50,13,13,41.00,15.00,,,14,55.00,14,14,38.00,11:43:00 PM,27.00,,
1036,Female,23,10/16/2024,3476000,357487606,7:30:00 PM,14,48.00,12,9,60.50,16.00,,,8,70.00,8,8,54.00,9:32:00 PM,39.00,4.500,47.00
1037,Female,18,10/16/2024,3476000,357487606,7:33:00 PM,14,72.00,14,7,51.00,16.00,,,11,62.00,11,7,45.50,9:41:00 PM,41.00,2.700,48.30
1038,Female,20,10/16/2024,3476000,357487606,7:39:00 PM,15,79.00,15,7,52.00,11,,,13,82.00,13,7,52.00,8:36:00 PM,28.00,10.500,54.00
1039,Female,20,10/16/2024,3476000,357487606,7:40:00 PM,10,78.00,8,8,58.00,18.00,,,8,76.00,8,7,49.00,8:40:00 PM,29.00,10.000,49.75
1040,Female,18,10/16/2024,3476000,357487606,7:43:00 PM,19,71.00,19,12,49.00,18.00,,,11,77.00,11,10,46.00,9:03:00 PM,34.00,7.300,44.00
1041,Female,18,10/16/2024,3476000,357487606,7:45:00 PM,13,80.00,13,10,47.00,19.00,,,12,70.00,12,12,45.00,8:58:00 PM,33.00,5.500,45.50
1042,Male,18,10/16/2024,3476000,357487606,7:48:00 PM,13,87.00,13,10,60.00,19.00,,,12,81.00,12,10,53.00,8:59:00 PM,33.00,6.200,53.00
1043,Female,18,10/16/2024,3476000,357487606,7:50:00 PM,11,86.50,9,8,52.00,20.00,,,11,48.00,11,8,45.00,9:11:00 PM,35.00,7.700,48.00
1044,Female,20,10/16/2024,3476000,357487606,7:52:00 PM,12,73.00,12,10,50.00,20.00,,,12,76.00,12,9,45.00,9:18:00 PM,36.00,7.700,48.50
1045,Male,19,10/16/2024,3476000,357487606,7:56:00 PM,8,76.00,8,10,76.50,21.00,,,9,81.50,9,9,45.00,9:21:00 PM,37.00,4.500,60.00
1046,GNC,18,10/16/2024,3476000,357487606,7:59:00 PM,13,67.00,13,11,48.00,22.00,,,12,63.00,12,10,49.00,9:14:00 PM,36.00,7.500,49.60
1047,Male,23,10/16/2024,3476000,357487606,8:01:00 PM,10,75.50,10,10,54.50,22.00,,,10,81.00,10,8,44.00,9:34:00 PM,39.00,5.800,37.70
1048,Female,18,10/16/2024,3476000,357487606,8:03:00 PM,14,78.00,14,7,41.00,22.00,,,10,85.00,8,6,45.00,9:35:00 PM,39.50,5.200,57.00
1049,Male,18,10/16/2024,3476000,357487606,8:04:00 PM,17,70.00,17,14,52.00,22.00,,,15,85.00,15,12,45.00,9:43:00 PM,41.00,5.200,47.50
1050,Male,22,10/16/2024,3476000,357487606,8:06:00 PM,10,83.00,10,9,61.00,23.00,,,10,84.00,10,9,56.00,9:38:00 PM,40.00,5.200,43.70
1051,Female,21,10/16/2024,3476000,357487606,8:08:00 PM,10,41.00,10,7,46.00,23.00,,,7,50.50,7,6,42.50,9:50:00 PM,42.00,5.600,44.00
1052,Female,18,10/16/2024,3476000,357487606,8:10:00 PM,16,68.00,16,9,53.00,24.00,,,11,73.50,8,8,42.00,10:08:00 PM,45.00,9.500,49.25
1053,Female,21,10/16/2024,3476000,357487606,8:12:00 PM,10,75.00,10,9,50.00,24.00,,,8,73.50,9,10,43.00,10:02:00 PM,44.00,2.500,46.70
1054,Female,21,10/17/2024,3476000,357251837.2,7:16:00 PM,17,74.00,17,12,57.50,7.00,,,13,83.00,13,10,32.50,9:50:00 PM,36.00,7.420,59.80
1055,Female,22,10/17/2024,3476000,357251837.2,7:24:00 PM,13,81.00,13,7,45.50,8.00,,,9,82.50,9,7,47.00,9:45:00 PM,36.00,6.610,53.40
1056,Female,18,10/17/2024,3476000,357251837.2,7:30:00 PM,14,61.50,14,8,50.50,10.00,,,6,80.00,6,7,42.25,9:53:00 PM,37.00,9.340,46.10
1057,Male,23,10/17/2024,3476000,357251837.2,7:35:00 PM,16,75.00,16,11,50.00,11.00,,,13,83.75,13,10,48.00,9:29:00 PM,32.00,5.180,57.80
1058,Female,,10/17/2024,3476000,357251837.2,7:46:00 PM,16,79.50,NA,NA,NA,13.00,,,13,77.00,9,8,39.50,9:38:00 PM,34.00,4.130,47.40
1059,Female,18,10/17/2024,3476000,357251837.2,7:40:00 PM,15,68.00,15,13,53.50,11.00,,,14,64.50,14,13,46.50,9:48:00 PM,36.00,6.210,44.50
1060,Female,,10/17/2024,3476000,357251837.2,7:42:00 PM,14,88.50,14,13,48.00,12.00,,,12,73.50,12,11,44.50,9:35:00 PM,34.00,3.530,51.00
1061,Female,19,10/17/2024,3476000,357251837.2,7:45:00 PM,15,71.00,NA ,NA,NA,12.00,,,14,76.00,14,10,48.75,9:12:00 PM,29.00,5.950,51.00
1062,Female,19,10/17/2024,3476000,357251837.2,7:54:00 PM,14,65.50,14,11,45.50,14.00,,,13,68.00,13,10,30.00,9:47:00 PM,36.00,5.640,40.60
1063,Female,21,10/17/2024,3476000,357251837.2,7:55:00 PM,13,78.50,13,9,45.50,14.00,,,8,75.75,8,6,41.50,10:03:00 PM,39.00,6.340,40.60
1064,Female,20,10/17/2024,3476000,357251837.2,8:06:00 PM,13,86.50,13,12,44.00,16.00,,,14,68.00,14,8,40.50,10:32:00 PM,45.00,4.130,50.80
1065,Female,18,10/17/2024,3476000,357251837.2,8:00:00 PM,12,74.50,12,6,46.50,15.00,,,8,71.50,6,6,44.50,9:43:00 PM,35.00,6.500,45.60
1066,Female,20,10/17/2024,3476000,357251837.2,8:03:00 PM,15,75.50,15,6,48.50,16.00,,,11,79.25,9,8,46.50,9:57:00 PM,38.00,2.650,47.90
1067,Female,23,10/17/2024,3476000,357251837.2,8:05:00 PM,13,80.00,13,9,59.50,16.00,,,11,84.00,11,8,52.00,10:07:00 PM,40.00,5.690,54.50
1068,Female,22,10/17/2024,3476000,357251837.2,8:09:00 PM,13,72.00,13,9,43.50,17.00,,,13,80.50,6,7,40.00,10:09:00 PM,40.00,3.890,42.80
1069,Female,38,10/17/2024,3476000,357251837.2,8:12:00 PM,9,55.50,9,3,17.50,17.00,,,5,63.25,5,5,26.00,9:55:00 PM,37.00,5.960,43.10
1070,Female,23,10/17/2024,3476000,357251837.2,8:15:00 PM,12,65.00,12,8,29.00,18.00,,,10,81.00,9,10,42.50,9:58:00 PM,38.00,3.010,45.70
1071,Female,21,10/17/2024,3476000,357251837.2,8:17:00 PM,14,73.75,14,8,39.70,18.00,,,11,84.50,11,10,45.50,10:15:00 PM,41.00,5.170,42.60
1072,Female,18,10/17/2024,3476000,357251837.2,8:20:00 PM,10,38.20,10,7,19.90,19.00,,,8,77.50,8,8,38.75,10:01:00 PM,39.00,7.320,44.30
1073,Female,,10/17/2024,3476000,357251837.2,8:23:00 PM,13,59.40,13,9,31.20,20.00,,,10,73.00,10,8,29.75,9:40:00 PM,35.00,5.200,41.00
1074,Female,20,10/17/2024,3476000,357251837.2,8:26:00 PM,14,61.00,14,7,27.30,20.00,,,7,66.25,7,6,26.50,10:27:00 PM,44.00,5.120,47.20
52,Female,19,10/17/2024,3476000,357251837.2,8:28:00 PM,6,71.10,6,7,47.60,21.00,,,7,76.50,7,6,42.00,10:41:00 PM,46.00,5.750,47.00
1076,GNC,23,10/17/2024,3476000,357251837.2,8:30:00 PM,9,51.70,9,4,29.80,21.00,,,,,,,,,,,
1077,Female,18,10/17/2024,3476000,357251837.2,8:33:00 PM,12,49.00,NA,NA,48.10,21.00,,,10,76.00,10,9,42.00,10:25:00 PM,43.00,3.370,47.20
1078,Female,,10/17/2024,3476000,357251837.2,8:35:00 PM,7,60.40,7,7,40.50,22.00,,,7,61.25,7,7,42.25,10:26:00 PM,44.00,6.750,54.30
1079,Female,18,10/17/2024,3476000,357251837.2,8:37:00 PM,10,63.60,10,7,44.20,22.00,,,8,82.00,8,7,40.50,10:22:00 PM,43.00,5.010,55.60
1080,Female,22,10/17/2024,3476000,357251837.2,8:40:00 PM,10,54.30,10,7,49.30,23.00,,,9,74.75,9,8,48.00,10:21:00 PM,43.00,4.870,49.50
54,Female,23,10/17/2024,3476000,357251837.2,8:42:00 PM,8,67.70,8,8,48.20,23.00,,,10,72.50,9,9,50.50,10:28:00 PM,44.00,2.470,49.70
1082,Female,18,10/17/2024,3476000,357251837.2,8:45:00 PM,8,46.90,8,8,45.70,24.00,,,9,67.00,9,9,42.00,10:36:00 PM,45.00,5.370,48.00
32131,Female,21,11/15/2024,3476000,361929395.5,5:10:00 PM,13,72.00,13,7,47.00,4.00,,,7,66.00,7,7,40.00,6:52:00 PM,23.00,5.923,46.00
31948,Male,19,11/15/2024,3476000,361929395.5,5:12:00 PM,13,68.00,13,8,45.00,5.00,,,,,,,,,,,
1083,Female,22,11/15/2024,3476000,361929395.5,5:14:00 PM,13,74.00,9,6,30.50,5.00,,,,,,,,,,,
32002,Male,20,11/15/2024,3476000,361929395.5,5:16:00 PM,10,76.50,10,6,44.25,5.00,,,,,,,,,,,
32245,Female,20,11/15/2024,3476000,361929395.5,5:18:00 PM,7,61.00,7,8,43.00,6.00,,,6,65.00,6,7,40.50,6:55:00 PM,23.00,,
31924,Female,19,11/15/2024,3476000,361929395.5,5:20:00 PM,14,70.00,14,8,52.00,6.00,,,12,77.00,10,9,48.00,7:00:00 PM,24.00,6.641,45.00
1084,Female,20,11/15/2024,3476000,361929395.5,5:22:00 PM,11,60.50,11,10,46.00,6.00,,,12,66.00,12,10,41.00,7:01:00 PM,25.00,2.701,41.00
31504,Female,20,11/15/2024,3476000,361929395.5,5:24:00 PM,12,83.50,12,9,54.50,7.00,,,6,79.00,6,7,46.00,6:54:00 PM,23.00,6.158,48.00
1085,Male,19,11/15/2024,3476000,361929395.5,5:26:00 PM,15,81.50,15,10,51.50,7.00,,,,,,,,,,,
1066,Female,18,11/15/2024,3476000,361929395.5,5:37:00 PM,14,69.50,14,11,50.50,9.00,,,12,66.00,12,9,52.00,6:58:00 PM,24.00,5.093,47.00
1072,Female,18,11/15/2024,3476000,361929395.5,5:39:00 PM,9,61.50,9,9,45.50,10.00,,,10,68.00,10,9,44.00,6:48:00 PM,22.00,,
1056,Female,18,11/15/2024,3476000,361929395.5,5:51:00 PM,9,76.00,8,7,46.75,11.00,,,9,79.00,6,7,44.00,6:57:00 PM,24.00,6.938,39.00
1087,Female,18,11/15/2024,3476000,361929395.5,5:59:00 PM,14,62.00,14,9,42.50,13.00,,,12,63.00,11,10,43.00,,,5.889,42.50
1088,Male,18,11/15/2024,3476000,361929395.5,6:03:00 PM,16,72.00,16,10,50.50,14.00,,,9,76.00,9,9,54.00,7:31:00 PM,30.00,3.370,55.00
1089,Female,19,11/15/2024,3476000,361929395.5,6:07:00 PM,12,68.00,12,7,50.50,14.00,,,11,68.00,8,6,45.00,,,6.809,42.00
1090,Female,18,11/15/2024,3476000,361929395.5,6:01:00 PM,12,85.00,13,10,51.00,13.00,,,13,78.00,13,11,47.00,7:25:00 PM,29.00,6.147,44.00
1082,Female,18,11/15/2024,3476000,361929395.5,6:11:00 PM,10,69.00,10,9,56.00,15.00,,,10,79.00,10,8,52.00,7:34:00 PM,31.00,6.905,49.00
1091,Male,19,11/15/2024,3476000,361929395.5,6:15:00 PM,16,55.00,14,10,48.00,16.00,,,10,55.00,10,10,49.00,,,1.071,54.00
1092,Female,,11/15/2024,3476000,361929395.5,6:20:00 PM,15,78.00,15,15,49.00,17.00,,,14,75.00,13,13,50.00,7:38:00 PM,32.00,1.887,49.00
31459,Female,,11/15/2024,3476000,361929395.5,6:22:00 PM,11,71.00,11,7,49.00,17.00,,,9,62.00,9,7,48.00,,,,
5000,Female,20,1/12/2025,3476000,379146962.3,12:00:00 AM,13,67.50,,5,47.25,5.00,5.788,45.40,7,58.75,,7,35.50,5:44:00 PM,18.00,5.461,45.80
6875341,Female,18,1/12/2025,3476000,379146962.3,4:35:00 PM,10,71.25,,4,47.00,6.00,6.217,47.50,9,77.00,,5,45.00,5:40:00 PM,17.00,6.528,43.30
32437,Female,19,1/12/2025,3476000,379146962.3,4:38:00 PM,11,78.00,,4,46.50,6.00,6.002,34.10,5,74.50,,5,44.00,6:01:00 PM,20.00,6.151,38.80
6875476,Female,18,1/12/2025,3476000,379146962.3,4:40:00 PM,10,77.25,,4,50.75,7.00,6.073,43.40,3,77.00,,8,49.00,6:05:00 PM,21.00,6.467,42.00
6873834,Female,18,1/12/2025,3476000,379146962.3,4:42:00 PM,17,69.00,,17,52.15,7.00,2.296,42.30,16,65.00,,15,46.00,6:07:00 PM,21.00,5.320,42.90
5001,Female,19,1/12/2025,3476000,379146962.3,4:45:00 PM,12,82.25,,4,48.50,7.00,6.432,41.00,5,73.50,,7,47.50,6:04:00 PM,21.00,6.557,43.40
5002,Male,18,1/12/2025,3476000,379146962.3,4:48:00 PM,11,84.00,,4,54.00,8.00,5.852,50.80,10,73.00,,6,51.00,5:58:00 PM,20.00,7.550,46.00
5003,Female,19,1/12/2025,3476000,379146962.3,4:49:00 PM,14,73.00,,7,49.50,8.00,6.474,43.80,12,68.50,,10,48.00,6:01:00 PM,21.00,6.400,28.06
5004,Female,18,1/12/2025,3476000,379146962.3,4:52:00 PM,5,69.00,,4,45.50,9.00,6.515,43.30,6,70.50,,6,38.75,6:09:00 PM,22.00,6.812,40.10
5005,Female,20,1/12/2025,3476000,379146962.3,4:55:00 PM,16,69.00,,10,49.50,9.00,4.626,47.80,13,69.00,,12,44.50,6:20:00 PM,24.00,6.213,43.10
5006,Female,20,1/12/2025,3476000,379146962.3,4:58:00 PM,11,77.50,,9,56.50,10.00,6.611,55.00,10,78.50,,10,54.00,5:51:00 PM,19.00,6.589,51.50
5007,Female,19,1/12/2025,3476000,379146962.3,,,,,,,,6.743,50.30,11,91.00,,10,65.00,6:49:00 PM,29.00,6.606,47.50
5008,Male,19,1/12/2025,3476000,379146962.3,5:01:00 PM,10,86.00,,6,55.75,10.00,6.185,50.20,,,,,,,,,
5009,Male,18,1/12/2025,3476000,379146962.3,5:04:00 PM,11,73.50,,5,55.00,11.00,7.563,49.70,9,71.00,,7,56.00,"6:12 p,m",22.00,7.691,48.20
5010,Female,20,1/12/2025,3476000,379146962.3,5:08:00 PM,11,72.50,,5,46.50,11.00,6.398,39.30,10,72.00,,6,45.75,6:22:00 PM,25.00,6.448,35.50
5011,Female,26,1/12/2025,3476000,379146962.3,5:09:00 PM,11,76.50,,7,39.50,11.00,5.413,39.50,14,69.00,,6,34.25,6:17:00 PM,23.00,5.116,33.10
5012,Female,20,1/12/2025,3476000,379146962.3,5:12:00 PM,12,83.00,,7,50.50,12.00,6.875,46.80,12,86.25,,9,52.00,6:15:00 PM,23.00,6.842,54.40
5013,Female,18,1/12/2025,3476000,379146962.3,5:16:00 PM,12,73.50,,11,50.00,12.00,3.440,42.20,14,70.50,,11,46.75,6:36:00 PM,27.00,6.932,43.10
5014,Female,18,1/12/2025,3476000,379146962.3,5:14:00 PM,12,80.00,,6,38.50,12.00,6.854,37.10,11,76.75,,7,46.50,6:38:00 PM,28.00,7.253,36.70
5015,Female,19,1/12/2025,3476000,379146962.3,5:18:00 PM,13,73.50,,6,49.00,13.00,6.498,43.30,10,76.50,,5,34.00,6:39:00 PM,28.00,6.698,38.50
5016,Female,19,1/12/2025,3476000,379146962.3,5:20:00 PM,13,74.50,,9,54.00,13.00,5.780,36.60,16,72.50,,9,50.00,6:42:00 PM,28.00,6.600,36.60
31453,GNC,21,1/12/2025,3476000,379146962.3,5:26:00 PM,14,80.00,,7,45.25,14.00,6.170,42.20,10,76.00,,5,34.00,6:45:00 PM,29.00,6.204,35.30
5018,Female,21,1/12/2025,3476000,379146962.3,5:29:00 PM,15,70.00,,7,51.00,15.00,6.512,41.10,8,75.50,,6,44.25,6:25:00 PM,25.00,6.552,35.00
5019,Female,18,1/12/2025,3476000,379146962.3,5:33:00 PM,16,74.50,,6,46.00,16.00,7.079,44.90,4,72.00,,6,48.00,6:28:00 PM,26.00,6.941,45.80
5020,Female,20,1/12/2025,3476000,379146962.3,5:35:00 PM,16,77.50,,9,48.00,16.00,4.310,38.30,8,73.50,,9,44.00,6:52:00 PM,30.00,4.391,37.70
5021,Female,19,1/12/2025,3476000,379146962.3,5:37:00 PM,17,79.25,,11,50.50,17.00,5.932,40.10,9,74.50,,9,44.25,6:53:00 PM,30.00,7.026,44.00
5022,Female,18,1/12/2025,3476000,379146962.3,5:38:00 PM,17,71.00,,6,41.25,17.00,4.559,32.30,11,72.00,,7,39.00,6:43:00 PM,28.00,3.554,19.10
5023,Male,,1/13/2025,3476000,376953400,5:36:00 PM,17,60.50,,9,47.50,5.00,6.781,49.70,14,53.50,,10,49.50,7:06:00 PM,21.00,6.794,49.30
32329,Female,,1/13/2025,3476000,376953400,5:40:00 PM,14,55.50,,9,47.50,5.00,6.562,46.50,11,51.50,,8,45.50,6:58:00 PM,19.00,6.574,42.30
5025,Male,,1/13/2025,3476000,376953400,5:43:00 PM,12,63.00,,5,28.50,6.00,7.103,54.60,10,58.50,,5,26.50,6:51:00 PM,18.00,7.036,44.60
5026,Female,18,1/13/2025,3476000,376953400,5:46:00 PM,13,50.50,,7,49.00,6.00,5.976,45.70,12,48.50,,7,45.50,6:53:00 PM,18.00,5.833,44.90
5027,Female,,1/13/2025,3476000,376953400,5:49:00 PM,18,58.00,,13,55.00,7.00,4.571,49.10,16,54.30,,10,52.00,7:03:00 PM,20.00,4.549,45.50
1043,Female,18,1/13/2025,3476000,376953400,5:51:00 PM,7,42.00,,7,47.00,7.00,5.094,49.00,7,55.00,,7,47.00,6:55:00 PM,19.00,6.573,46.60
5029,Female,20,1/13/2025,3476000,376953400,5:53:00 PM,11,51.50,,8,46.50,8.00,1.562,45.60,,,,,,,,,
5030,Female,,1/13/2025,3476000,376953400,5:57:00 PM,13,53.50,,8,43.00,8.00,3.407,45.20,7,52.70,,7,39.50,7:13:00 PM,22.00,3.907,38.60
5031,Female,18,1/13/2025,3476000,376953400,5:59:00 PM,10,62.00,,8,54.50,9.00,5.047,38.50,9,61.00,,7,47.50,7:22:00 PM,24.00,5.289,40.50
5032,Male,19,1/13/2025,3476000,376953400,6:17:00 PM,8,57.50,,6,44.00,12.00,7.580,56.40,7,63.50,,5,47.00,7:27:00 PM,24.00,7.842,48.40
5034,Male,23,1/13/2025,3476000,376953400,6:22:00 PM,8,57.00,,2,29.00,12.00,6.608,41.10,5,54.00,,5,32.00,7:20:00 PM,23.00,6.664,37.90
5033,Female,18,1/13/2025,3476000,376953400,6:25:00 PM,9,65.00,,5,43.50,13.00,6.694,37.60,7,55.40,,3,28.00,7:35:00 PM,26.00,4.472,34.90
5035,Male,20,1/13/2025,3476000,376953400,6:28:00 PM,11,62.00,,8,48.50,14.00,3.641,25.10,10,52.90,,6,23.50,7:32:00 PM,26.00,4.155,34.40
5036,Female,22,1/13/2025,3476000,376953400,6:30:00 PM,13,57.70,,8,57.00,14.00,7.622,50.20,12,56.60,,7,50.50,7:30:00 PM,25.00,7.321,48.00
5037,Female,18,1/13/2025,3476000,376953400,6:33:00 PM,6,57.00,,7,57.00,14.00,6.568,34.80,6,56.00,,7,37.50,7:38:00 PM,27.00,6.872,34.40
5038,Female,18,1/13/2025,3476000,376953400,6:38:00 PM,11,60.50,,9,44.00,16.00,5.802,42.30,10,60.30,,9,40.50,8:07:00 PM,32.00,6.334,35.20
5039,Female,18,1/13/2025,3476000,376953400,6:41:00 PM,16,63.00,,16,34.00,16.00,2.147,25.50,15,62.80,,14,35.50,7:37:00 PM,27.00,3.675,35.60
5040,Female,19,1/13/2025,3476000,376953400,6:43:00 PM,13,54.50,,9,36.00,17.00,6.055,44.60,10,52.00,,9,29.60,8:04:00 PM,31.00,6.138,44.60
1034,Female,19,5/13/2025,3476000,396614583.000,10:21:00 PM,13,48,,7,47.00,5.00,5.736,47.50,12,53.00,,6,49.00,11:53:00 PM,17.00,5.444,43.00
5050,Male,25,5/13/2025,3476000,396614583.000,10:31:00 PM,12,55.00,,6,52.00,7.00,7.493,55.50,13,62.00,,5,41.50,11:58:00 PM,17.00,7.815,49.50
5051,Female,,5/13/2025,3476000,396614583.000,10:39:00 PM,10,58.50,,5,41.00,8.00,4.935,39.5,10.00,59.00,,5,42.50,12:13:00 AM,19.00,5.256,39.50
6006,Male,21,8/7/2025,3476000,390502493.6,7:57:00 PM,12,78.50,,4,48.40,3.00,6.549,46,13,75.40,,5,49.00,9:00:00 PM,12.00,4.200,65.06
6006,Male,21,8/7/2025,3476000,390502493.6,9:30:00 PM,13,75.40,,5,49.00,16.00,4.07,67.7,,,,,,,,,
6041,Female,19,8/7/2025,3476000,390502493.6,8:04:00 PM,8,60.30,,4,45.50,4.00,6.833,41.20,4,61.50,,7,43.80,9:37:00 PM,17.00,3.900,71.59
1028,Male,56,8/7/2025,3476000,390502493.6,8:54:00 PM,18,66.50,,10,53.50,2.50,4.350,67.56,17,74.50,,10,54.00,9:53:00 PM,19.00,4.150,76.43
6044,Female,,8/7/2025,3476000,390502493.6,7:55:00 PM,13,66.50,,9,46.50,2.50,8.158,42.30,12,63.40,,7,41.40,9:38:00 PM,17.00,6.785,37.50
6045,Male,,8/7/2025,3476000,390502493.6,7:58:00 PM,13,78.50,,5,55.10,3.00,7.606,53.00,11,60.30,,5,41.40,9:28:00 PM,16.00,7.507,51.00
6043,Female,,8/7/2025,3476000,390502493.6,8:01:00 PM,16,77.00,,7,52,3.50,5.847,47.50,11,73.80,,10,52.40,9:49:00 PM,19.00,6.031,49.00
6046,Female,,8/7/2025,3476000,390502493.6,8:03:00 PM,17,56.50,,8,54.80,4.00,5.693,45.70,13,60.70,,7,49.40,9:44:00 PM,18.00,6.614,41.00
6028,Female,49,8/9/2025,3476000,379991867.9,9:22:00 PM,10,69.50,,10,63.90,7.00,4.104,52.30,11,71.50,,10,57.50,10:40:00 PM,20.00,5.825,40.40
6014,Female,,8/9/2025,3476000,379991867.9,9:35:00 PM,11,78.00,,9,60.90,9.00,5.706,53.80,10,70.30,,9,60.20,11:02:00 PM,23.00,4.496,46.00
6047,Female,26,8/9/2025,3476000,379991867.9,9:13:00 PM,12,67.20,,8,51.50,5.00,7.780,47.00,10,80.00,,7,49.20,10:45:00 PM,21.00,7.025,44.20
6048,Male,,8/9/2025,3476000,379991867.9,9:18:00 PM,17,81.00,,9,63.10,6.00,7.996,42.00,14,80.60,,8,61.90,10:48:00 PM,21.00,7.316,55.10
6,Male,,8/9/2025,3476000,379991867.9,9:25:00 PM,17,78.40,,10,63.90,7.00,8.055,50.50,14,80.50,,9,60.40,10:53:00 PM,22.00,8.728,45.40
6049,Female,,8/9/2025,3476000,379991867.9,9:30:00 PM,13,68.70,,9,37.90,8.00,5.855,42.90,10,71.50,,9,44.30,10:57:00 PM,23.00,5.825,43.30
Averages,,,,,,,,,,,,,,45.03,,,,,,,,,45.62