ID,Gender,Age,Notes,"Order (BTT= Bottom to Top, TTB = Top to Bottom, PTL = Disk7 to Lamp 7, LTP = Lampt 7 to Disk7",Date,Time,Disk7 1st Caliper Aperture (cm),Disk7 1st Caliper Distance (cm),Disk7 2nd Caliper Aperture (cm),Disk7 2nd Caliper Distance (cm),Disk7 Width (cm),Disk7 Distance (cm),Disk7b 1st Caliper Aperture (cm),Disk7b 1st Caliper Distance (cm),Disk7b 2nd Caliper Aperture (cm),Disk7b 2nd Caliper Distance (cm),Disk7b Width (cm),Disk7b Distance (cm),Lamp7 1st Caliper Aperture (cm),Lamp7 1st Caliper Distance (cm),Lamp7 2nd Caliper Aperture (cm),Lamp7 2nd Caliper Distance (cm),Lamp7 Width (cm),Lamp7 Distance (cm),BottomProbe 1st Caliper Aperture (cm),BottomProbe 1st Caliper Distance (cm),BottomProbe 2nd Caliper Aperture (cm),BottomProbe 2nd Caliper Distance (cm),BottomProbe Width (cm),BottomProbe Distance (cm),SecondProbe 1st Caliper Aperture (cm),SecondProbe 1st Caliper Distance (cm),SecondProbe 2nd Caliper Aperture (cm),SecondProbe 2nd Caliper Distance (cm),SecondProbe Width (cm),SecondProbe Distance (cm),MiddleProbe 1st Caliper Aperture (cm),MiddleProbe 1st Caliper Distance (cm),MiddleProbe 2nd Caliper Aperture (cm),MiddleProbe 2nd Caliper Distance (cm),MiddleProbe Width (cm),MiddleProbe Distance (cm),FourthProbe 1st Caliper Aperture (cm),FourthProbe 1st Caliper Distance (cm),FourthProbe 2nd Caliper Aperture (cm),FourthProbe 2nd Caliper Distance (cm),FourthProbe Width (cm),FourthProbe Distance (cm),NewTopProbe 1st Caliper Aperture (cm),NewTopProbe 1st Caliper Distance (cm),NewTopProbe 2nd Caliper Aperture (cm),NewTopProbe 2nd Caliper Distance (cm),NewTopProbe Width (cm),NewTopProbe Distance (cm)
7010,Female,31,,"1: PTL, TTB 2: LTP, BTT",11/24/25,,6.052,13.5,5.933,11,8.3,1255,,,,,,,6.287,12.2,6.613,10.7,40.64,5965,6.183,9.3,6.203,8.6,8.38,1255,6.144,10.7,6.22,9.1,8.38,1255,6.184,9,6.12,9.7,8.38,1255,6.199,9.5,5.998,9.2,8.38,1255,6.08,10.2,6.147,8.5,8.38,1255
7011,Female,22,,"1: PTL, BTT 2: PTL, BTT",11/25/25,,6.45,9,6.533,9,8.3,1255,,,,,,,6.562,7.9,6.483,8.6,40.64,5965,6.291,6.4,6.451,9,8.38,1255,6.139,7,6.152,7.8,8.38,1255,6.313,9,6.024,7,8.38,1255,7.036,9.1,6.167,7,8.38,1255,6.49,7,6.064,7.1,8.38,1255
7012,Female,18,,"1: LTP, BTT 2: PTL, TTB",11/25/25,,6.127,6,6.269,5.6,8.3,1255,,,,,,,6.189,7.9,6.09,4.9,40.64,5965,6.247,6.1,6.339,5,8.38,1255,6.228,6,6.45,4.4,8.38,1255,6.271,6.9,6.123,4.6,8.38,1255,6.785,5.5,6.531,4,8.38,1255,6.598,5,6.148,3.8,8.38,1255
7013,Male,19,,"1: BTT, PTL 2: TTB, LTP",11/25/25,11:30,6.189,11.7,5.992,10.8,8.3,1255,,,,,,,6.673,9,6.089,9.5,40.64,5965,6.377,13.9,6.803,11,8.38,1255,6.233,13.6,6.243,10.6,8.38,1255,6.685,11,6.234,10.1,8.38,1255,6.343,10.7,6.347,9.2,8.38,1255,6.778,9.3,6.18,8.9,8.38,1255
6001,Male,28,,"1: PTL, BTT 2: LTP, TTB",11/25/25,12:30,5.921,14.4,6.202,13.9,8.3,1255,,,,,,,6.163,14.7,6.24,14,40.64,5965,6.471,12.1,6.03,12.9,8.38,1255,6.25,12.5,6.651,11.6,8.38,1255,6.452,13.1,7.006,11.9,8.38,1255,6.249,12.5,6.384,13.1,8.38,1255,6.225,11.8,6.566,11.5,8.38,1255
7014,Female,25,,"1: BTT, PTL 2: TTB, LTP",11/25/25,14:20,6.794,10.5,6.455,7.9,8.3,1255,,,,,,,6.38,10.6,6.101,9,40.64,5965,6.485,6.9,6.448,8.4,8.38,1255,6.27,6.9,6.439,8.4,8.38,1255,6.643,6.5,6.517,9,8.38,1255,6.398,7,6.284,9,8.38,1255,7.039,7.6,6.374,7.9,8.38,1255
1032,Male,,,"1: BTT, PTL 2: TTB, LTP",11/26/25,09:00,6.012,12.5,5.946,11.2,8.3,1255,,,,,,,6.062,11.5,6.073,10.6,40.64,5965,5.876,11,6.226,12.4,8.38,1255,6.094,13.6,6.202,10.1,8.38,1255,6.078,9.4,6.238,12.3,8.38,1255,6.264,12.9,6.176,11.4,8.38,1255,6.1,12.7,6.235,11,8.38,1255
7015,Female,19,,"1: PTL, TTB 2: PTL, BTT",11/26/25,10:30,6.41,11.4,6.317,8.6,8.3,1255,,,,,,,6.208,8.6,6.233,6.5,40.64,5965,6.348,8.6,6.243,9,8.38,1255,6.567,10,5.881,7.5,8.38,1255,6.463,6.8,5.993,6.1,8.38,1255,6.387,8.5,6.295,5.4,8.38,1255,6.47,8.2,6.421,5,8.38,1255
7016,Male,18,,"1: PTL, BTT 2: LTP, TTB",11/26/25,13:08,5.523,7.5,5.678,12,8.3,1255,,,,,,,6.002,11,4.944,7.1,40.64,5965,6.333,10.1,6.19,13.1,8.38,1255,6.618,9.9,6.275,10.9,8.38,1255,5.864,11,5.662,11,8.38,1255,6.319,8.5,6.199,9.5,8.38,1255,6.142,8,5.576,12,8.38,1255
7017,Female,21,,"1: TTB, LTP 2: BTT, PTL",11/26/25,14:25,6.287,16.1,6.365,14.6,8.3,1255,,,,,,,6.294,15.2,6.218,13.9,40.64,5965,6.381,12.8,6.394,18.5,8.38,1255,6.35,14.7,6.216,13.5,8.38,1255,6.297,13.2,6.349,12.5,8.38,1255,6.468,11.6,6.248,12.5,8.38,1255,6.319,13.4,6.164,14,8.38,1255
7018,Female,21,,"1: PTL, BTT 2: LTP, TTB",11/26/25,15:26,5.157,16.6,5.611,12.8,8.3,1255,,,,,,,5.638,12.9,5.268,12,40.64,5965,5.379,13.6,5.527,12.1,8.38,1255,5.602,13.1,5.521,12.1,8.38,1255,5.384,11.9,5.301,11,8.38,1255,5.369,10.7,5.57,10.1,8.38,1255,5.515,11.4,5.504,8.1,8.38,1255
7019,Female,18,,"1: LTP, TTB 2: PTL, BTT",12/4/25,14:47,6.232,6.5,6.037,8.8,8.3,1255,,,,,,,6.346,6.1,6.164,8.1,40.64,5965,6.488,9.6,6.553,11,8.38,1255,6.476,7.9,6.53,10.2,8.38,1255,6.476,8.3,6.401,8.7,8.38,1255,6.429,9,6.449,8.5,8.38,1255,6.336,8.6,6.434,10.4,8.38,1255
7021,Male,20,,"1: BTT, PTL 2: TTB, LTP",12/5/25,1557,6.835,14.5,6.54,17.1,8.3,1255,,,,,,,6.706,16.7,6.812,16,40.64,5965,6.995,16,6.959,16,8.38,1255,6.95,14.9,6.843,14.7,8.38,1255,7.003,14.6,7.051,14.8,8.38,1255,7.069,14.7,7.146,14.4,8.38,1255,6.971,13.5,7.14,14.6,8.38,1255
7022,Female,21,,,12/10/25,13:30,6.313,16,6.499,15.5,8.3,1255,6.385,17.7,6.54,16.4,19.86,3000,6.539,16.5,6.514,18.3,40.64,5965,6.24,18.5,6.523,22.1,8.38,1255,6.096,17.6,6.508,23.6,8.38,1255,6.32,17.2,6.498,19.7,8.38,1255,6.356,15.9,6.256,17.8,8.38,1255,6.462,15.7,6.197,15.5,8.38,1255
7023,Female,19,,,12/10/25,14,6.225,11.1,5.953,7.5,8.3,1255,6.257,9,6.159,9.7,19.86,3000,6.074,8,6.092,9.3,40.64,5965,6.188,9.5,6.02,8.1,8.38,1255,6.153,9.3,6.051,8.8,8.38,1255,6.32,9.1,6.074,8.5,8.38,1255,6.161,8.4,6.149,8,8.38,1255,6.016,7,6.125,8,8.38,1255
7024,Female,20,,"BTT, PTL,TTB, LTP",12/11/25,13:45,5.887,12.35,5.981,11.4,8.3,1255,5.885,12.4,6.41,11,19.86,3000,6.121,12,6.43,11.8,40.64,5965,6.306,12.5,6.045,11.2,8.38,1255,6.53,12.4,6.254,12.6,8.38,1255,6.602,13.3,6.117,12,8.38,1255,6.537,12.4,6.352,12,8.38,1255,6.433,10.3,6.505,10.5,8.38,1255
7025,Female,18,7b slightly offcentered,"BTT, PTL TTB, LTP",12/12/25,13:40,5.945,15.4,5.92,12.6,8.3,1255,6.015,14.4,5.949,12,19.86,3000,5.897,14.3,6.029,12.9,40.64,5965,4.399,10,5.782,14.1,8.38,1255,4.314,11.5,5.717,13.6,8.38,1255,5.98,11.5,5.974,12.9,8.38,1255,6.111,10.3,6.004,10.8,8.38,1255,6.003,10.3,5.935,11.1,8.38,1255
7026,Nonbinary,22,,"TTB, PTL, BTT, PTL",12/12/25,14:10,5.73,10.5,5.723,14,8.3,1255,5.69,11.1,5.795,13.5,19.86,3000,5.81,11.5,5.646,12.9,40.64,5965,5.817,14.2,5.642,12.6,8.38,1255,5.87,14.2,5.691,13,8.38,1255,5.896,15,5.737,13,8.38,1255,5.851,14.2,5.684,11.8,8.38,1255,6.065,13.7,5.775,11,8.38,1255
7028,Male,28,,"BTT, PTL,TTB, LTP",12/18/25,14:15,6.376,26.2,5.869,20.9,8.3,1255,6.389,25.7,6.214,20.2,19.86,3000,6.344,27.7,6.209,20,40.64,5965,6.537,33,6.175,25.2,8.38,1255,6.51,32.5,6.324,26.2,8.38,1255,6.488,31.3,6.273,30.1,8.38,1255,6.172,31.7,6.4,28.1,8.38,1255,6.344,30,6.331,27.5,8.38,1255
7029,Female,29,,"BTT, PTL,TTB, LTP",12/18/25,14:55,5.915,17.7,6.128,21.3,8.3,1255,6.016,17.6,6.112,20,19.86,3000,5.894,16.5,6.005,19.3,40.64,5965,6.091,18.9,6.056,18.8,8.38,1255,6.086,17.9,6.333,19,8.38,1255,6.213,18.4,6.108,17.5,8.38,1255,6.081,18,6.06,19.6,8.38,1255,6.081,17.4,6.156,18.5,8.38,1255
34294,Female,19,,"PTL, BTT; LTP, TTB",1/13/26,13:03,5.837,13.3,5.91,13,8.3,1255,5.834,13.3,5.954,12.7,19.86,3000,5.949,14,5.949,14,40.64,5965,5.948,10.9,6.065,12.9,8.38,1255,6.013,12.1,6.022,13,8.38,1255,5.857,12,6.079,13,8.38,1255,6.195,11.3,6.068,12.9,8.38,1255,6.105,11.5,6.129,13.1,8.38,1255
34318,Female,NA,"confused at first, did not take the fixed hand position correctness, was farsighted but did not wear glasses","PTL, BTT; LTP, TTB",1/15/26,15:41,3.851,13.5,5.569,12.3,8.3,1255,5.222,13.2,5.618,12.8,19.86,3000,5.743,14.2,5.633,12.5,40.64,5965,5.673,10.9,5.847,12.7,8.38,1255,5.577,10.5,5.698,13.4,8.38,1255,5.423,11.3,5.652,13,8.38,1255,5.46,9.7,5.476,11.9,8.38,1255,5.639,10.5,5.463,11.7,8.38,1255
7031,Female,37,subject may have mobility constraints,"TTB, LTP; PTL, BTT",1/16/26,14:15,5.255,22.7,4.57,18.5,8.3,1255,5.931,26.6,5.2,21,19.86,3000,5.33,28.8,6.171,22.6,40.64,5965,4.063,22.4,4.028,22,8.38,1255,3.92,23.9,4.669,23.1,8.38,1255,4.807,18,4.638,24,8.38,1255,4.12,24.6,5.869,27,8.38,1255,6.148,23,5.1,23.5,8.38,1255
7032,Male,61,,"BTT, LTP; TTB, PTL",1/16/26,16:00,5.902,17,5.94,17.4,8.3,1255,5.92,17.9,5.999,17.9,19.86,3000,5.907,17.2,6.042,17,40.64,5965,5.927,19,6.21,17,8.38,1255,6.179,17.8,6.164,18,8.38,1255,6.207,17.5,6.148,17.8,8.38,1255,6.176,17.4,6.094,17.1,8.38,1255,6.091,17.7,6.184,17.5,8.38,1255
7033,Male,28,,"PTL, BTT, LTP, TTB",1/19/26,14:18,6.16,12.4,6.028,9,8.3,1255,6.118,13,6.076,9.6,19.86,3000,6.208,12.1,6.078,10.2,40.64,5965,6.133,11,6.089,10.1,8.38,1255,6.112,9.6,6.089,11.3,8.38,1255,6.111,11.4,6.107,11.6,8.38,1255,6.092,10.6,6.061,11.4,8.38,1255,6.122,10.4,6.076,11.1,8.38,1255
7034,Male,36,,"BTT, PTL; TTB, LTP",1/19/26,15:49,5.623,10.3,5.755,9.5,8.3,1255,5.919,8.7,5.916,9,19.86,3000,5.952,9.5,5.856,8,40.64,5965,6.093,10.1,6.01,6,8.38,1255,6.119,12,5.959,6.5,8.38,1255,6.057,9.5,5.995,6.1,8.38,1255,6.089,6.6,5.959,6.1,8.38,1255,5.99,6.5,5.958,6.4,8.38,1255
7035,Female,34,,"BTT, PTL; TTB, LTP",1/20/26,13:30,5.731,11.4,5.989,9.1,8.3,1255,5.978,10.7,5.938,9.8,19.86,3000,5.928,9.1,5.968,10,40.64,5965,6.436,8.5,6.304,10,8.38,1255,6.213,11.1,6.3,10.7,8.38,1255,6.388,13.6,6.366,9.5,8.38,1255,6.185,12.5,6.483,9.1,8.38,1255,6.104,9.9,6.309,9.1,8.38,1255
7036,Female,20,,"PTL, TTB; LTP, BTT",1/20/26,14:00,6.39,14.5,6.215,11,8.3,1255,6.562,15,6.237,10.5,19.86,3000,6.636,14.5,6.372,12.1,40.64,5965,6.538,11.1,6.465,13.1,8.38,1255,6.483,12.7,6.413,12.1,8.38,1255,6.522,13.2,6.499,12.1,8.38,1255,6.582,12.8,6.638,12.4,8.38,1255,6.536,13.2,6.486,11.6,8.38,1255
7037,Female,19,,"BTT, LTP; TTB, PTL",1/22/26,14:10,5.732,8.9,5.527,8.5,8.3,1255,5.474,8.2,5.697,8.4,19.86,3000,5.736,8.9,5.592,8,40.64,5965,5.819,8.4,5.709,8.4,8.38,1255,5.715,8,5.703,8.5,8.38,1255,5.431,8.3,5.798,8,8.38,1255,5.439,8.8,5.553,8.8,8.38,1255,5.631,8,5.416,8.6,8.38,1255
7038,Male,27,,"PTL, BTT; LTP, TTB",1/26/26,13:35,6.167,17.9,6.083,21.5,8.3,1255,6.08,17,6.159,22.1,19.86,3000,6.102,17.4,6.159,22.1,40.64,5965,6.36,20.5,6.176,19.8,8.38,1255,6.283,21,6.261,19.6,8.38,1255,6.44,21,6.215,19.4,8.38,1255,6.188,20,6.318,19.6,8.38,1255,6.272,20.4,6.334,18,8.38,1255
7039,Female,22,,"PTL, BTT; LTP, TTB",1/26/26,14:07,6.185,8,6.199,7.9,8.3,1255,6.353,8,6.236,8.7,19.86,3000,6.006,8.6,6.058,9.4,40.64,5965,6.091,7.5,6.125,9,8.38,1255,6.117,8,6.086,9,8.38,1255,6.273,8.1,6.116,8.6,8.38,1255,6.371,8,6.182,8.1,8.38,1255,6.298,8.1,6.075,8.8,8.38,1255
7040,Female,56,Had trouble understanding directions,"PTL, BTT; LTP, TTB",1/26/26,14:45,4.756,12.4,5.596,10.9,8.3,1255,5.061,10,6.059,10.6,19.86,3000,5.512,11.1,5.764,8.8,40.64,5965,5.5,8.6,5.434,9.9,8.38,1255,5.708,10,5.653,11,8.38,1255,5.644,9,5.459,8,8.38,1255,5.597,8.1,5.678,7.9,8.38,1255,4.986,9.4,5.743,7.6,8.38,1255
7041,Female,24,,"PTL, BTT; LTP, TTB",1/26/26,15:20,6.446,12.7,6.565,13.5,8.3,1255,6.389,13,6.393,12.9,19.86,3000,6.519,12.1,6.328,12.8,40.64,5965,6.256,12.5,6.354,7.7,8.38,1255,6.381,12.5,6.358,7,8.38,1255,6.185,12,5.812,7.7,8.38,1255,6.268,11.3,6.4,7.8,8.38,1255,6.473,9,6.31,7.7,8.38,1255
7044,Female,23,,"PTL, BTT, LTP, TTB",2/20/26,13:00,6.261,11.4,6.278,10.1,8.3,1255,6.582,11.2,6.326,11.1,19.86,3000,6.292,11.2,6.341,10.7,40.64,5965,6.726,9.5,6.888,11,8.38,1255,6.911,9.5,6.888,10,8.38,1255,6.997,9.5,6.816,9.6,8.38,1255,7.009,8.6,6.837,10.4,8.38,1255,6.809,8.7,6.994,9.3,8.38,1255
7043,Female,19,,"BTT, PTL, TTB, PTL",2/4/26,09:30,6.234,19.9,6.046,18.5,8.3,1255,6.009,19.9,6.178,21.5,19.86,3000,6.364,21.2,6.4,19.2,40.64,5965,5.788,23.5,6.107,22,8.38,1255,5.987,22.1,5.774,21.5,8.38,1255,6.291,19.1,5.945,20,8.38,1255,6.087,18.1,5.742,18.6,8.38,1255,6.018,17.2,5.469,18.2,8.38,1255
7047,Female,63,"struggled with caliper apertures on some lamps, said the image would jump to a different visual plane","PTL, BTT, LTP, TTB",3/31/26,13:35,8.415,18.5,2.657,16.8,8.3,1255,7.264,20,4.999,17.5,19.86,3000,5.47,13,5.07,20.2,40.64,5965,5.744,22,0.417,16.7,8.38,1255,3.41,16.5,3.507,16.5,8.38,1255,6.173,20,3.781,15,8.38,1255,0.269,18.3,6.396,15,8.38,1255,5.69,16.6,1.564,13.8,8.38,1255
7048,Female,22,also commented on disparity task being hard due to image jumping into different plane,"BTT, LTP; TTB, PTL",4/8/26,13:10,5.811,15.8,5.58,14.5,8.3,1255,5.674,13,5.463,15.3,19.86,3000,5.774,15.6,5.691,14,40.64,5965,6.179,15.1,5.816,14.6,8.38,1255,5.738,15.1,5.674,16,8.38,1255,5.948,12.6,5.85,13,8.38,1255,5.625,14.6,5.528,11.5,8.38,1255,5.571,14.5,5.812,15,8.38,1255
7049,Female,36,,"PTL, TTB; LTP, BTT",4/8/26,14:05,6.308,17.3,6.319,30.1,8.3,1255,6.327,23.6,6.714,30.9,19.86,3000,6.471,29,6.671,29.5,40.64,5965,6.618,25.6,6.62,27.5,8.38,1255,6.578,23.2,6.5,26,8.38,1255,6.764,27.5,6.455,27,8.38,1255,6.499,29,7.164,27.4,8.38,1255,6.591,30.5,6.67,28.6,8.38,1255
7050,Male,23,amblyopia,"BTT, TTB",4/27/26,13:40,,,,,,,,,,,,,,,,,,,6.492,18.1,6.257,13.2,8.38,1255,6.414,15.6,6.321,11.4,8.38,1255,6.34,15.3,6.411,13.2,8.38,1255,6.288,12.4,6.328,11.6,8.38,1255,6.289,12.9,6.334,12.4,8.38,1255
7051,Female,38,couldn't keep both elbows on the table,"PTL, TTB, LTP, BTT",4/28/26,09:50,8.176,41.8,5.552,39.5,8.3,1255,5.711,39.9,4.489,40.6,19.86,3000,6.233,39.6,5.155,40.2,40.64,5965,6.067,34,4.524,34,8.38,1255,6.12,34.6,5.922,34.5,8.38,1255,4.831,33.9,5.684,33.3,8.38,1255,5.74,34,7.138,32.8,8.38,1255,5.057,32.7,6.743,34.1,8.38,1255
7052,Male,82,couldn't keep both elbows on the table,"BTT, PTL, TTB, LTP",4/28/26,11:25,6.951,38.7,7.161,52,8.3,1255,8.192,38.8,6.906,47,19.86,3000,7.812,43.2,6.926,48.8,40.64,5965,8.009,28.3,7.783,38,8.38,1255,8.653,34.3,8.807,40.2,8.38,1255,8.275,37.7,10.487,47.2,8.38,1255,9.477,42.1,8.653,39,8.38,1255,7.555,29,9.363,44.5,8.38,1255
7053,Female,27,,"LTP, TTB, PTL, BTT",4/28/26,02:35,5.972,12.8,5.92,11.6,8.3,1255,6.032,13.1,5.9,13,19.86,3000,6.173,13.6,5.832,13.2,40.64,5965,6.145,13.9,6.048,15.7,8.38,1255,6.305,13,6.153,17.1,8.38,1255,6.202,14.1,5.798,13,8.38,1255,6.356,10.8,5.71,12.7,8.38,1255,6.343,12.3,6.064,12.2,8.38,1255
Averages,,,,,,,,14.89390244,,14.67560976,,,,15.27896429,,16.63214286,,,,14.99268293,,14.60243902,,,,14.39047619,,14.53333333,,,,14.50714286,,14.38333333,,,,14.31190476,,14.10714286,,,,14.06428571,,13.58333333,,,,13.40714286,,13.51666667,,
Mean average:,14.49253145,,,,,,,,,,,,,,,,,,,,,,,,,,,,,,,,,,,,,,,,,,,,,,,,,,,,,
,0.774555587,,,,,,,,,,,,,,,,,,,,,,,,,,,,,,,,,,,,,,,,,,,,,,,,,,,,,
,,,,,,,,,,,,5.711,,,,,,,,,,,,,,,,,,,,,,,,,,,,,,,,,,,,,,,,,,
,,,,,,,,,,,,,,,,,,,,,,,,,,,,,,,,,,,,,,,,,,,,,,,,,,,,,,
,,,,,,,,,,,,,,,,,,,,,,,,,,,,,,,,,,,,,,,,,,,,,,,,,,,,,,
,,,,,,,,,,,,,,,,,,,,,,,,,,,,,,,,,,,,,,,,,,,,,,,,,,,,,,
,,,,,,,,,,,,,,,,,,,,,,,,,,,,,,,,,,,,,,,,,,,,,,,,,,,,,,
,,,,,,,,,,,,,,,,,,,,,,,,,,,,,,,,,,,,,,, ,,,,,,,,,,,,,,,
,,,,,,,,,,,,,,,,,,,,,,,,,,,,,,,,,,,,,,,,,,,,,,,,,,,,,,
,,,,,,,,,,,,,,,,,,,,,,,,,,,,,,,,,,,,,,,,,,,,,,,,,,,,,,
,,,,,,,,,,,,,,,,,,,,,,,,,,,,,,,,,,,,,,,,,,,,,,,,,,,,,,
,,,,,,,,,,,,,,,,,,,,,,,,,,,,,,,,,,,,,,,,,,,,,,,,,,,,,,
,,,,,,,,,,,,,,,,,,,,,,,,,,,,,,,,,,,,,,,,,,,,,,,,,,,,,,
,,,,,,,,,,,,,,,,,,,,,,,,,,,,,,,,,,,,,,,,,,,,,,,,,,,,,,
,,,,,,,,,,,,,,,,,,,,,,,,,,,,,,,,,,,,,,,,,,,,,,,,,,,,,,
,,,,,,,,,,,,,,,,,,,,,,,,,,,,),,,,,,,,,,,,,,,,,,,,,,,,,,