ID,Session,Task,Altitude,Disparity_VA,Reported_Visual_Angle,Real_Visual_Angle,Ratio_Visual_Angle,Distance,Date
1000,Lower,Perceptual,12,,3.003846561,0.5039,5.961195795,395235.5743,May 22nd
1000,Lower,Adjusted,12,,0.924416053,0.5039,1.834522828,395235.5743,May 22nd
1000,Higher,Perceptual,25,,2.565944512,0.5039,5.092170096,395235.5743,May 22nd
1000,Higher,Adjusted,25,,0.993777987,0.5039,1.972173024,395235.5743,May 22nd
1001,Lower,Perceptual,13,,2.767684755,0.5039,5.492527793,395235.5743,May 22nd
1001,Lower,Adjusted,13,,1.517475181,0.5039,3.011460966,395235.5743,May 22nd
1001,Higher,Perceptual,21,,2.142761195,0.5039,4.252354029,395235.5743,May 22nd
1001,Higher,Adjusted,21,,1.138579295,0.5039,2.259534223,395235.5743,May 22nd
1002,Lower,Perceptual,14,,1.020879608,0.5039,2.025956753,395235.5743,May 22nd
1002,Lower,Adjusted,14,,1.117232299,0.5039,2.217170667,395235.5743,May 22nd
1002,Higher,Perceptual,24,,0.924416053,0.5039,1.834522828,395235.5743,May 22nd
1002,Higher,Adjusted,24,,0.916712916,0.5039,1.819235793,395235.5743,May 22nd
1003,Lower,Perceptual,16,,1.582816629,0.5039,3.141132425,395235.5743,May 22nd
1003,Lower,Adjusted,16,,1.666668781,0.5039,3.307538759,395235.5743,May 22nd
1003,Higher,Perceptual,21,,1.909682508,0.5039,3.78980454,395235.5743,May 22nd
1003,Higher,Adjusted,21,,1.248180116,0.5039,2.477039326,395235.5743,May 22nd
1004,Lower,Perceptual,16,,1.926579182,0.5039,3.823336341,395235.5743,May 22nd
1004,Lower,Adjusted,16,,1.201022629,0.5039,2.383454314,395235.5743,May 22nd
1004,Higher,Perceptual,22,,1.426474292,0.5039,2.830867816,395235.5743,May 22nd
1004,Higher,Adjusted,22,,1.083789326,0.5039,2.150802392,395235.5743,May 22nd
1005,Lower,Perceptual,16,,2.134301817,0.5039,4.235566217,395235.5743,May 22nd
1005,Lower,Adjusted,16,,3.34275657,0.5039,6.633769735,395235.5743,May 22nd
1005,Higher,Perceptual,24,,1.270872456,0.5039,2.522072745,395235.5743,May 22nd
1005,Higher,Adjusted,24,,1.666668781,0.5039,3.307538759,395235.5743,May 22nd
1006,Lower,Perceptual,17,,1.853903911,0.5039,3.679110757,395235.5743,May 22nd
1006,Lower,Adjusted,17,,2.153515502,0.5039,4.273696174,395235.5743,May 22nd
1006,Higher,Perceptual,23,,0.921438037,0.5039,1.828612894,395235.5743,May 22nd
1006,Higher,Adjusted,23,,1.752440156,0.5039,3.477753832,395235.5743,May 22nd
1007,Lower,Perceptual,17.5,,1.697914289,0.5039,3.369546117,395235.5743,May 22nd
1007,Lower,Adjusted,17.5,,2.229608397,0.5039,4.424704101,395235.5743,May 22nd
1007,Higher,Perceptual,22.5,,1.189758966,0.5039,2.361101342,395235.5743,May 22nd
1007,Higher,Adjusted,22.5,,1.25469542,0.5039,2.48996908,395235.5743,May 22nd
1008,Lower,Perceptual,18,,1.136561932,0.5039,2.255530725,395235.5743,May 22nd
1008,Lower,Adjusted,18,,1.039290294,0.5039,2.062493142,395235.5743,May 22nd
1008,Higher,Perceptual,23,,0.928076632,0.5039,1.841787322,395235.5743,May 22nd
1008,Higher,Adjusted,23,,1.057738196,0.5039,2.099103385,395235.5743,May 22nd
1009,Lower,Perceptual,18,,2.160900419,0.5039,4.288351695,395235.5743,May 22nd
1009,Lower,Adjusted,18,,1.901557694,0.5039,3.773680679,395235.5743,May 22nd
1009,Higher,Perceptual,24,,1.596343233,0.5039,3.167976252,395235.5743,May 22nd
1009,Higher,Adjusted,24,,1.934478898,0.5039,3.83901349,395235.5743,May 22nd
1010,Lower,Perceptual,19,,0.863572212,0.5039,1.713776964,395235.5743,May 22nd
1010,Lower,Adjusted,19,,2.291525676,0.5039,4.547580227,395235.5743,May 22nd
1010,Higher,Perceptual,23,,0.948322287,0.5039,1.881965245,395235.5743,May 22nd
1010,Higher,Adjusted,23,,1.460401583,0.5039,2.898197228,395235.5743,May 22nd
1011,Lower,Perceptual,19,,1.713489173,0.5039,3.400454798,395235.5743,May 22nd
1011,Lower,Adjusted,19,,2.661002958,0.5039,5.280815554,395235.5743,May 22nd
1011,Higher,Perceptual,25,,1.127396704,0.5039,2.23734214,395235.5743,May 22nd
1011,Higher,Adjusted,25,,2.613038694,0.5039,5.185629478,395235.5743,May 22nd
1012,Lower,Perceptual,7.5,,1.311532863,0.5317,2.46667832,374537.8,Jul 20th
1012,Lower,Adjusted,7.5,,1.215621372,0.5317,2.28629184,374537.8,Jul 20th
1012,Higher,Perceptual,16,,1.182136805,0.5317,2.223315413,374537.8,Jul 20th
1012,Higher,Adjusted,16,,1.069490163,0.5317,2.011454135,374537.8,Jul 20th
1013,Lower,Perceptual,8,,2.218797309,0.5317,4.173024842,374537.8,Jul 20th
1013,Lower,Adjusted,8,,0.793313504,0.5317,1.492032168,374537.8,Jul 20th
1013,Higher,Perceptual,17,,1.212839393,0.5317,2.281059607,374537.8,Jul 20th
1013,Higher,Adjusted,17,,1.170256088,0.5317,2.200970638,374537.8,Jul 20th
1014,Lower,Perceptual,9,,1.13018147,0.5317,2.125599905,374537.8,Jul 20th
1014,Lower,Adjusted,9,,1.13018147,0.5317,2.125599905,374537.8,Jul 20th
1014,Higher,Perceptual,19,,0.884803315,0.5317,1.664102529,374537.8,Jul 20th
1014,Higher,Adjusted,19,,1.31882575,0.5317,2.480394489,374537.8,Jul 20th
1015,Lower,Perceptual,10,,1.250040148,0.5317,2.351025293,374537.8,Jul 20th
1015,Lower,Adjusted,10,,0.677124059,0.5317,1.273507727,374537.8,Jul 20th
1015,Higher,Perceptual,19,,0.99855831,0.5317,1.878048354,374537.8,Jul 20th
1015,Higher,Adjusted,19,,0.841882021,0.5317,1.583377884,374537.8,Jul 20th
1016,Lower,Perceptual,10,,1.838438161,0.5317,3.457660638,374537.8,Jul 20th
1016,Lower,Adjusted,10,,1.738875801,0.5317,3.270407751,374537.8,Jul 20th
1016,Higher,Perceptual,19,,1.343709929,0.5317,2.527195654,374537.8,Jul 20th
1016,Higher,Adjusted,19,,4.627444996,0.5317,8.703112649,374537.8,Jul 20th
1017,Lower,Perceptual,10,,2.241722751,0.5317,4.216142093,374537.8,Jul 20th
1017,Lower,Adjusted,10,,1.090255721,0.5317,2.050509162,374537.8,Jul 20th
1017,Higher,Perceptual,19,,0.984494805,0.5317,1.85159828,374537.8,Jul 20th
1017,Higher,Adjusted,19,,1.079773117,0.5317,2.030793901,374537.8,Jul 20th
1018,Lower,Perceptual,11,,1.162015415,0.5379,2.160281493,370232.8059,Jul 21th
1018,Lower,Adjusted,11,,0.93103593,0.5379,1.730871779,370232.8059,Jul 21th
1018,Higher,Perceptual,19,,0.89124971,0.5379,1.656905949,370232.8059,Jul 21th
1018,Higher,Adjusted,19,,0.921833997,0.5379,1.713764634,370232.8059,Jul 21th
1019,Lower,Perceptual,11,,2.259999153,0.5379,4.201522872,370232.8059,Jul 21th
1019,Lower,Adjusted,11,,1.064033895,0.5379,1.978125851,370232.8059,Jul 21th
1019,Higher,Perceptual,17,,1.48650981,0.5379,2.763543056,370232.8059,Jul 21th
1019,Higher,Adjusted,17,,0.871147116,0.5379,1.619533587,370232.8059,Jul 21th
1020,Lower,Perceptual,12,,1.279290968,0.5379,2.378306317,370232.8059,Jul 21th
1020,Lower,Adjusted,12,,0.792375811,0.5379,1.473091301,370232.8059,Jul 21th
1020,Higher,Perceptual,20,,1.044349851,0.5379,1.941531606,370232.8059,Jul 21th
1020,Higher,Adjusted,20,,0.866082501,0.5379,1.610118054,370232.8059,Jul 21th
1021,Lower,Perceptual,9,,1.441804455,0.5379,2.680432153,370232.8059,Jul 21th
1021,Lower,Adjusted,9,,0.977824236,0.5379,1.817855059,370232.8059,Jul 21th
1021,Higher,Perceptual,20,,1.441804455,0.5379,2.680432153,370232.8059,Jul 21th
1021,Higher,Adjusted,20,,0.973497789,0.5379,1.809811841,370232.8059,Jul 21th
1022,Lower,Perceptual,10,,3.227077866,0.5485,5.883460102,363080.881,Aug 19th
1022,Lower,Adjusted,10,,1.145877395,0.5485,2.089111022,363080.881,Aug 19th
1022,Higher,Perceptual,20,,2.035293909,0.5485,3.710654347,363080.881,Aug 19th
1022,Higher,Adjusted,20,,1.205142653,0.5485,2.197160717,363080.881,Aug 19th
1023,Lower,Perceptual,11,,1.653387617,0.5485,3.014380341,363080.881,Aug 19th
1023,Lower,Adjusted,11,,1.011682974,0.5485,1.844453918,363080.881,Aug 19th
1023,Higher,Perceptual,23,,1.315324211,0.5485,2.398038672,363080.881,Aug 19th
1023,Higher,Adjusted,23,,0.948322287,0.5485,1.728937624,363080.881,Aug 19th
53,Lower,Perceptual,13,,0.802127812,0.5485,1.462402574,363080.881,Aug 19th
53,Lower,Adjusted,13,,1.306501348,0.5485,2.381953233,363080.881,Aug 19th
53,Higher,Perceptual,23.5,,0.639574153,0.5485,1.166042212,363080.881,Aug 19th
53,Higher,Adjusted,23.5,,1.231685623,0.5485,2.24555264,363080.881,Aug 19th
1025,Lower,Perceptual,4,,1.149869732,0.552,2.083097341,360805.269,Aug 20th
1025,Lower,Adjusted,4,,1.145877395,0.552,2.075864847,360805.269,Aug 20th
1025,Higher,Perceptual,16,,0.662077196,0.552,1.19941521,360805.269,Aug 20th
1025,Higher,Adjusted,16,,0.936891242,0.552,1.697266742,360805.269,Aug 20th
1026,Lower,Perceptual,5,,2.090289812,0.552,3.786756905,360805.269,Aug 20th
1026,Lower,Adjusted,5,,1.220929361,0.552,2.211828553,360805.269,Aug 20th
1026,Higher,Perceptual,17,,1.319480846,0.552,2.390363852,360805.269,Aug 20th
1026,Higher,Adjusted,17,,1.128603987,0.552,2.044572441,360805.269,Aug 20th
1027,Lower,Perceptual,5,,1.831062194,0.552,3.317141655,360805.269,Aug 20th
1027,Lower,Adjusted,5,,1.195694611,0.552,2.166113426,360805.269,Aug 20th
1027,Higher,Perceptual,17.5,,0.901685461,0.552,1.633488154,360805.269,Aug 20th
1027,Higher,Adjusted,17.5,,1.208833143,0.552,2.189915113,360805.269,Aug 20th
1028,Lower,Perceptual,6,,3.510578126,0.552,6.359742981,360805.269,Aug 20th
1028,Lower,Adjusted,6,,3.053543676,0.552,5.531782022,360805.269,Aug 20th
1028,Higher,Perceptual,19,,2.487882882,0.552,4.507034206,360805.269,Aug 20th
1028,Higher,Adjusted,19,,1.48716865,0.552,2.694146104,360805.269,Aug 20th
1029,Lower,Perceptual,7,,1.212839393,0.552,2.197172814,360805.269,Aug 20th
1029,Lower,Adjusted,7,,1.259424081,0.552,2.281565364,360805.269,Aug 20th
1029,Higher,Perceptual,18.5,,1.784478379,0.552,3.232750687,360805.269,Aug 20th
1029,Higher,Adjusted,18.5,,1.002650554,0.552,1.81639593,360805.269,Aug 20th
1030,Lower,Perceptual,8,,1.79346056,0.552,3.249022754,360805.269,Aug 20th
1030,Lower,Adjusted,8,,1.090255721,0.552,1.975100945,360805.269,Aug 20th
1030,Higher,Perceptual,18,,0.715042048,0.552,1.295366029,360805.269,Aug 20th
1030,Higher,Adjusted,18,,0.833378464,0.552,1.509743593,360805.269,Aug 20th
1031,Lower,Perceptual,9,,1.672108365,0.552,3.02918182,360805.269,Aug 20th
1031,Lower,Adjusted,9,,1.282530867,0.552,2.323425484,360805.269,Aug 20th
1031,Higher,Perceptual,19,,1.341498429,0.552,2.430250776,360805.269,Aug 20th
1031,Higher,Adjusted,19,,1.114049502,0.552,2.018205619,360805.269,Aug 20th
1032,Lower,Perceptual,14,,2.890949217,0.552,5.237226843,360805.269,Aug 20th
1032,Lower,Adjusted,14,,1.384107953,0.552,2.507441944,360805.269,Aug 20th
1032,Higher,Perceptual,25,,2.019080122,0.552,3.657753845,360805.269,Aug 20th
1032,Higher,Adjusted,25,,0.966262677,0.552,1.750475864,360805.269,Aug 20th
1033,Lower,Perceptual,15,,1.594214483,0.552,2.888069715,360805.269,Aug 20th
1033,Lower,Adjusted,15,,1.002650554,0.552,1.81639593,360805.269,Aug 20th
1033,Higher,Perceptual,27,,1.184717974,0.552,2.146228215,360805.269,Aug 20th
1033,Higher,Adjusted,27,,1.037781973,0.552,1.880039806,360805.269,Aug 20th
1034,Lower,Perceptual,15,,1.893079607,0.552,3.429492042,360805.269,Aug 20th
1034,Lower,Adjusted,15,,1.489606357,0.552,2.69856224,360805.269,Aug 20th
1034,Higher,Perceptual,25,,1.736833778,0.552,3.146438004,360805.269,Aug 20th
1034,Higher,Adjusted,25,,1.655096307,0.552,2.998362875,360805.269,Aug 20th
1035,Lower,Perceptual,15,,2.034589559,0.552,3.685850651,360805.269,Aug 20th
1035,Lower,Adjusted,15,,2.654695251,0.552,4.809230528,360805.269,Aug 20th
1035,Higher,Perceptual,27,,2.239458961,0.552,4.056990871,360805.269,Aug 20th
1035,Higher,Adjusted,27,,3.240870528,0.552,5.871142261,360805.269,Aug 20th
1036,Lower,Perceptual,16,,2.565944512,0.5571,4.605895731,357487.606,Oct 16th
1036,Lower,Adjusted,16,,0.928076632,0.5571,1.665906717,357487.606,Oct 16th
1036,Higher,Perceptual,39,5.481581188,0.785758375,0.5571,1.410444041,357487.606,Oct 16th
1036,Higher,Adjusted,39,5.481581188,1.01856481,0.5571,1.82833389,357487.606,Oct 16th
1037,Lower,Perceptual,16,,1.710788522,0.5571,3.070882287,357487.606,Oct 16th
1037,Lower,Adjusted,16,,0.876271312,0.5571,1.572915656,357487.606,Oct 16th
1037,Higher,Perceptual,41,3.202036004,1.330680869,0.5571,2.388585298,357487.606,Oct 16th
1037,Higher,Adjusted,41,3.202036004,0.98218931,0.5571,1.763039508,357487.606,Oct 16th
1038,Lower,Perceptual,11,,1.769501139,0.5571,3.176272013,357487.606,Oct 16th
1038,Lower,Adjusted,11,,0.859420579,0.5571,1.542668424,357487.606,Oct 16th
1038,Higher,Perceptual,28,11.10594207,1.327525743,0.5571,2.382921815,357487.606,Oct 16th
1038,Higher,Adjusted,28,11.10594207,0.859420579,0.5571,1.542668424,357487.606,Oct 16th
1039,Lower,Perceptual,18,,0.896146487,0.5571,1.608591792,357487.606,Oct 16th
1039,Lower,Adjusted,18,,0.948322287,0.5571,1.702247868,357487.606,Oct 16th
1039,Higher,Perceptual,29,11.478197,0.723726539,0.5571,1.299096283,357487.606,Oct 16th
1039,Higher,Adjusted,29,11.478197,0.912036007,0.5571,1.637113637,357487.606,Oct 16th
1040,Lower,Perceptual,18,,3.227077866,0.5571,5.792636629,357487.606,Oct 16th
1040,Lower,Adjusted,18,,1.905785916,0.5571,3.420904534,357487.606,Oct 16th
1040,Higher,Perceptual,34,9.48417549,1.07147426,0.5571,1.923306874,357487.606,Oct 16th
1040,Higher,Adjusted,34,9.48417549,1.519494654,0.5571,2.727507905,357487.606,Oct 16th
1041,Lower,Perceptual,19,,1.360710805,0.5571,2.442489329,357487.606,Oct 16th
1041,Lower,Adjusted,19,,1.48716865,0.5571,2.669482408,357487.606,Oct 16th
1041,Higher,Perceptual,33,6.917448638,1.334112871,0.5571,2.394745775,357487.606,Oct 16th
1041,Higher,Adjusted,33,6.917448638,2.075153586,0.5571,3.724921174,357487.606,Oct 16th
1042,Lower,Perceptual,19,,1.251237409,0.5571,2.245983503,357487.606,Oct 16th
1042,Lower,Adjusted,19,,1.164974047,0.5571,2.091139915,357487.606,Oct 16th
1042,Higher,Perceptual,33,6.694897362,1.152950237,0.5571,2.069557058,357487.606,Oct 16th
1042,Higher,Adjusted,33,6.694897362,1.31882575,0.5571,2.367305241,357487.606,Oct 16th
1043,Lower,Perceptual,20,,0.953803666,0.5571,1.712086997,357487.606,Oct 16th
1043,Lower,Adjusted,20,,1.057738196,0.5571,1.898650504,357487.606,Oct 16th
1043,Higher,Perceptual,35,9.171563551,1.718744487,0.5571,3.085163323,357487.606,Oct 16th
1043,Higher,Adjusted,35,9.171563551,1.222263609,0.5571,2.193975245,357487.606,Oct 16th
1044,Lower,Perceptual,20,,1.279290968,0.5571,2.296339917,357487.606,Oct 16th
1044,Lower,Adjusted,20,,1.397947666,0.5571,2.509329862,357487.606,Oct 16th
1044,Higher,Perceptual,36,9.077408445,1.228796591,0.5571,2.205702012,357487.606,Oct 16th
1044,Higher,Adjusted,36,9.077408445,1.247725442,0.5571,2.239679487,357487.606,Oct 16th
1045,Lower,Perceptual,21,,0.723726539,0.5571,1.299096283,357487.606,Oct 16th
1045,Lower,Adjusted,21,,0.913717249,0.5571,1.640131483,357487.606,Oct 16th
1045,Higher,Perceptual,37,4.295170857,0.688947084,0.5571,1.236666818,357487.606,Oct 16th
1045,Higher,Adjusted,37,4.295170857,1.247725442,0.5571,2.239679487,357487.606,Oct 16th
1046,Lower,Perceptual,22,,1.624696813,0.5571,2.91634682,357487.606,Oct 16th
1046,Lower,Adjusted,22,,1.718744487,0.5571,3.085163323,357487.606,Oct 16th
1046,Higher,Perceptual,36,8.647225266,1.482331925,0.5571,2.660800441,357487.606,Oct 16th
1046,Higher,Adjusted,36,8.647225266,1.426474292,0.5571,2.560535438,357487.606,Oct 16th
1047,Lower,Perceptual,22,,0.925818941,0.5571,1.66185414,357487.606,Oct 16th
1047,Lower,Adjusted,22,,1.282530867,0.5571,2.302155569,357487.606,Oct 16th
1047,Higher,Perceptual,39,8.79741071,0.862957156,0.5571,1.549016614,357487.606,Oct 16th
1047,Higher,Adjusted,39,8.79741071,1.250040148,0.5571,2.243834407,357487.606,Oct 16th
1048,Lower,Perceptual,22,,1.579206761,0.5571,2.834691726,357487.606,Oct 16th
1048,Lower,Adjusted,22,,1.089984395,0.5571,1.95653275,357487.606,Oct 16th
1048,Higher,Perceptual,39.5,5.223362756,0.822348836,0.5571,1.476124279,357487.606,Oct 16th
1048,Higher,Adjusted,39.5,5.223362756,0.916712916,0.5571,1.645508735,357487.606,Oct 16th
1049,Lower,Perceptual,22,,2.700586663,0.5571,4.847579722,357487.606,Oct 16th
1049,Lower,Adjusted,22,,2.368622722,0.5571,4.25170117,357487.606,Oct 16th
1049,Higher,Perceptual,41,6.266127038,1.644612978,0.5571,2.952096533,357487.606,Oct 16th
1049,Higher,Adjusted,41,6.266127038,2.075153586,0.5571,3.724921174,357487.606,Oct 16th
1050,Lower,Perceptual,23,,0.842163765,0.5571,1.511692273,357487.606,Oct 16th
1050,Lower,Adjusted,23,,0.920469775,0.5571,1.652252333,357487.606,Oct 16th
1050,Higher,Perceptual,40,6.809776821,0.832138361,0.5571,1.493696573,357487.606,Oct 16th
1050,Higher,Adjusted,40,6.809776821,1.002650554,0.5571,1.799767642,357487.606,Oct 16th
1051,Lower,Perceptual,23,,1.704773025,0.5571,3.06008441,357487.606,Oct 16th
1051,Lower,Adjusted,23,,0.971513854,0.5571,1.743876958,357487.606,Oct 16th
1051,Higher,Perceptual,42,7.282370516,0.884946922,0.5571,1.588488462,357487.606,Oct 16th
1051,Higher,Adjusted,42,7.282370516,0.970634698,0.5571,1.742298865,357487.606,Oct 16th
1052,Lower,Perceptual,24,,2.274680665,0.5571,4.083074251,357487.606,Oct 16th
1052,Lower,Adjusted,24,,1.059401211,0.5571,1.901635633,357487.606,Oct 16th
1052,Higher,Perceptual,45,11.0178994,1.122493654,0.5571,2.014887191,357487.606,Oct 16th
1052,Higher,Adjusted,45,11.0178994,1.309560805,0.5571,2.350674573,357487.606,Oct 16th
1053,Lower,Perceptual,24,,0.931990796,0.5571,1.672932681,357487.606,Oct 16th
1053,Lower,Adjusted,24,,1.12296133,0.5571,2.015726673,357487.606,Oct 16th
1053,Higher,Perceptual,44,3.066493693,0.7483424,0.5571,1.343281996,357487.606,Oct 16th
1053,Higher,Adjusted,44,3.066493693,1.625492152,0.5571,2.91777446,357487.606,Oct 16th
1054,Lower,Perceptual,7,,2.554658749,0.5575,4.582347533,357251.8372,Oct 17th
1054,Lower,Adjusted,7,,1.624102038,0.5575,2.913187513,357251.8372,Oct 17th
1054,Higher,Perceptual,36,7.100175509,1.311532863,0.5575,2.352525314,357251.8372,Oct 17th
1054,Higher,Adjusted,36,7.100175509,2.150542905,0.5575,3.857476063,357251.8372,Oct 17th
1055,Lower,Perceptual,8,,1.343913456,0.5575,2.410607097,357251.8372,Oct 17th
1055,Lower,Adjusted,8,,0.98218931,0.5575,1.761774547,357251.8372,Oct 17th
1055,Higher,Perceptual,36,7.083195442,0.680596408,0.5575,1.220800732,357251.8372,Oct 17th
1055,Higher,Adjusted,36,7.083195442,0.950844305,0.5575,1.705550323,357251.8372,Oct 17th
1056,Lower,Perceptual,10,,2.002819223,0.5575,3.592500848,357251.8372,Oct 17th
1056,Lower,Adjusted,10,,1.089154297,0.5575,1.953639995,357251.8372,Oct 17th
1056,Higher,Perceptual,37,11.56883353,0.515658535,0.5575,0.924948045,357251.8372,Oct 17th
1056,Higher,Adjusted,37,11.56883353,1.057738196,0.5575,1.897288243,357251.8372,Oct 17th
1057,Lower,Perceptual,11,,2.06242534,0.5575,3.69941765,357251.8372,Oct 17th
1057,Lower,Adjusted,11,,1.650004408,0.5575,2.959649162,357251.8372,Oct 17th
1057,Higher,Perceptual,32,5.131379465,1.299788804,0.5575,2.331459738,357251.8372,Oct 17th
1057,Higher,Adjusted,32,5.131379465,1.45618934,0.5575,2.611998817,357251.8372,Oct 17th
1058,Lower,Perceptual,13,,1.945707392,0.5575,3.490058103,357251.8372,Oct 17th
1058,Lower,Adjusted,13,,,0.5575,,357251.8372,Oct 17th
1058,Higher,Perceptual,34,4.989072471,1.413720234,0.5575,2.535821047,357251.8372,Oct 17th
1058,Higher,Adjusted,34,4.989072471,1.392436484,0.5575,2.497643918,357251.8372,Oct 17th
1059,Lower,Perceptual,11,,2.055686836,0.5575,3.687330648,357251.8372,Oct 17th
1059,Lower,Adjusted,11,,2.034589559,0.5575,3.649487999,357251.8372,Oct 17th
1059,Higher,Perceptual,36,7.982720133,1.909682508,0.5575,3.425439476,357251.8372,Oct 17th
1059,Higher,Adjusted,36,7.982720133,2.340792235,0.5575,4.198730466,357251.8372,Oct 17th
1060,Lower,Perceptual,12,,1.391862914,0.5575,2.496615093,357251.8372,Oct 17th
1060,Lower,Adjusted,12,,2.267661881,0.5575,4.067554944,357251.8372,Oct 17th
1060,Higher,Perceptual,34,3.964184566,1.270589024,0.5575,2.279083451,357251.8372,Oct 17th
1060,Higher,Adjusted,34,3.964184566,1.853903911,0.5575,3.32538818,357251.8372,Oct 17th
1061,Lower,Perceptual,12,,1.968844299,0.5575,3.53155928,357251.8372,Oct 17th
1061,Lower,Adjusted,12,,,0.5575,,357251.8372,Oct 17th
1061,Higher,Perceptual,29,6.676941088,1.620759362,0.5575,2.907191681,357251.8372,Oct 17th
1061,Higher,Adjusted,29,6.676941088,1.433788784,0.5575,2.571818446,357251.8372,Oct 17th
1062,Lower,Perceptual,14,,1.880532325,0.5575,3.373152152,357251.8372,Oct 17th
1062,Lower,Adjusted,14,,1.813165646,0.5575,3.252315061,357251.8372,Oct 17th
1062,Higher,Perceptual,36,7.946552383,1.600807345,0.5575,2.871403309,357251.8372,Oct 17th
1062,Higher,Adjusted,36,7.946552383,2.329707334,0.5575,4.178847236,357251.8372,Oct 17th
1063,Lower,Perceptual,14,,1.386709134,0.5575,2.487370644,357251.8372,Oct 17th
1063,Lower,Adjusted,14,,1.234015239,0.5575,2.21348025,357251.8372,Oct 17th
1063,Higher,Perceptual,39,8.929058111,0.726115012,0.5575,1.302448452,357251.8372,Oct 17th
1063,Higher,Adjusted,39,8.929058111,0.994022326,0.5575,1.782999688,357251.8372,Oct 17th
1064,Lower,Perceptual,16,,1.258469416,0.5575,2.257344243,357251.8372,Oct 17th
1064,Lower,Adjusted,16,,2.122305503,0.5575,3.806826014,357251.8372,Oct 17th
1064,Higher,Perceptual,45,4.655538633,1.811406843,0.5575,3.249160257,357251.8372,Oct 17th
1064,Higher,Adjusted,45,4.655538633,1.358058596,0.5575,2.435979545,357251.8372,Oct 17th
1065,Lower,Perceptual,15,,1.253535508,0.5575,2.248494184,357251.8372,Oct 17th
1065,Lower,Adjusted,15,,0.887142733,0.5575,1.591287413,357251.8372,Oct 17th
1065,Higher,Perceptual,35,8.153374671,0.769274434,0.5575,1.379864456,357251.8372,Oct 17th
1065,Higher,Adjusted,35,8.153374671,0.927012614,0.5575,1.662802896,357251.8372,Oct 17th
1066,Lower,Perceptual,16,,1.851517033,0.5575,3.321106785,357251.8372,Oct 17th
1066,Lower,Adjusted,16,,0.8505609,0.5575,1.525669776,357251.8372,Oct 17th
1066,Higher,Perceptual,38,3.169000146,1.041055553,0.5575,1.867364221,357251.8372,Oct 17th
1066,Higher,Adjusted,38,3.169000146,1.182838598,0.5575,2.121683583,357251.8372,Oct 17th
1067,Lower,Perceptual,16,,1.360710805,0.5575,2.440736871,357251.8372,Oct 17th
1067,Lower,Adjusted,16,,0.943673859,0.5575,1.692688536,357251.8372,Oct 17th
1067,Higher,Perceptual,40,5.976464895,0.98218931,0.5575,1.761774547,357251.8372,Oct 17th
1067,Higher,Adjusted,40,5.976464895,1.057738196,0.5575,1.897288243,357251.8372,Oct 17th
1068,Lower,Perceptual,17,,1.511884227,0.5575,2.711899959,357251.8372,Oct 17th
1068,Lower,Adjusted,17,,1.290746879,0.5575,2.315241038,357251.8372,Oct 17th
1068,Higher,Perceptual,40,5.203909926,1.352259972,0.5575,2.425578426,357251.8372,Oct 17th
1068,Higher,Adjusted,40,5.203909926,1.117232299,0.5575,2.004004124,357251.8372,Oct 17th
1069,Lower,Perceptual,17,,1.011682974,0.5575,1.81467798,357251.8372,Oct 17th
1069,Lower,Adjusted,17,,1.604177026,0.5575,2.87744758,357251.8372,Oct 17th
1069,Higher,Perceptual,37,7.910446465,0.5888052,0.5575,1.056152826,357251.8372,Oct 17th
1069,Higher,Adjusted,37,7.910446465,1.432319891,0.5575,2.569183661,357251.8372,Oct 17th
1070,Lower,Perceptual,18,,1.436726568,0.5575,2.577088014,357251.8372,Oct 17th
1070,Lower,Adjusted,18,,1.896514697,0.5575,3.401820084,357251.8372,Oct 17th
1070,Higher,Perceptual,38,3.772384921,0.862957156,0.5575,1.547905212,357251.8372,Oct 17th
1070,Higher,Adjusted,38,3.772384921,1.644612978,0.5575,2.949978436,357251.8372,Oct 17th
1071,Lower,Perceptual,18,,1.670199359,0.5575,2.99587329,357251.8372,Oct 17th
1071,Lower,Adjusted,18,,1.385422376,0.5575,2.485062558,357251.8372,Oct 17th
1071,Higher,Perceptual,41,6.944986065,0.976377821,0.5575,1.751350352,357251.8372,Oct 17th
1071,Higher,Adjusted,41,6.944986065,1.536190407,0.5575,2.755498489,357251.8372,Oct 17th
1072,Lower,Perceptual,19,,1.829709697,0.5575,3.281990489,357251.8372,Oct 17th
1072,Lower,Adjusted,19,,2.24547677,0.5575,4.027761022,357251.8372,Oct 17th
1072,Higher,Perceptual,39,9.445930796,0.709719291,0.5575,1.273039086,357251.8372,Oct 17th
1072,Higher,Adjusted,39,9.445930796,1.419384137,0.5575,2.545980515,357251.8372,Oct 17th
1073,Lower,Perceptual,20,,1.83253705,0.5575,3.287061973,357251.8372,Oct 17th
1073,Lower,Adjusted,20,,1.799527184,0.5575,3.227851451,357251.8372,Oct 17th
1073,Higher,Perceptual,35,7.257064311,0.957523618,0.5575,1.717531154,357251.8372,Oct 17th
1073,Higher,Adjusted,35,7.257064311,1.848711805,0.5575,3.316074986,357251.8372,Oct 17th
1074,Lower,Perceptual,20,,2.01923239,0.5575,3.621941506,357251.8372,Oct 17th
1074,Lower,Adjusted,20,,1.636910923,0.5575,2.936163091,357251.8372,Oct 17th
1074,Higher,Perceptual,44,6.209051819,0.674568933,0.5575,1.209989117,357251.8372,Oct 17th
1074,Higher,Adjusted,44,6.209051819,1.556619766,0.5575,2.792143077,357251.8372,Oct 17th
52,Lower,Perceptual,21,,0.580205467,0.5575,1.040727296,357251.8372,Oct 17th
52,Lower,Adjusted,21,,0.938859412,0.5575,1.684052758,357251.8372,Oct 17th
52,Higher,Perceptual,46,7.000866807,0.584187201,0.5575,1.047869418,357251.8372,Oct 17th
52,Higher,Adjusted,46,7.000866807,0.98218931,0.5575,1.761774547,357251.8372,Oct 17th
1076,Lower,Perceptual,21,,1.086038351,0.5575,1.948050854,357251.8372,Oct 17th
1076,Lower,Adjusted,21,,0.999766758,0.5575,1.793303602,357251.8372,Oct 17th
1076,Higher,Perceptual,44,6.97930041,,0.5575,,357251.8372,Oct 17th
1076,Higher,Adjusted,44,6.97930041,,0.5575,,357251.8372,Oct 17th
1077,Lower,Perceptual,21,,1.905785916,0.5575,3.418450073,357251.8372,Oct 17th
1077,Lower,Adjusted,21,,,0.5575,,357251.8372,Oct 17th
1077,Higher,Perceptual,43,4.089085052,0.91972829,0.5575,1.649736843,357251.8372,Oct 17th
1077,Higher,Adjusted,43,4.089085052,1.336840871,0.5575,2.397920845,357251.8372,Oct 17th
1078,Lower,Perceptual,22,,0.739902102,0.5575,1.327178658,357251.8372,Oct 17th
1078,Lower,Adjusted,22,,1.103440166,0.5575,1.979264871,357251.8372,Oct 17th
1078,Higher,Perceptual,44,7.11325296,0.729634352,0.5575,1.30876117,357251.8372,Oct 17th
1078,Higher,Adjusted,44,7.11325296,1.057738196,0.5575,1.897288243,357251.8372,Oct 17th
1079,Lower,Perceptual,22,,1.099036285,0.5575,1.971365533,357251.8372,Oct 17th
1079,Lower,Adjusted,22,,1.011075753,0.5575,1.813588795,357251.8372,Oct 17th
1079,Higher,Perceptual,43,5.159314148,0.670772196,0.5575,1.203178828,357251.8372,Oct 17th
1079,Higher,Adjusted,43,5.159314148,1.103440166,0.5575,1.979264871,357251.8372,Oct 17th
1080,Lower,Perceptual,23,,1.287254341,0.5575,2.308976397,357251.8372,Oct 17th
1080,Lower,Adjusted,23,,0.906486325,0.5575,1.625984439,357251.8372,Oct 17th
1080,Higher,Perceptual,43,5.632438431,0.751157989,0.5575,1.34736859,357251.8372,Oct 17th
1080,Higher,Adjusted,43,5.632438431,1.145877395,0.5575,2.055385463,357251.8372,Oct 17th
54,Lower,Perceptual,23,,0.812452388,0.5575,1.457313701,357251.8372,Oct 17th
54,Lower,Adjusted,23,,1.141123032,0.5575,2.046857457,357251.8372,Oct 17th
54,Higher,Perceptual,44,2.846910616,0.964126919,0.5575,1.729375639,357251.8372,Oct 17th
54,Higher,Adjusted,44,2.846910616,1.111843602,0.5575,1.994338299,357251.8372,Oct 17th
1082,Lower,Perceptual,24,,1.17275113,0.5575,2.10358947,357251.8372,Oct 17th
1082,Lower,Adjusted,24,,1.203543234,0.5575,2.158821945,357251.8372,Oct 17th
1082,Higher,Perceptual,45,6.403292254,0.838042729,0.5575,1.503215658,357251.8372,Oct 17th
1082,Higher,Adjusted,45,6.403292254,1.336840871,0.5575,2.397920845,357251.8372,Oct 17th
32131,Lower,Perceptual,4,,1.511884227,0.5503,2.747381841,361929.3955,Nov 15th
32131,Lower,Adjusted,4,,0.950844305,0.5503,1.727865355,361929.3955,Nov 15th
32131,Higher,Perceptual,23,7.363565611,0.677124059,0.5503,1.23046349,361929.3955,Nov 15th
32131,Higher,Adjusted,23,7.363565611,1.117232299,0.5503,2.030224058,361929.3955,Nov 15th
31948,Lower,Perceptual,5,,1.600807345,0.5503,2.908972097,361929.3955,Nov 15th
31948,Lower,Adjusted,5,,1.222263609,0.5503,2.221085969,361929.3955,Nov 15th
31948,Higher,Perceptual,,,,0.5503,,361929.3955,Nov 15th
31948,Higher,Adjusted,,,,0.5503,,361929.3955,Nov 15th
1083,Lower,Perceptual,5,,1.471027043,0.5503,2.673136548,361929.3955,Nov 15th
1083,Lower,Adjusted,5,,1.3524933,0.5503,2.457738143,361929.3955,Nov 15th
1083,Higher,Perceptual,28,5.746792125,,0.5503,,361929.3955,Nov 15th
1083,Higher,Adjusted,28,5.746792125,,0.5503,,361929.3955,Nov 15th
32002,Lower,Perceptual,5,,0.913717249,0.5503,1.660398418,361929.3955,Nov 15th
32002,Lower,Adjusted,5,,0.932249743,0.5503,1.694075492,361929.3955,Nov 15th
32002,Higher,Perceptual,,,,0.5503,,361929.3955,Nov 15th
32002,Higher,Adjusted,,,,0.5503,,361929.3955,Nov 15th
32245,Lower,Perceptual,6,,0.732624576,0.5503,1.331318509,361929.3955,Nov 15th
32245,Lower,Adjusted,6,,1.279108462,0.5503,2.324383903,361929.3955,Nov 15th
32245,Higher,Perceptual,23,,0.634654453,0.5503,1.153288121,361929.3955,Nov 15th
32245,Higher,Adjusted,23,,1.103440166,0.5503,2.005161122,361929.3955,Nov 15th
31924,Lower,Perceptual,6,,1.759660617,0.5503,3.197638773,361929.3955,Nov 15th
31924,Lower,Adjusted,6,,1.057738196,0.5503,1.922111931,361929.3955,Nov 15th
31924,Higher,Perceptual,24,8.43902109,1.212839393,0.5503,2.203960373,361929.3955,Nov 15th
31924,Higher,Adjusted,24,8.43902109,1.1697482,0.5503,2.12565546,361929.3955,Nov 15th
1084,Lower,Perceptual,6,,1.36366988,0.5503,2.478048119,361929.3955,Nov 15th
1084,Lower,Adjusted,6,,1.519494654,0.5503,2.761211437,361929.3955,Nov 15th
1084,Higher,Perceptual,25,3.771774004,1.414960213,0.5503,2.571252432,361929.3955,Nov 15th
1084,Higher,Adjusted,25,3.771774004,1.704773025,0.5503,3.097897556,361929.3955,Nov 15th
31504,Lower,Perceptual,7,,1.118432995,0.5503,2.032405951,361929.3955,Nov 15th
31504,Lower,Adjusted,7,,1.030244973,0.5503,1.872151505,361929.3955,Nov 15th
31504,Higher,Perceptual,23,7.342891633,0.522185768,0.5503,0.948911082,361929.3955,Nov 15th
31504,Higher,Adjusted,23,7.342891633,0.971513854,0.5503,1.765425865,361929.3955,Nov 15th
1085,Lower,Perceptual,7,,1.715230198,0.5503,3.116900232,361929.3955,Nov 15th
1085,Lower,Adjusted,7,,1.357234609,0.5503,2.466354004,361929.3955,Nov 15th
1085,Higher,Perceptual,,,,0.5503,,361929.3955,Nov 15th
1085,Higher,Adjusted,,,,0.5503,,361929.3955,Nov 15th
1066,Lower,Perceptual,9,,1.772318034,0.5503,3.220639714,361929.3955,Nov 15th
1066,Lower,Adjusted,9,,1.633669955,0.5503,2.968689724,361929.3955,Nov 15th
1066,Higher,Perceptual,24,6.198957076,1.414960213,0.5503,2.571252432,361929.3955,Nov 15th
1066,Higher,Adjusted,24,6.198957076,1.079773117,0.5503,1.962153583,361929.3955,Nov 15th
1072,Lower,Perceptual,10,,0.912986599,0.5503,1.659070686,361929.3955,Nov 15th
1072,Lower,Adjusted,10,,1.234015239,0.5503,2.242440922,361929.3955,Nov 15th
1072,Higher,Perceptual,22,,1.027926119,0.5503,1.867937705,361929.3955,Nov 15th
1072,Higher,Adjusted,22,,1.27608052,0.5503,2.318881556,361929.3955,Nov 15th
1056,Lower,Perceptual,11,,0.738803762,0.5503,1.342547269,361929.3955,Nov 15th
1056,Lower,Adjusted,11,,0.955928799,0.5503,1.73710485,361929.3955,Nov 15th
1056,Higher,Perceptual,24,10.16893302,0.710748657,0.5503,1.291565795,361929.3955,Nov 15th
1056,Higher,Adjusted,24,10.16893302,1.015671312,0.5503,1.845668384,361929.3955,Nov 15th
1087,Lower,Perceptual,13,,1.986670705,0.5503,3.610159376,361929.3955,Nov 15th
1087,Lower,Adjusted,13,,1.321114733,0.5503,2.400717306,361929.3955,Nov 15th
1087,Higher,Perceptual,,7.927848197,1.482331925,0.5503,2.693679676,361929.3955,Nov 15th
1087,Higher,Adjusted,,7.927848197,1.625492152,0.5503,2.953829097,361929.3955,Nov 15th
1088,Lower,Perceptual,14,,2.148339997,0.5503,3.903943298,361929.3955,Nov 15th
1088,Lower,Adjusted,14,,1.384107953,0.5503,2.515187994,361929.3955,Nov 15th
1088,Higher,Perceptual,30,3.509570934,0.738803762,0.5503,1.342547269,361929.3955,Nov 15th
1088,Higher,Adjusted,30,3.509570934,1.039783757,0.5503,1.889485294,361929.3955,Nov 15th
1089,Lower,Perceptual,14,,1.373347782,0.5503,2.495634711,361929.3955,Nov 15th
1089,Lower,Adjusted,14,,0.884946922,0.5503,1.60811725,361929.3955,Nov 15th
1089,Higher,Perceptual,,9.269827981,1.213277051,0.5503,2.20475568,361929.3955,Nov 15th
1089,Higher,Adjusted,,9.269827981,0.916712916,0.5503,1.665842115,361929.3955,Nov 15th
1090,Lower,Perceptual,13,,1.098697162,0.5503,1.996542181,361929.3955,Nov 15th
1090,Lower,Adjusted,13,,1.370539568,0.5503,2.490531651,361929.3955,Nov 15th
1090,Higher,Perceptual,29,7.995387506,1.395597419,0.5503,2.536066544,361929.3955,Nov 15th
1090,Higher,Adjusted,29,7.995387506,1.755307858,0.5503,3.189728981,361929.3955,Nov 15th
1082,Lower,Perceptual,15,,1.013029421,0.5503,1.840867565,361929.3955,Nov 15th
1082,Lower,Adjusted,15,,1.002650554,0.5503,1.822007184,361929.3955,Nov 15th
1082,Higher,Perceptual,31,8.066523808,0.884803315,0.5503,1.607856287,361929.3955,Nov 15th
1082,Higher,Adjusted,31,8.066523808,1.057738196,0.5503,1.922111931,361929.3955,Nov 15th
1091,Lower,Perceptual,16,,2.812137243,0.5503,5.110189429,361929.3955,Nov 15th
1091,Lower,Adjusted,16,,1.45618934,0.5503,2.646173615,361929.3955,Nov 15th
1091,Higher,Perceptual,,1.135268117,1.270872456,0.5503,2.309417511,361929.3955,Nov 15th
1091,Higher,Adjusted,,1.135268117,1.426474292,0.5503,2.592175709,361929.3955,Nov 15th
1092,Lower,Perceptual,17,,1.792183375,0.5503,3.256738824,361929.3955,Nov 15th
1092,Lower,Adjusted,17,,2.852506626,0.5503,5.183548294,361929.3955,Nov 15th
1092,Higher,Perceptual,32,2.209706136,1.642366547,0.5503,2.98449309,361929.3955,Nov 15th
1092,Higher,Adjusted,32,2.209706136,2.176977684,0.5503,3.955983434,361929.3955,Nov 15th
31459,Lower,Perceptual,17,,1.162015415,0.5503,2.111603516,361929.3955,Nov 15th
31459,Lower,Adjusted,17,,0.912036007,0.5503,1.657343281,361929.3955,Nov 15th
31459,Higher,Perceptual,,,0.905624111,0.5503,1.645691644,361929.3955,Nov 15th
31459,Higher,Adjusted,,,0.93103593,0.5503,1.691869762,361929.3955,Nov 15th
5000,Lower,Perceptual,5,7.297225038,1.612663617,0.5253,3.069985945,379146.9623,Jan 12th
5000,Lower,Adjusted,5,7.297225038,0.788183479,0.5253,1.500444468,379146.9623,Jan 12th
5000,Higher,Perceptual,18,6.822385237,0.760681729,0.5253,1.448090099,379146.9623,Jan 12th
5000,Higher,Adjusted,18,6.822385237,1.258842542,0.5253,2.396425932,379146.9623,Jan 12th
6875341,Lower,Perceptual,6,7.492038128,0.981040607,0.5253,1.867581585,379146.9623,Jan 12th
6875341,Lower,Adjusted,6,7.492038128,0.633904286,0.5253,1.206747165,379146.9623,Jan 12th
6875341,Higher,Perceptual,17,8.624359199,0.729209169,0.5253,1.388176602,379146.9623,Jan 12th
6875341,Higher,Adjusted,17,8.624359199,0.827591315,0.5253,1.575464144,379146.9623,Jan 12th
32437,Lower,Perceptual,6,10.05547945,1.057738196,0.5253,2.013588798,379146.9623,Jan 12th
32437,Lower,Adjusted,6,10.05547945,0.64072032,0.5253,1.219722672,379146.9623,Jan 12th
32437,Higher,Perceptual,20,9.062733812,0.499892892,0.5253,0.951633146,379146.9623,Jan 12th
32437,Higher,Adjusted,20,9.062733812,0.846399532,0.5253,1.61126886,379146.9623,Jan 12th
6875476,Lower,Perceptual,7,8.000463392,0.904846579,0.5253,1.722532988,379146.9623,Jan 12th
6875476,Lower,Adjusted,7,8.000463392,0.58706492,0.5253,1.117580278,379146.9623,Jan 12th
6875476,Higher,Perceptual,21,8.808885827,0.364608276,0.5253,0.694095328,379146.9623,Jan 12th
6875476,Higher,Adjusted,21,8.808885827,1.122493654,0.5253,2.136862086,379146.9623,Jan 12th
6873834,Lower,Perceptual,7,3.114606149,2.739710793,0.5253,5.215516454,379146.9623,Jan 12th
6873834,Lower,Adjusted,7,3.114606149,3.624410704,0.5253,6.899696753,379146.9623,Jan 12th
6873834,Higher,Perceptual,21,7.09612632,2.379636412,0.5253,4.530052184,379146.9623,Jan 12th
6873834,Higher,Adjusted,21,7.09612632,3.038455149,0.5253,5.784228345,379146.9623,Jan 12th
5001,Lower,Perceptual,7,8.967305664,1.135429352,0.5253,2.16148744,379146.9623,Jan 12th
5001,Lower,Adjusted,7,8.967305664,0.61429938,0.5253,1.169425814,379146.9623,Jan 12th
5001,Higher,Perceptual,21,8.64394357,0.506694068,0.5253,0.964580368,379146.9623,Jan 12th
5001,Higher,Adjusted,21,8.64394357,0.94083587,0.5253,1.791044869,379146.9623,Jan 12th
5002,Lower,Perceptual,8,6.590760555,0.98218931,0.5253,1.869768342,379146.9623,Jan 12th
5002,Lower,Adjusted,8,6.590760555,0.551732873,0.5253,1.050319575,379146.9623,Jan 12th
5002,Higher,Perceptual,20,9.382955103,0.957523618,0.5253,1.822812903,379146.9623,Jan 12th
5002,Higher,Adjusted,20,9.382955103,0.808868159,0.5253,1.539821357,379146.9623,Jan 12th
5003,Lower,Perceptual,8,8.448215059,1.687356474,0.5253,3.212176801,379146.9623,Jan 12th
5003,Lower,Adjusted,8,8.448215059,0.902823906,0.5253,1.718682478,379146.9623,Jan 12th
5003,Higher,Perceptual,21,13.01196055,1.363324295,0.5253,2.595325137,379146.9623,Jan 12th
5003,Higher,Adjusted,21,13.01196055,1.45618934,0.5253,2.772109919,379146.9623,Jan 12th
5004,Lower,Perceptual,9,8.611201614,0.539738859,0.5253,1.027486882,379146.9623,Jan 12th
5004,Lower,Adjusted,9,8.611201614,0.654801782,0.5253,1.246529187,379146.9623,Jan 12th
5004,Higher,Perceptual,22,9.706995752,0.585143301,0.5253,1.113922141,379146.9623,Jan 12th
5004,Higher,Adjusted,22,9.706995752,1.064561922,0.5253,2.026578948,379146.9623,Jan 12th
5005,Lower,Perceptual,9,5.545446466,2.241722751,0.5253,4.26750952,379146.9623,Jan 12th
5005,Lower,Adjusted,9,5.545446466,1.412066927,0.5253,2.688115224,379146.9623,Jan 12th
5005,Higher,Perceptual,24,8.241140439,1.577610191,0.5253,3.003255647,379146.9623,Jan 12th
5005,Higher,Adjusted,24,8.241140439,2.098464735,0.5253,3.994792946,379146.9623,Jan 12th
5006,Lower,Perceptual,10,6.877640715,1.064561922,0.5253,2.026578948,379146.9623,Jan 12th
5006,Lower,Adjusted,10,6.877640715,0.993777987,0.5253,1.891829405,379146.9623,Jan 12th
5006,Higher,Perceptual,19,7.321655146,0.890438778,0.5253,1.695105232,379146.9623,Jan 12th
5006,Higher,Adjusted,19,7.321655146,1.294405148,0.5253,2.464125543,379146.9623,Jan 12th
5007,Lower,Perceptual,,7.6659502,,0.5253,,379146.9623,Jan 12th
5007,Lower,Adjusted,,7.6659502,,0.5253,,379146.9623,Jan 12th
5007,Higher,Perceptual,29,7.960330666,0.90663957,0.5253,1.72594626,379146.9623,Jan 12th
5007,Higher,Adjusted,29,7.960330666,1.075366139,0.5253,2.047146657,379146.9623,Jan 12th
5008,Lower,Perceptual,10,7.056026402,0.812786963,0.5253,1.547281482,379146.9623,Jan 12th
5008,Lower,Adjusted,10,7.056026402,0.739953146,0.5253,1.408629632,379146.9623,Jan 12th
5008,Higher,Perceptual,,,,0.5253,,379146.9623,Jan 12th
5008,Higher,Adjusted,,,,0.5253,,379146.9623,Jan 12th
5009,Lower,Perceptual,11,8.698667469,1.122493654,0.5253,2.136862086,379146.9623,Jan 12th
5009,Lower,Adjusted,11,8.698667469,0.677124059,0.5253,1.289023527,379146.9623,Jan 12th
5009,Higher,Perceptual,22,9.121856754,0.790830598,0.5253,1.505483721,379146.9623,Jan 12th
5009,Higher,Adjusted,22,9.121856754,0.798035456,0.5253,1.519199421,379146.9623,Jan 12th
5010,Lower,Perceptual,11,9.310071335,1.137975314,0.5253,2.166334121,379146.9623,Jan 12th
5010,Lower,Adjusted,11,9.310071335,0.800895705,0.5253,1.524644403,379146.9623,Jan 12th
5010,Higher,Perceptual,25,10.3815817,0.970821925,0.5253,1.848128546,379146.9623,Jan 12th
5010,Higher,Adjusted,25,10.3815817,0.901685461,0.5253,1.71651525,379146.9623,Jan 12th
5011,Lower,Perceptual,11,7.835113306,1.078476947,0.5253,2.053068622,379146.9623,Jan 12th
5011,Lower,Adjusted,11,7.835113306,1.131373567,0.5253,2.153766546,379146.9623,Jan 12th
5011,Higher,Perceptual,23,8.845062328,1.785158848,0.5253,3.398360648,379146.9623,Jan 12th
5011,Higher,Adjusted,23,8.845062328,1.204421668,0.5253,2.292826325,379146.9623,Jan 12th
5012,Lower,Perceptual,12,8.407848856,1.125170111,0.5253,2.141957188,379146.9623,Jan 12th
5012,Lower,Adjusted,12,8.407848856,0.884946922,0.5253,1.684650528,379146.9623,Jan 12th
5012,Higher,Perceptual,23,7.19463311,1.08277497,0.5253,2.061250656,379146.9623,Jan 12th
5012,Higher,Adjusted,23,7.19463311,1.079773117,0.5253,2.055536107,379146.9623,Jan 12th
5013,Lower,Perceptual,12,4.667972706,1.270589024,0.5253,2.418787405,379146.9623,Jan 12th
5013,Lower,Adjusted,12,4.667972706,1.650004408,0.5253,3.141070641,379146.9623,Jan 12th
5013,Higher,Perceptual,27,9.192752205,1.747182695,0.5253,3.32606643,379146.9623,Jan 12th
5013,Higher,Adjusted,27,9.192752205,1.764693051,0.5253,3.359400441,379146.9623,Jan 12th
5014,Lower,Perceptual,12,10.54896985,1.167361124,0.5253,2.222275126,379146.9623,Jan 12th
5014,Lower,Adjusted,12,10.54896985,1.07147426,0.5253,2.039737787,379146.9623,Jan 12th
5014,Higher,Perceptual,28,11.28205325,1.074964199,0.5253,2.046381495,379146.9623,Jan 12th
5014,Higher,Adjusted,28,11.28205325,0.961067961,0.5253,1.829560176,379146.9623,Jan 12th
5015,Lower,Perceptual,13,8.584885762,1.481032919,0.5253,2.819403995,379146.9623,Jan 12th
5015,Lower,Adjusted,13,8.584885762,0.841882021,0.5253,1.602668991,379146.9623,Jan 12th
5015,Higher,Perceptual,28,9.94590331,0.913717249,0.5253,1.739419854,379146.9623,Jan 12th
5015,Higher,Adjusted,28,9.94590331,1.095327131,0.5253,2.085145881,379146.9623,Jan 12th
5016,Lower,Perceptual,13,9.029614558,1.461155452,0.5253,2.781563776,379146.9623,Jan 12th
5016,Lower,Adjusted,13,9.029614558,1.039783757,0.5253,1.979409399,379146.9623,Jan 12th
5016,Higher,Perceptual,28,10.3041634,2.133527294,0.5253,4.061540633,379146.9623,Jan 12th
5016,Higher,Adjusted,28,10.3041634,1.12296133,0.5253,2.137752388,379146.9623,Jan 12th
32614,Lower,Perceptual,14,8.362256297,1.539731404,0.5253,2.931146781,379146.9623,Jan 12th
32614,Lower,Adjusted,14,8.362256297,0.987615502,0.5253,1.880098043,379146.9623,Jan 12th
32614,Higher,Perceptual,29,10.03753068,0.91972829,0.5253,1.750862916,379146.9623,Jan 12th
32614,Higher,Adjusted,29,10.03753068,1.095327131,0.5253,2.085145881,379146.9623,Jan 12th
5018,Lower,Perceptual,15,9.056413988,1.996964992,0.5253,3.801570516,379146.9623,Jan 12th
5018,Lower,Adjusted,15,9.056413988,0.876271312,0.5253,1.668134994,379146.9623,Jan 12th
5018,Higher,Perceptual,25,10.69136525,0.728519302,0.5253,1.386863319,379146.9623,Jan 12th
5018,Higher,Adjusted,25,10.69136525,0.932249743,0.5253,1.774699682,379146.9623,Jan 12th
5019,Lower,Perceptual,16,9.015962564,2.076264101,0.5253,3.952530176,379146.9623,Jan 12th
5019,Lower,Adjusted,16,9.015962564,0.896785197,0.5253,1.707186745,379146.9623,Jan 12th
5019,Higher,Perceptual,26,8.665381821,0.413801053,0.5253,0.787742344,379146.9623,Jan 12th
5019,Higher,Adjusted,26,8.665381821,0.859420579,0.5253,1.636056689,379146.9623,Jan 12th
5020,Lower,Perceptual,16,6.440853861,1.995909169,0.5253,3.799560573,379146.9623,Jan 12th
5020,Lower,Adjusted,16,6.440853861,1.1697482,0.5253,2.226819341,379146.9623,Jan 12th
5020,Higher,Perceptual,30,6.664319106,0.7483424,0.5253,1.424600038,379146.9623,Jan 12th
5020,Higher,Adjusted,30,6.664319106,1.27608052,0.5253,2.429241424,379146.9623,Jan 12th
5021,Lower,Perceptual,17,8.457526583,2.385473303,0.5253,4.541163721,379146.9623,Jan 12th
5021,Lower,Adjusted,17,8.457526583,1.633669955,0.5253,3.109975167,379146.9623,Jan 12th
5021,Higher,Perceptual,30,9.134903444,0.753678581,0.5253,1.434758387,379146.9623,Jan 12th
5021,Higher,Adjusted,30,9.134903444,1.268871617,0.5253,2.415518021,379146.9623,Jan 12th
5022,Lower,Perceptual,17,8.075421242,2.662564017,0.5253,5.068654135,379146.9623,Jan 12th
5022,Lower,Adjusted,17,8.075421242,1.000046399,0.5253,1.903762419,379146.9623,Jan 12th
5022,Higher,Perceptual,28,10.61871668,1.145877395,0.5253,2.181377109,379146.9623,Jan 12th
5022,Higher,Adjusted,28,10.61871668,1.145877395,0.5253,2.181377109,379146.9623,Jan 12th
5023,Lower,Perceptual,5,7.804117019,3.124449834,0.5283,5.914158307,376953.4,Jan 13th
5023,Lower,Adjusted,5,7.804117019,1.18206047,0.5283,2.237479594,376953.4,Jan 13th
5023,Higher,Perceptual,21,7.87880553,2.302230866,0.5283,4.357809702,376953.4,Jan 13th
5023,Higher,Adjusted,21,7.87880553,1.412066927,0.5283,2.672850515,376953.4,Jan 13th
32329,Lower,Perceptual,5,8.069651536,2.219288722,0.5283,4.200811513,376953.4,Jan 13th
32329,Lower,Adjusted,5,8.069651536,1.18206047,0.5283,2.237479594,376953.4,Jan 13th
32329,Higher,Perceptual,19,8.881305922,1.601952382,0.5283,3.032277839,376953.4,Jan 13th
32329,Higher,Adjusted,19,8.881305922,1.208833143,0.5283,2.288156621,376953.4,Jan 13th
5025,Lower,Perceptual,6,7.44007786,1.482331925,0.5283,2.805852594,376953.4,Jan 13th
5025,Lower,Adjusted,6,7.44007786,1.30668921,0.5283,2.473384838,376953.4,Jan 13th
5025,Higher,Perceptual,18,9.025289118,1.194843038,0.5283,2.261675257,376953.4,Jan 13th
5025,Higher,Adjusted,18,9.025289118,1.405297723,0.5283,2.660037333,376953.4,Jan 13th
5026,Lower,Perceptual,6,7.486676625,2.155428558,0.5283,4.079932914,376953.4,Jan 13th
5026,Lower,Adjusted,6,7.486676625,0.912036007,0.5283,1.726360037,376953.4,Jan 13th
5026,Higher,Perceptual,18,7.429092956,1.925429514,0.5283,3.644576026,376953.4,Jan 13th
5026,Higher,Adjusted,18,7.429092956,0.98218931,0.5283,1.859150691,376953.4,Jan 13th
5027,Lower,Perceptual,7,5.328980229,3.75251949,0.5283,7.103008688,376953.4,Jan 13th
5027,Lower,Adjusted,7,5.328980229,1.979111942,0.5283,3.746189555,376953.4,Jan 13th
5027,Higher,Perceptual,20,5.724810452,2.848374636,0.5283,5.391585532,376953.4,Jan 13th
5027,Higher,Adjusted,20,5.724810452,1.344185479,0.5283,2.544360172,376953.4,Jan 13th
1043,Lower,Perceptual,7,5.946402024,1.064033895,0.5283,2.014071352,376953.4,Jan 13th
1043,Lower,Adjusted,7,5.946402024,0.950844305,0.5283,1.799818863,376953.4,Jan 13th
1043,Higher,Perceptual,19,8.064626224,0.812544709,0.5283,1.53803655,376953.4,Jan 13th
1043,Higher,Adjusted,19,8.064626224,0.950844305,0.5283,1.799818863,376953.4,Jan 13th
5029,Lower,Perceptual,8,1.959927636,1.601952382,0.5283,3.032277839,376953.4,Jan 13th
5029,Lower,Adjusted,8,1.959927636,1.182838598,0.5283,2.238952485,376953.4,Jan 13th
5029,Higher,Perceptual,,,,0.5283,,376953.4,Jan 13th
5029,Higher,Adjusted,,,,0.5283,,376953.4,Jan 13th
5030,Lower,Perceptual,8,4.32048716,2.034589559,0.5283,3.851201135,376953.4,Jan 13th
5030,Lower,Adjusted,8,4.32048716,1.279108462,0.5283,2.421178236,376953.4,Jan 13th
5030,Higher,Perceptual,22,5.798840301,0.848005545,0.5283,1.605159085,376953.4,Jan 13th
5030,Higher,Adjusted,22,5.798840301,1.131373567,0.5283,2.141536186,376953.4,Jan 13th
5031,Lower,Perceptual,9,7.504672755,1.127396704,0.5283,2.134008526,376953.4,Jan 13th
5031,Lower,Adjusted,9,7.504672755,1.009220664,0.5283,1.910317365,376953.4,Jan 13th
5031,Higher,Perceptual,24,7.473206207,0.920469775,0.5283,1.742324011,376953.4,Jan 13th
5031,Higher,Adjusted,24,7.473206207,0.94083587,0.5283,1.780874257,376953.4,Jan 13th
5032,Lower,Perceptual,12,7.688830774,0.956568186,0.5283,1.810653391,376953.4,Jan 13th
5032,Lower,Adjusted,12,7.688830774,0.937546381,0.5283,1.774647702,376953.4,Jan 13th
5032,Higher,Perceptual,24,9.260755404,0.703781828,0.5283,1.332163219,376953.4,Jan 13th
5032,Higher,Adjusted,24,9.260755404,0.792375811,0.5283,1.49985957,376953.4,Jan 13th
5034,Lower,Perceptual,12,9.194937519,0.96495874,0.5283,1.826535568,376953.4,Jan 13th
5034,Lower,Adjusted,12,9.194937519,0.770517836,0.5283,1.458485398,376953.4,Jan 13th
5034,Higher,Perceptual,23,10.04254547,0.689663093,0.5283,1.305438374,376953.4,Jan 13th
5034,Higher,Adjusted,23,10.04254547,1.163780508,0.5283,2.202878115,376953.4,Jan 13th
5033,Lower,Perceptual,13,10.16761499,0.863827697,0.5283,1.635108267,376953.4,Jan 13th
5033,Lower,Adjusted,13,10.16761499,0.856127902,0.5283,1.620533603,376953.4,Jan 13th
5033,Higher,Perceptual,26,7.328449184,0.806678155,0.5283,1.526931961,376953.4,Jan 13th
5033,Higher,Adjusted,26,7.328449184,1.002650554,0.5283,1.89788104,376953.4,Jan 13th
5035,Lower,Perceptual,14,8.294513033,1.330680869,0.5283,2.518797784,376953.4,Jan 13th
5035,Lower,Adjusted,14,8.294513033,1.134065002,0.5283,2.146630705,376953.4,Jan 13th
5035,Higher,Perceptual,26,6.920366458,1.321318583,0.5283,2.501076251,376953.4,Jan 13th
5035,Higher,Adjusted,26,6.920366458,1.755307858,0.5283,3.322558884,376953.4,Jan 13th
5036,Lower,Perceptual,14,8.680446743,1.886518994,0.5283,3.570923706,376953.4,Jan 13th
5036,Lower,Adjusted,14,8.680446743,0.96495874,0.5283,1.826535568,376953.4,Jan 13th
5036,Higher,Perceptual,25,8.72073154,1.649923441,0.5283,3.123080525,376953.4,Jan 13th
5036,Higher,Adjusted,25,8.72073154,0.884946922,0.5283,1.675084086,376953.4,Jan 13th
5037,Lower,Perceptual,14,10.78508953,0.723726539,0.5283,1.369915842,376953.4,Jan 13th
5037,Lower,Adjusted,14,10.78508953,0.784035275,0.5283,1.48407207,376953.4,Jan 13th
5037,Higher,Perceptual,27,11.4046952,0.736649875,0.5283,1.394377957,376953.4,Jan 13th
5037,Higher,Adjusted,27,11.4046952,1.19170925,0.5283,2.255743422,376953.4,Jan 13th
5038,Lower,Perceptual,16,7.843885013,1.36366988,0.5283,2.581241491,376953.4,Jan 13th
5038,Lower,Adjusted,16,7.843885013,1.27608052,0.5283,2.415446754,376953.4,Jan 13th
5038,Higher,Perceptual,32,10.27584119,1.159178552,0.5283,2.194167239,376953.4,Jan 13th
5038,Higher,Adjusted,32,10.27584119,1.386348751,0.5283,2.624169508,376953.4,Jan 13th
5039,Lower,Perceptual,16,4.827961893,2.455157664,0.5283,4.647279319,376953.4,Jan 13th
5039,Lower,Adjusted,16,4.827961893,4.547570131,0.5283,8.607931347,376953.4,Jan 13th
5039,Higher,Perceptual,27,5.917444294,2.225861768,0.5283,4.213253393,376953.4,Jan 13th
5039,Higher,Adjusted,27,5.917444294,3.468966017,0.5283,6.566280555,376953.4,Jan 13th
5040,Lower,Perceptual,17,7.773087801,1.997265272,0.5283,3.780551338,376953.4,Jan 13th
5040,Lower,Adjusted,17,7.773087801,1.559622134,0.5283,2.95215244,376953.4,Jan 13th
5040,Higher,Perceptual,31,7.875382104,1.344185479,0.5283,2.544360172,376953.4,Jan 13th
5040,Higher,Adjusted,31,7.875382104,1.896781612,0.5283,3.590349446,376953.4,Jan 13th
1034,Lower,Perceptual,5,6.915335516,2.267661881,0.5021,4.516355071,396614.583,May 13th
1034,Lower,Adjusted,5,6.915335516,0.950844305,0.5021,1.893734924,396614.583,May 13th
1034,Higher,Perceptual,17,7.23893757,1.761976611,0.5021,3.509214521,396614.583,May 13th
1034,Higher,Adjusted,17,7.23893757,0.841882021,0.5021,1.67672181,396614.583,May 13th
5250,Lower,Perceptual,7,7.72064563,1.697914289,0.5021,3.381625749,396614.583,May 13th
5250,Lower,Adjusted,7,7.72064563,0.793313504,0.5021,1.579991045,396614.583,May 13th
5250,Higher,Perceptual,17,9.032820356,1.755701011,0.5021,3.496715816,396614.583,May 13th
5250,Higher,Adjusted,17,9.032820356,0.89738543,0.5021,1.78726435,396614.583,May 13th
5251,Lower,Perceptual,8,7.149056538,1.194843038,0.5021,2.379691373,396614.583,May 13th
5251,Lower,Adjusted,8,7.149056538,0.908328699,0.5021,1.80905935,396614.583,May 13th
5251,Higher,Perceptual,19,7.618522229,1.184717974,0.5021,2.35952594,396614.583,May 13th
5251,Higher,Adjusted,19,7.618522229,0.876271312,0.5021,1.745212731,396614.583,May 13th