ID,Gender,Age,Notes,Date,Time,Version,Lamp1 Estimate Template Number,Lamp1 Estimate Template Size (cm),Lamp1 Estimate Distance (cm),Lamp1 Width (cm),Lamp1 Distance (cm),Lamp2 Estimate Template Number,Lamp2 Estimate Template Size (cm),Lamp2 Estimate Distance (cm),Lamp2 Width (cm),Lamp2 Distance (cm),Lamp3 Estimate Template Number,Lamp3 Estimate Template Size (cm),Lamp3 Estimate Distance (cm),Lamp3 Width (cm),Lamp3 Distance (cm),Lamp4 Estimate Template Number,Lamp4 Estimate Template Size (cm),Lamp4 Estimate Distance (cm),Lamp4 Width (cm),Lamp4 Distance (cm),Lamp1a Estimate Template Number,Lamp1a Estimate Template Size (cm),Lamp1a Estimate Distance (cm),Lamp1a Width (cm),Lamp1a Distance (cm),Lamp1a 1st Caliper Aperture (cm),Lamp1a 1st Caliper Distance (cm),Lamp2a Estimate Template Number,Lamp2a Estimate Template Size (cm),Lamp2a Estimate Distance (cm),Lamp2a Width (cm),Lamp2a Distance (cm),Lamp2a 1st Caliper Aperture (cm),Lamp2a 1st Caliper Distance (cm),Lamp3a Estimate Template Number,Lamp3a Estimate Template Size (cm),Lamp3a Estimate Distance (cm),Lamp3a Width (cm),Lamp3a Distance (cm),Lamp3a 1st Caliper Aperture (cm),Lamp3a 1st Caliper Distance (cm),Lamp4a Estimate Template Number,Lamp4a Estimate Template Size (cm),Lamp4a Estimate Distance (cm),Lamp4a Width (cm),Lamp4a Distance (cm),Lamp4a 1st Caliper Aperture (cm),Lamp4a 1st Caliper Distance (cm),Lamp5 Estimate Template Number,Lamp5 Estimate Template Size (cm),Lamp5 Estimate Distance (cm),Lamp5 Width (cm),Lamp5 Distance (cm),Lamp5 1st Caliper Aperture (cm),Lamp5 1st Caliper Distance (cm),Lamp5 2nd Caliper Aperture (cm),Lamp5 2nd Caliper Distance (cm),Lamp6 Estimate Template Number,Lamp6 Estimate Template Size (cm),Lamp6 Estimate Distance (cm),Lamp6 Width (cm),Lamp6 Distance (cm),Lamp6 1st Caliper Aperture (cm),Lamp6 1st Caliper Distance (cm),Lamp6 2nd Caliper Aperture (cm),Lamp6 2nd Caliper Distance (cm),Lamp7 Estimate Template Number,Lamp7 Estimate Template Size (cm),Lamp7 Estimate Distance (cm),Lamp7 Width (cm),Lamp7 Distance (cm),Lamp7 1st Caliper Aperture (cm),Lamp7 1st Caliper Distance (cm),Lamp7 2nd Caliper Aperture (cm),Lamp7 2nd Caliper Distance (cm),Stick1 Estimate Template Number,Stick1 Estimate Template Size (cm),Stick1 Estimate Distance (cm),Stick1 Width (cm),Stick1 Height (cm),Stick1 Distance (cm),Stick2 Estimate Template Number,Stick2 Estimate Template Size (cm),Stick2 Estimate Distance (cm),Stick2 Width (cm),Stick2 Height (cm),Stick2 Distance (cm),Stick3 Estimate Template Number,Stick3 Estimate Template Size (cm),Stick3 Estimate Distance (cm),Stick3 Width (cm),Stick3 Height (cm),Stick3 Distance (cm),Stick4 Estimate Template Number,Stick4 Estimate Template Size (cm),Stick4 Estimate Distance (cm),Stick4 Width (cm),Stick4 Height (cm),Stick4 Distance (cm),Stick7 Estimate Template Number,Stick7 Estimate Template Size (cm),Stick7 Estimate Distance (cm),Stick7 Width (cm),Stick7 Height (cm),Stick7 Distance (cm),Stick7 1st Caliper Aperture (cm),Stick7 1st Caliper Distance (cm),Stick7 2nd Caliper Aperture (cm),Stick7 2nd Caliper Distance (cm),Stick8 Estimate Template Number,Stick8 Estimate Template Size (cm),Stick8 Estimate Distance (cm),Stick8 Width (cm),Stick8 Height (cm),Stick8 Distance (cm),Stick8 1st Caliper Aperture (cm),Stick8 1st Caliper Distance (cm),Stick8 2nd Caliper Aperture (cm),Stick8 2nd Caliper Distance (cm),Stick9 Estimate Template Number,Stick9 Estimate Template Size (cm),Stick9 Estimate Distance (cm),Stick9 Width (cm),Stick9 Height (cm),Stick9 Distance (cm),Stick9 1st Caliper Aperture (cm),Stick9 1st Caliper Distance (cm),Stick9 2nd Caliper Aperture (cm),Stick9 2nd Caliper Distance (cm),Stick9a Estimate Template Number,Stick9a Estimate Template Size (cm),Stick9a Estimate Distance (cm),Stick9a Width (cm),Stick9a Height (cm),Stick9a Distance (cm),Stick9a 1st Caliper Aperture (cm),Stick9a 1st Caliper Distance (cm),Stick9a 2nd Caliper Aperture (cm),Stick9a 2nd Caliper Distance (cm),Stick10 Estimate Template Number,Stick10 Estimate Template Size (cm),Stick10 Estimate Distance (cm),Stick10 Width (cm),Stick10 Height (cm),Stick10 Distance (cm),Stick10 1st Caliper Aperture (cm),Stick10 1st Caliper Distance (cm),Stick10 2nd Caliper Aperture (cm),Stick10 2nd Caliper Distance (cm),MoonBallBall1 Estimate Template Number,MoonBall1 Estimate Template Size (cm),MoonBall1 Estimate Distance (cm),MoonBall1 Width (cm),MoonBall1 Distance (cm),MoonBall2 Estimate Template Number,MoonBall2 Estimate Template Size (cm),MoonBall2 Estimate Distance (cm),MoonBall2 Width (cm),MoonBall2 Distance (cm),MoonBall3 Estimate Template Number,MoonBall3 Estimate Template Size (cm),MoonBall3 Estimate Distance (cm),MoonBall3 Width (cm),MoonBall3 Distance (cm),MoonBall4 Estimate Template Number,MoonBall4 Estimate Template Size (cm),MoonBall4 Estimate Distance (cm),MoonBall4 Width (cm),MoonBall4 Distance (cm),BlueBall Estimate Template Number,BlueBall Estimate Template Size (cm),BlueBall Estimate Distance (cm),BlueBall Width (cm),BlueBall Distance (cm),BlueBall 1st Caliper Aperture (cm),BlueBall 1st Caliper Distance (cm),BlueBall 2nd Caliper Aperture (cm),BlueBall 2nd Caliper Distance (cm)
1,Male,56,,2/16/24,09:00,1,10,1.22,67,40.64,6280,13,1.9,67,40.64,2020,11,1.44,67,40.64,5027,12,1.63,67,40.64,3421,,,,40.64,6670,,,,,,40.64,2250,,,,,,40.64,4890,,,,,,40.64,3230,,,,,,40.64,1690,,,,,,,,40.64,2980,,,,,,,,40.64,6110,,,,,11,6.1,67,14,259.08,6280,14,9,67,14,259.08,2020,10,5.17,67,14,259.08,5027,12,6.89,67,14,259.08,3421,,,,14,289.56,6110,,,,,,,,14,289.56,10700,,,,,,,,14,289.56,15100,,,,,,,,14,289.56,15188.5,,,,,,,,14,289.56,2318,,,,,,,,55,6060,,,,55,2080,,,,55,4720,,,,55,3270,,,,22.605,1520,,,,
2,Female,26,,2/16/24,13:30,1,8,0.96,59,40.64,6280,14,2.15,59,40.64,2020,10,1.22,59,40.64,5027,12,1.63,59,40.64,3421,,,,40.64,6670,,,,,,40.64,2250,,,,,,40.64,4890,,,,,,40.64,3230,,,,,,40.64,1690,,,,,,,,40.64,2980,,,,,,,,40.64,6110,,,,,7,3.32,59,14,259.08,6280,13,7.7,59,14,259.08,2020,10,5.17,59,14,259.08,5027,12,6.89,59,14,259.08,3421,,,,14,289.56,6110,,,,,,,,14,289.56,10700,,,,,,,,14,289.56,15100,,,,,,,,14,289.56,15188.5,,,,,,,,14,289.56,2318,,,,,,,,55,6060,,,,55,2080,,,,55,4720,,,,55,3270,,,,22.605,1520,,,,
3,Male,21,,2/16/24,14:30,1,4,0.52,60,40.64,6280,10,1.22,60,40.64,2020,5,0.65,60,40.64,5027,7,0.78,60,40.64,3421,,,,40.64,6670,,,,,,40.64,2250,,,,,,40.64,4890,,,,,,40.64,3230,,,,,,40.64,1690,,,,,,,,40.64,2980,,,,,,,,40.64,6110,,,,,3,2.08,60,14,259.08,6280,10,5.17,60,14,259.08,2020,5,2.77,60,14,259.08,5027,7,3.32,60,14,259.08,3421,,,,14,289.56,6110,,,,,,,,14,289.56,10700,,,,,,,,14,289.56,15100,,,,,,,,14,289.56,15188.5,,,,,,,,14,289.56,2318,,,,,,,,55,6060,,,,55,2080,,,,55,4720,,,,55,3270,,,,22.605,1520,,,,
4,Male,21,,2/16/24,15:30,1,9,0.98,58,40.64,6280,13,1.9,58,40.64,2020,8,0.96,58,40.64,5027,10,1.22,58,40.64,3421,,,,40.64,6670,,,,,,40.64,2250,,,,,,40.64,4890,,,,,,40.64,3230,,,,,,40.64,1690,,,,,,,,40.64,2980,,,,,,,,40.64,6110,,,,,10,5.17,58,14,259.08,6280,14,9,58,14,259.08,2020,10,5.17,58,14,259.08,5027,12,6.89,58,14,259.08,3421,,,,14,289.56,6110,,,,,,,,14,289.56,10700,,,,,,,,14,289.56,15100,,,,,,,,14,289.56,15188.5,,,,,,,,14,289.56,2318,,,,,,,,55,6060,,,,55,2080,,,,55,4720,,,,55,3270,,,,22.605,1520,,,,
5,Male,23,,2/23/24,14:25,1,15,2.44,71.5,40.64,6280,16,2.7,71.5,40.64,2020,15,2.44,71.5,40.64,5027,16,2.7,71.5,40.64,3421,,,,40.64,6670,,,,,,40.64,2250,,,,,,40.64,4890,,,,,,40.64,3230,,,,,,40.64,1690,,,,,,,,40.64,2980,,,,,,,,40.64,6110,,,,,15,10.34,71.5,14,259.08,6280,16,11,71.5,14,259.08,2020,14,9,71.5,14,259.08,5027,16,11,71.5,14,259.08,3421,,,,14,289.56,6110,,,,,,,,14,289.56,10700,,,,,,,,14,289.56,15100,,,,,,,,14,289.56,15188.5,,,,,,,,14,289.56,2318,,,,,,,,55,6060,,,,55,2080,,,,55,4720,,,,55,3270,,,,22.605,1520,,,,
6,Male,34,,2/23/24,15:10,1,15,2.44,61.5,40.64,6280,16,2.7,61.5,40.64,2020,16,2.7,61.5,40.64,5027,16,2.7,61.5,40.64,3421,,,,40.64,6670,,,,,,40.64,2250,,,,,,40.64,4890,,,,,,40.64,3230,,,,,,40.64,1690,,,,,,,,40.64,2980,,,,,,,,40.64,6110,,,,,13,7.7,61.5,14,259.08,6280,15,10.34,61.5,14,259.08,2020,14,9,61.5,14,259.08,5027,15,10.34,61.5,14,259.08,3421,,,,14,289.56,6110,,,,,,,,14,289.56,10700,,,,,,,,14,289.56,15100,,,,,,,,14,289.56,15188.5,,,,,,,,14,289.56,2318,,,,,,,,55,6060,,,,55,2080,,,,55,4720,,,,55,3270,,,,22.605,1520,,,,
7,Female,21,,2/23/24,16:24,1,8,0.96,46,40.64,6280,14,2.15,46,40.64,2020,9,0.98,46,40.64,5027,11,1.44,46,40.64,3421,,,,40.64,6670,,,,,,40.64,2250,,,,,,40.64,4890,,,,,,40.64,3230,,,,,,40.64,1690,,,,,,,,40.64,2980,,,,,,,,40.64,6110,,,,,6,3.05,46,14,259.08,6280,14,9,46,14,259.08,2020,8,4.07,46,14,259.08,5027,10,5.17,46,14,259.08,3421,,,,14,289.56,6110,,,,,,,,14,289.56,10700,,,,,,,,14,289.56,15100,,,,,,,,14,289.56,15188.5,,,,,,,,14,289.56,2318,,,,,,,,55,6060,,,,55,2080,,,,55,4720,,,,55,3270,,,,22.605,1520,,,,
30337,Female,20,,3/7/24,14:18,1,10,1.22,66,40.64,6280,18,3.8,66,40.64,2020,12,1.63,66,40.64,5027,14,2.15,66,40.64,3421,,,,40.64,6670,,,,,,40.64,2250,,,,,,40.64,4890,,,,,,40.64,3230,,,,,,40.64,1690,,,,,,,,40.64,2980,,,,,,,,40.64,6110,,,,,13,7.7,66,14,259.08,6280,17,13,66,14,259.08,2020,15,10.34,66,14,259.08,5027,17,13,66,14,259.08,3421,,,,14,289.56,6110,,,,,,,,14,289.56,10700,,,,,,,,14,289.56,15100,,,,,,,,14,289.56,15188.5,,,,,,,,14,289.56,2318,,,,,,,,55,6060,,,,55,2080,,,,55,4720,,,,55,3270,,,,22.605,1520,,,,
8,Female,66,,3/7/24,15:22,1,13,1.9,73,40.64,6280,17,3.3,73,40.64,2020,12,1.63,73,40.64,5027,14,2.15,73,40.64,3421,,,,40.64,6670,,,,,,40.64,2250,,,,,,40.64,4890,,,,,,40.64,3230,,,,,,40.64,1690,,,,,,,,40.64,2980,,,,,,,,40.64,6110,,,,,11,6.1,73,14,259.08,6280,17,13,73,14,259.08,2020,13,7.7,73,14,259.08,5027,15,10.34,73,14,259.08,3421,,,,14,289.56,6110,,,,,,,,14,289.56,10700,,,,,,,,14,289.56,15100,,,,,,,,14,289.56,15188.5,,,,,,,,14,289.56,2318,,,,,,,,55,6060,,,,55,2080,,,,55,4720,,,,55,3270,,,,22.605,1520,,,,
9,Male,24,,3/8/24,09:12,1,8,0.96,76,40.64,6280,15,2.44,76,40.64,2020,9,0.98,76,40.64,5027,11,1.44,76,40.64,3421,,,,40.64,6670,,,,,,40.64,2250,,,,,,40.64,4890,,,,,,40.64,3230,,,,,,40.64,1690,,,,,,,,40.64,2980,,,,,,,,40.64,6110,,,,,8,4.07,76,14,259.08,6280,17,13,76,14,259.08,2020,14,9,76,14,259.08,5027,15,10.34,76,14,259.08,3421,,,,14,289.56,6110,,,,,,,,14,289.56,10700,,,,,,,,14,289.56,15100,,,,,,,,14,289.56,15188.5,,,,,,,,14,289.56,2318,,,,,,,,55,6060,,,,55,2080,,,,55,4720,,,,55,3270,,,,22.605,1520,,,,
10,Female,21,,3/8/24,15:35,1,10,1.22,54,40.64,6280,15,2.44,54,40.64,2020,12,1.63,54,40.64,5027,13,1.9,54,40.64,3421,,,,40.64,6670,,,,,,40.64,2250,,,,,,40.64,4890,,,,,,40.64,3230,,,,,,40.64,1690,,,,,,,,40.64,2980,,,,,,,,40.64,6110,,,,,14,9,54,14,259.08,6280,17,13,54,14,259.08,2020,15,10.34,54,14,259.08,5027,16,11,54,14,259.08,3421,,,,14,289.56,6110,,,,,,,,14,289.56,10700,,,,,,,,14,289.56,15100,,,,,,,,14,289.56,15188.5,,,,,,,,14,289.56,2318,,,,,,,,55,6060,,,,55,2080,,,,55,4720,,,,55,3270,,,,22.605,1520,,,,
11,Male,22,,3/13/24,14:09,1,10,1.22,46,40.64,6280,17,3.3,46,40.64,2020,11,1.44,46,40.64,5027,14,2.15,46,40.64,3421,,,,40.64,6670,,,,,,40.64,2250,,,,,,40.64,4890,,,,,,40.64,3230,,,,,,40.64,1690,,,,,,,,40.64,2980,,,,,,,,40.64,6110,,,,,9,4.15,46,14,259.08,6280,16,11,46,14,259.08,2020,10,5.17,46,14,259.08,5027,13,7.7,46,14,259.08,3421,,,,14,289.56,6110,,,,,,,,14,289.56,10700,,,,,,,,14,289.56,15100,,,,,,,,14,289.56,15188.5,,,,,,,,14,289.56,2318,,,,,,,,55,6060,,,,55,2080,,,,55,4720,,,,55,3270,,,,22.605,1520,,,,
12,Female,18,,3/13/24,15:12,1,9,0.98,64,40.64,6280,12,1.63,64,40.64,2020,10,1.22,64,40.64,5027,12,1.63,64,40.64,3421,,,,40.64,6670,,,,,,40.64,2250,,,,,,40.64,4890,,,,,,40.64,3230,,,,,,40.64,1690,,,,,,,,40.64,2980,,,,,,,,40.64,6110,,,,,9,4.15,64,14,259.08,6280,12,6.89,64,14,259.08,2020,10,5.17,64,14,259.08,5027,12,6.89,64,14,259.08,3421,,,,14,289.56,6110,,,,,,,,14,289.56,10700,,,,,,,,14,289.56,15100,,,,,,,,14,289.56,15188.5,,,,,,,,14,289.56,2318,,,,,,,,55,6060,,,,55,2080,,,,55,4720,,,,55,3270,,,,22.605,1520,,,,
13,Female,24,,3/13/24,16:17,1,9,0.98,35,40.64,6280,13,1.9,35,40.64,2020,10,1.22,35,40.64,5027,12,1.63,35,40.64,3421,,,,40.64,6670,,,,,,40.64,2250,,,,,,40.64,4890,,,,,,40.64,3230,,,,,,40.64,1690,,,,,,,,40.64,2980,,,,,,,,40.64,6110,,,,,11,6.1,35,14,259.08,6280,14,9,35,14,259.08,2020,11,6.1,35,14,259.08,5027,14,9,35,14,259.08,3421,,,,14,289.56,6110,,,,,,,,14,289.56,10700,,,,,,,,14,289.56,15100,,,,,,,,14,289.56,15188.5,,,,,,,,14,289.56,2318,,,,,,,,55,6060,,,,55,2080,,,,55,4720,,,,55,3270,,,,22.605,1520,,,,
14,Female,33,,4/16/24,13:14,1,10,1.22,57,40.64,6280,14,2.15,57,40.64,2020,13,1.9,57,40.64,5027,15,2.44,57,40.64,3421,,,,40.64,6670,,,,,,40.64,2250,,,,,,40.64,4890,,,,,,40.64,3230,,,,,,40.64,1690,,,,,,,,40.64,2980,,,,,,,,40.64,6110,,,,,11,6.1,57,14,259.08,6280,15,10.34,57,14,259.08,2020,12,6.89,57,14,259.08,5027,15,10.34,57,14,259.08,3421,,,,14,289.56,6110,,,,,,,,14,289.56,10700,,,,,,,,14,289.56,15100,,,,,,,,14,289.56,15188.5,,,,,,,,14,289.56,2318,,,,,,,,55,6060,,,,55,2080,,,,55,4720,,,,55,3270,,,,22.605,1520,,,,
15,Female,27,,4/16/24,14:12,1,10,1.22,53.5,40.64,6280,14,2.15,53.5,40.64,2020,12,1.63,53.5,40.64,5027,13,1.9,53.5,40.64,3421,,,,40.64,6670,,,,,,40.64,2250,,,,,,40.64,4890,,,,,,40.64,3230,,,,,,40.64,1690,,,,,,,,40.64,2980,,,,,,,,40.64,6110,,,,,14,9,53.5,14,259.08,6280,15,10.34,53.5,14,259.08,2020,13,7.7,53.5,14,259.08,5027,14,9,53.5,14,259.08,3421,,,,14,289.56,6110,,,,,,,,14,289.56,10700,,,,,,,,14,289.56,15100,,,,,,,,14,289.56,15188.5,,,,,,,,14,289.56,2318,,,,,,,,55,6060,,,,55,2080,,,,55,4720,,,,55,3270,,,,22.605,1520,,,,
16,Male,28,,4/18/24,16:00,1,9,0.98,60,40.64,6280,14,2.15,60,40.64,2020,11,1.44,60,40.64,5027,13,1.9,60,40.64,3421,,,,40.64,6670,,,,,,40.64,2250,,,,,,40.64,4890,,,,,,40.64,3230,,,,,,40.64,1690,,,,,,,,40.64,2980,,,,,,,,40.64,6110,,,,,12,6.89,60,14,259.08,6280,16,11,60,14,259.08,2020,14,9,60,14,259.08,5027,15,10.34,60,14,259.08,3421,,,,14,289.56,6110,,,,,,,,14,289.56,10700,,,,,,,,14,289.56,15100,,,,,,,,14,289.56,15188.5,,,,,,,,14,289.56,2318,,,,,,,,55,6060,,,,55,2080,,,,55,4720,,,,55,3270,,,,22.605,1520,,,,
17,Male,31,,4/19/24,14:18,1,8,0.96,57.5,40.64,6280,12,1.63,57.5,40.64,2020,7,0.78,57.5,40.64,5027,9,0.98,57.5,40.64,3421,,,,40.64,6670,,,,,,40.64,2250,,,,,,40.64,4890,,,,,,40.64,3230,,,,,,40.64,1690,,,,,,,,40.64,2980,,,,,,,,40.64,6110,,,,,11,6.1,57.5,14,259.08,6280,16,11,57.5,14,259.08,2020,12,6.89,57.5,14,259.08,5027,13,7.7,57.5,14,259.08,3421,,,,14,289.56,6110,,,,,,,,14,289.56,10700,,,,,,,,14,289.56,15100,,,,,,,,14,289.56,15188.5,,,,,,,,14,289.56,2318,,,,,,,,55,6060,,,,55,2080,,,,55,4720,,,,55,3270,,,,22.605,1520,,,,
18,Female,28,,4/19/24,15:09,1,10,1.22,57.5,40.64,6280,12,1.63,57.5,40.64,2020,11,1.44,57.5,40.64,5027,11,1.44,57.5,40.64,3421,,,,40.64,6670,,,,,,40.64,2250,,,,,,40.64,4890,,,,,,40.64,3230,,,,,,40.64,1690,,,,,,,,40.64,2980,,,,,,,,40.64,6110,,,,,13,7.7,57.5,14,259.08,6280,17,13,57.5,14,259.08,2020,14,9,57.5,14,259.08,5027,15,10.34,57.5,14,259.08,3421,,,,14,289.56,6110,,,,,,,,14,289.56,10700,,,,,,,,14,289.56,15100,,,,,,,,14,289.56,15188.5,,,,,,,,14,289.56,2318,,,,,,,,55,6060,,,,55,2080,,,,55,4720,,,,55,3270,,,,22.605,1520,,,,
19,Male,25,,4/19/24,16:16,1,10,1.22,69,40.64,6280,16,2.7,69,40.64,2020,12,1.63,69,40.64,5027,15,2.44,69,40.64,3421,,,,40.64,6670,,,,,,40.64,2250,,,,,,40.64,4890,,,,,,40.64,3230,,,,,,40.64,1690,,,,,,,,40.64,2980,,,,,,,,40.64,6110,,,,,9,4.15,69,14,259.08,6280,15,10.34,69,14,259.08,2020,12,6.89,69,14,259.08,5027,10,5.17,69,14,259.08,3421,,,,14,289.56,6110,,,,,,,,14,289.56,10700,,,,,,,,14,289.56,15100,,,,,,,,14,289.56,15188.5,,,,,,,,14,289.56,2318,,,,,,,,55,6060,,,,55,2080,,,,55,4720,,,,55,3270,,,,22.605,1520,,,,
20,Female,21,,5/10/24,14:49,1,6,0.72,41,40.64,6280,11,1.44,41,40.64,2020,5,0.65,41,40.64,5027,9,0.98,41,40.64,3421,,,,40.64,6670,,,,,,40.64,2250,,,,,,40.64,4890,,,,,,40.64,3230,,,,,,40.64,1690,,,,,,,,40.64,2980,,,,,,,,40.64,6110,,,,,6,3.05,41,14,259.08,6280,14,9,41,14,259.08,2020,10,5.17,41,14,259.08,5027,12,6.89,41,14,259.08,3421,,,,14,289.56,6110,,,,,,,,14,289.56,10700,,,,,,,,14,289.56,15100,,,,,,,,14,289.56,15188.5,,,,,,,,14,289.56,2318,,,,,,,,55,6060,,,,55,2080,,,,55,4720,,,,55,3270,,,,22.605,1520,,,,
21,Male,34,,5/15/24,12:50,1,12,1.63,62,40.64,6280,17,3.3,62,40.64,2020,15,2.44,62,40.64,5027,16,2.7,62,40.64,3421,,,,40.64,6670,,,,,,40.64,2250,,,,,,40.64,4890,,,,,,40.64,3230,,,,,,40.64,1690,,,,,,,,40.64,2980,,,,,,,,40.64,6110,,,,,16,11,62,14,259.08,6280,18,15,62,14,259.08,2020,17,13,62,14,259.08,5027,18,15,62,14,259.08,3421,,,,14,289.56,6110,,,,,,,,14,289.56,10700,,,,,,,,14,289.56,15100,,,,,,,,14,289.56,15188.5,,,,,,,,14,289.56,2318,,,,,,,,55,6060,,,,55,2080,,,,55,4720,,,,55,3270,,,,22.605,1520,,,,
22,Male,39,,5/15/24,13:44,1,14,2.15,45,40.64,6280,18,3.8,45,40.64,2020,17,3.3,45,40.64,5027,18,3.8,45,40.64,3421,,,,40.64,6670,,,,,,40.64,2250,,,,,,40.64,4890,,,,,,40.64,3230,,,,,,40.64,1690,,,,,,,,40.64,2980,,,,,,,,40.64,6110,,,,,17,13,45,14,259.08,6280,18,15,45,14,259.08,2020,16,11,45,14,259.08,5027,18,15,45,14,259.08,3421,,,,14,289.56,6110,,,,,,,,14,289.56,10700,,,,,,,,14,289.56,15100,,,,,,,,14,289.56,15188.5,,,,,,,,14,289.56,2318,,,,,,,,55,6060,,,,55,2080,,,,55,4720,,,,55,3270,,,,22.605,1520,,,,
23,Male,22,,5/15/24,14:56,1,7,0.78,65.5,40.64,6280,18,3.8,65.5,40.64,2020,12,1.63,65.5,40.64,5027,14,2.15,65.5,40.64,3421,,,,40.64,6670,,,,,,40.64,2250,,,,,,40.64,4890,,,,,,40.64,3230,,,,,,40.64,1690,,,,,,,,40.64,2980,,,,,,,,40.64,6110,,,,,8,4.07,65.5,14,259.08,6280,17,13,65.5,14,259.08,2020,13,7.7,65.5,14,259.08,5027,14,9,65.5,14,259.08,3421,,,,14,289.56,6110,,,,,,,,14,289.56,10700,,,,,,,,14,289.56,15100,,,,,,,,14,289.56,15188.5,,,,,,,,14,289.56,2318,,,,,,,,55,6060,,,,55,2080,,,,55,4720,,,,55,3270,,,,22.605,1520,,,,
24,Female,24,,5/17/24,13:46,1,6,0.72,68,40.64,6280,11,1.44,68,40.64,2020,9,0.98,68,40.64,5027,10,1.22,68,40.64,3421,,,,40.64,6670,,,,,,40.64,2250,,,,,,40.64,4890,,,,,,40.64,3230,,,,,,40.64,1690,,,,,,,,40.64,2980,,,,,,,,40.64,6110,,,,,8,4.07,68,14,259.08,6280,13,7.7,68,14,259.08,2020,10,5.17,68,14,259.08,5027,12,6.89,68,14,259.08,3421,,,,14,289.56,6110,,,,,,,,14,289.56,10700,,,,,,,,14,289.56,15100,,,,,,,,14,289.56,15188.5,,,,,,,,14,289.56,2318,,,,,,,,55,6060,,,,55,2080,,,,55,4720,,,,55,3270,,,,22.605,1520,,,,
25,Female,19,,5/17/24,14:36,1,11,1.44,52,40.64,6280,15,2.44,52,40.64,2020,13,1.9,52,40.64,5027,16,2.7,52,40.64,3421,,,,40.64,6670,,,,,,40.64,2250,,,,,,40.64,4890,,,,,,40.64,3230,,,,,,40.64,1690,,,,,,,,40.64,2980,,,,,,,,40.64,6110,,,,,16,11,52,14,259.08,6280,18,15,52,14,259.08,2020,17,13,52,14,259.08,5027,15,10.34,52,14,259.08,3421,,,,14,289.56,6110,,,,,,,,14,289.56,10700,,,,,,,,14,289.56,15100,,,,,,,,14,289.56,15188.5,,,,,,,,14,289.56,2318,,,,,,,,55,6060,,,,55,2080,,,,55,4720,,,,55,3270,,,,22.605,1520,,,,
26,Female,46,,5/17/24,15:43,1,14,2.15,47,40.64,6280,18,3.8,47,40.64,2020,15,2.44,47,40.64,5027,17,3.3,47,40.64,3421,,,,40.64,6670,,,,,,40.64,2250,,,,,,40.64,4890,,,,,,40.64,3230,,,,,,40.64,1690,,,,,,,,40.64,2980,,,,,,,,40.64,6110,,,,,12,6.89,47,14,259.08,6280,17,13,47,14,259.08,2020,14,9,47,14,259.08,5027,15,10.34,47,14,259.08,3421,,,,14,289.56,6110,,,,,,,,14,289.56,10700,,,,,,,,14,289.56,15100,,,,,,,,14,289.56,15188.5,,,,,,,,14,289.56,2318,,,,,,,,55,6060,,,,55,2080,,,,55,4720,,,,55,3270,,,,22.605,1520,,,,
27,Male,21,,5/31/24,13:46,1,12,1.63,63,40.64,6280,15,2.44,63,40.64,2020,13,1.9,63,40.64,5027,14,2.15,63,40.64,3421,,,,40.64,6670,,,,,,40.64,2250,,,,,,40.64,4890,,,,,,40.64,3230,,,,,,40.64,1690,,,,,,,,40.64,2980,,,,,,,,40.64,6110,,,,,10,5.17,63,14,259.08,6280,16,11,63,14,259.08,2020,17,13,63,14,259.08,5027,17,13,63,14,259.08,3421,,,,14,289.56,6110,,,,,,,,14,289.56,10700,,,,,,,,14,289.56,15100,,,,,,,,14,289.56,15188.5,,,,,,,,14,289.56,2318,,,,,,,,55,6060,,,,55,2080,,,,55,4720,,,,55,3270,,,,22.605,1520,,,,
28,Female,20,,5/31/24,14:12,1,9,0.98,67,40.64,6280,15,2.44,67,40.64,2020,13,1.9,67,40.64,5027,14,2.15,67,40.64,3421,,,,40.64,6670,,,,,,40.64,2250,,,,,,40.64,4890,,,,,,40.64,3230,,,,,,40.64,1690,,,,,,,,40.64,2980,,,,,,,,40.64,6110,,,,,8,4.07,67,14,259.08,6280,14,9,67,14,259.08,2020,11,6.1,67,14,259.08,5027,13,7.7,67,14,259.08,3421,,,,14,289.56,6110,,,,,,,,14,289.56,10700,,,,,,,,14,289.56,15100,,,,,,,,14,289.56,15188.5,,,,,,,,14,289.56,2318,,,,,,,,55,6060,,,,55,2080,,,,55,4720,,,,55,3270,,,,22.605,1520,,,,
29,Female,22,,5/31/24,14:47,1,11,1.44,49,40.64,6280,14,2.15,49,40.64,2020,12,1.63,49,40.64,5027,13,1.9,49,40.64,3421,,,,40.64,6670,,,,,,40.64,2250,,,,,,40.64,4890,,,,,,40.64,3230,,,,,,40.64,1690,,,,,,,,40.64,2980,,,,,,,,40.64,6110,,,,,13,7.7,49,14,259.08,6280,16,11,49,14,259.08,2020,14,9,49,14,259.08,5027,15,10.34,49,14,259.08,3421,,,,14,289.56,6110,,,,,,,,14,289.56,10700,,,,,,,,14,289.56,15100,,,,,,,,14,289.56,15188.5,,,,,,,,14,289.56,2318,,,,,,,,55,6060,,,,55,2080,,,,55,4720,,,,55,3270,,,,22.605,1520,,,,
30,Female,30,,5/31/24,15:23,1,4,0.52,48,40.64,6280,12,1.63,48,40.64,2020,3,0.49,48,40.64,5027,8,0.96,48,40.64,3421,,,,40.64,6670,,,,,,40.64,2250,,,,,,40.64,4890,,,,,,40.64,3230,,,,,,40.64,1690,,,,,,,,40.64,2980,,,,,,,,40.64,6110,,,,,7,3.32,48,14,259.08,6280,16,11,48,14,259.08,2020,9,4.15,48,14,259.08,5027,12,6.89,48,14,259.08,3421,,,,14,289.56,6110,,,,,,,,14,289.56,10700,,,,,,,,14,289.56,15100,,,,,,,,14,289.56,15188.5,,,,,,,,14,289.56,2318,,,,,,,,55,6060,,,,55,2080,,,,55,4720,,,,55,3270,,,,22.605,1520,,,,
31,Female,19,,7/9/24,10:12,,,,,40.64,6280,,,,40.64,2020,,,,40.64,5027,,,,40.64,3421,,,,40.64,6670,,,,,,40.64,2250,,,,,,40.64,4890,,,,,,40.64,3230,,,,,,40.64,1690,,,,,,,,40.64,2980,,,,,,,,40.64,6110,,,,,,,,14,259.08,6280,,,,14,259.08,2020,,,,14,259.08,5027,,,,14,259.08,3421,,,,14,289.56,6110,,,,,,,,14,289.56,10700,,,,,,,,14,289.56,15100,,,,,,,,14,289.56,15188.5,,,,,,,,14,289.56,2318,,,,,4,0.52,58,55,6060,9,0.98,58,55,2080,5,0.65,58,55,4720,7,0.78,58,55,3270,,,,22.605,1520,,,,
32,Non binary,31,Did stick task at new location ,7/9/24,11:00,,,,,40.64,6280,,,,40.64,2020,,,,40.64,5027,,,,40.64,3421,4,0.52,54,40.64,6670,,,13,1.9,54,40.64,2250,,,4,0.52,54,40.64,4890,,,7,0.78,54,40.64,3230,,,,,,40.64,1690,,,,,,,,40.64,2980,,,,,,,,40.64,6110,,,,,7,3.32,54,14,259.08,6670,12,6.89,54,14,259.08,2250,10,5.17,54,14,259.08,4890,10,5.17,54,14,259.08,3230,,,,14,289.56,6110,,,,,,,,14,289.56,10700,,,,,,,,14,289.56,15100,,,,,,,,14,289.56,15188.5,,,,,,,,14,289.56,2318,,,,,,,,55,6060,,,,55,2080,,,,55,4720,,,,55,3270,,,,22.605,1520,,,,
33,Male,24,,7/10/24,10:29,,,,,40.64,6280,,,,40.64,2020,,,,40.64,5027,,,,40.64,3421,,,,40.64,6670,,,,,,40.64,2250,,,,,,40.64,4890,,,,,,40.64,3230,,,,,,40.64,1690,,,,,,,,40.64,2980,,,,,,,,40.64,6110,,,,,,,,14,259.08,6280,,,,14,259.08,2020,,,,14,259.08,5027,,,,14,259.08,3421,,,,14,289.56,6110,,,,,,,,14,289.56,10700,,,,,,,,14,289.56,15100,,,,,,,,14,289.56,15188.5,,,,,,,,14,289.56,2318,,,,,11,1.44,67,55,6060,14,2.15,67,55,2080,12,1.63,67,55,4720,13,1.9,67,55,3270,,,,22.605,1520,,,,
34,Female,19,,7/10/24,11:04,,,,,40.64,6280,,,,40.64,2020,,,,40.64,5027,,,,40.64,3421,,,,40.64,6670,,,,,,40.64,2250,,,,,,40.64,4890,,,,,,40.64,3230,,,,,,40.64,1690,,,,,,,,40.64,2980,,,,,,,,40.64,6110,,,,,,,,14,259.08,6280,,,,14,259.08,2020,,,,14,259.08,5027,,,,14,259.08,3421,,,,14,289.56,6110,,,,,,,,14,289.56,10700,,,,,,,,14,289.56,15100,,,,,,,,14,289.56,15188.5,,,,,,,,14,289.56,2318,,,,,4,0.52,52,55,6060,8,0.96,52,55,2080,5,0.65,52,55,4720,7,0.78,52,55,3270,,,,22.605,1520,,,,
35,Female,22,,7/15/24,11:48,,,,,40.64,6280,,,,40.64,2020,,,,40.64,5027,,,,40.64,3421,,,,40.64,6670,,,,,,40.64,2250,,,,,,40.64,4890,,,,,,40.64,3230,,,,,,40.64,1690,,,,,,,,40.64,2980,,,,,,,,40.64,6110,,,,,,,,14,259.08,6280,,,,14,259.08,2020,,,,14,259.08,5027,,,,14,259.08,3421,,,,14,289.56,6110,,,,,,,,14,289.56,10700,,,,,,,,14,289.56,15100,,,,,,,,14,289.56,15188.5,,,,,,,,14,289.56,2318,,,,,6,0.72,58,55,6060,12,1.63,58,55,2080,7,0.78,58,55,4720,10,1.22,58,55,3270,,,,22.605,1520,,,,
36,Female,29,,7/16/24,10:41,,,,,40.64,6280,,,,40.64,2020,,,,40.64,5027,,,,40.64,3421,,,,40.64,6670,,,,,,40.64,2250,,,,,,40.64,4890,,,,,,40.64,3230,,,,,,40.64,1690,,,,,,,,40.64,2980,,,,,,,,40.64,6110,,,,,,,,14,259.08,6280,,,,14,259.08,2020,,,,14,259.08,5027,,,,14,259.08,3421,,,,14,289.56,6110,,,,,,,,14,289.56,10700,,,,,,,,14,289.56,15100,,,,,,,,14,289.56,15188.5,,,,,,,,14,289.56,2318,,,,,6,0.72,72,55,6060,16,2.7,72,55,2080,8,0.96,72,55,4720,13,1.9,72,55,3270,,,,22.605,1520,,,,
37,Male,20,,7/16/24,13:46,,,,,40.64,6280,,,,40.64,2020,,,,40.64,5027,,,,40.64,3421,,,,40.64,6670,,,,,,40.64,2250,,,,,,40.64,4890,,,,,,40.64,3230,,,,,,40.64,1690,,,,,,,,40.64,2980,,,,,,,,40.64,6110,,,,,,,,14,259.08,6280,,,,14,259.08,2020,,,,14,259.08,5027,,,,14,259.08,3421,,,,14,289.56,6110,,,,,,,,14,289.56,10700,,,,,,,,14,289.56,15100,,,,,,,,14,289.56,15188.5,,,,,,,,14,289.56,2318,,,,,9,0.98,59.5,55,6060,16,2.7,59.5,55,2080,10,1.22,59.5,55,4720,12,1.63,59.5,55,3270,,,,22.605,1520,,,,
38,Male,21,,7/18/24,14:33,,,,,40.64,6280,,,,40.64,2020,,,,40.64,5027,,,,40.64,3421,,,,40.64,6670,,,,,,40.64,2250,,,,,,40.64,4890,,,,,,40.64,3230,,,,,,40.64,1690,,,,,,,,40.64,2980,,,,,,,,40.64,6110,,,,,,,,14,259.08,6280,,,,14,259.08,2020,,,,14,259.08,5027,,,,14,259.08,3421,,,,14,289.56,6110,,,,,,,,14,289.56,10700,,,,,,,,14,289.56,15100,,,,,,,,14,289.56,15188.5,,,,,,,,14,289.56,2318,,,,,9,0.98,73,55,6060,14,2.15,73,55,2080,10,1.22,73,55,4720,12,1.63,73,55,3270,,,,22.605,1520,,,,
39,Male,21,,7/17/24,10:53,,,,,40.64,6280,,,,40.64,2020,,,,40.64,5027,,,,40.64,3421,,,,40.64,6670,,,,,,40.64,2250,,,,,,40.64,4890,,,,,,40.64,3230,,,,,,40.64,1690,,,,,,,,40.64,2980,,,,,,,,40.64,6110,,,,,,,,14,259.08,6280,,,,14,259.08,2020,,,,14,259.08,5027,,,,14,259.08,3421,,,,14,289.56,6110,,,,,,,,14,289.56,10700,,,,,,,,14,289.56,15100,,,,,,,,14,289.56,15188.5,,,,,,,,14,289.56,2318,,,,,13,1.9,51,55,6060,17,3.3,51,55,2080,13,1.9,51,55,4720,16,2.7,51,55,3270,,,,22.605,1520,,,,
40,Male,23,,7/18/24,11:31,,,,,40.64,6280,,,,40.64,2020,,,,40.64,5027,,,,40.64,3421,,,,40.64,6670,,,,,,40.64,2250,,,,,,40.64,4890,,,,,,40.64,3230,,,,,,40.64,1690,,,,,,,,40.64,2980,,,,,,,,40.64,6110,,,,,,,,14,259.08,6280,,,,14,259.08,2020,,,,14,259.08,5027,,,,14,259.08,3421,,,,14,289.56,6110,,,,,,,,14,289.56,10700,,,,,,,,14,289.56,15100,,,,,,,,14,289.56,15188.5,,,,,,,,14,289.56,2318,,,,,10,1.22,76,55,6060,16,2.7,76,55,2080,11,1.44,76,55,4720,13,1.9,76,55,3270,,,,22.605,1520,,,,
41,Female,20,,7/18/24,15:18,,,,,40.64,6280,,,,40.64,2020,,,,40.64,5027,,,,40.64,3421,,,,40.64,6670,,,,,,40.64,2250,,,,,,40.64,4890,,,,,,40.64,3230,,,,,,40.64,1690,,,,,,,,40.64,2980,,,,,,,,40.64,6110,,,,,,,,14,259.08,6280,,,,14,259.08,2020,,,,14,259.08,5027,,,,14,259.08,3421,,,,14,289.56,6110,,,,,,,,14,289.56,10700,,,,,,,,14,289.56,15100,,,,,,,,14,289.56,15188.5,,,,,,,,14,289.56,2318,,,,,8,0.96,74,55,6060,14,2.15,74,55,2080,10,1.22,74,55,4720,13,1.9,74,55,3270,,,,22.605,1520,,,,
42,Male,18,,7/19/24,13:50,,,,,40.64,6280,,,,40.64,2020,,,,40.64,5027,,,,40.64,3421,,,,40.64,6670,,,,,,40.64,2250,,,,,,40.64,4890,,,,,,40.64,3230,,,,,,40.64,1690,,,,,,,,40.64,2980,,,,,,,,40.64,6110,,,,,,,,14,259.08,6280,,,,14,259.08,2020,,,,14,259.08,5027,,,,14,259.08,3421,,,,14,289.56,6110,,,,,,,,14,289.56,10700,,,,,,,,14,289.56,15100,,,,,,,,14,289.56,15188.5,,,,,,,,14,289.56,2318,,,,,10,1.22,74,55,6060,13,1.9,74,55,2080,11,1.44,74,55,4720,12,1.63,74,55,3270,,,,22.605,1520,,,,
43,Female,22,,7/19/24,14:34,,,,,40.64,6280,,,,40.64,2020,,,,40.64,5027,,,,40.64,3421,,,,40.64,6670,,,,,,40.64,2250,,,,,,40.64,4890,,,,,,40.64,3230,,,,,,40.64,1690,,,,,,,,40.64,2980,,,,,,,,40.64,6110,,,,,,,,14,259.08,6280,,,,14,259.08,2020,,,,14,259.08,5027,,,,14,259.08,3421,,,,14,289.56,6110,,,,,,,,14,289.56,10700,,,,,,,,14,289.56,15100,,,,,,,,14,289.56,15188.5,,,,,,,,14,289.56,2318,,,,,9,0.98,63,55,6060,14,2.15,63,55,2080,11,1.44,63,55,4720,13,1.9,63,55,3270,,,,22.605,1520,,,,
44,Female,22,,7/19/24,15:11,,,,,40.64,6280,,,,40.64,2020,,,,40.64,5027,,,,40.64,3421,,,,40.64,6670,,,,,,40.64,2250,,,,,,40.64,4890,,,,,,40.64,3230,,,,,,40.64,1690,,,,,,,,40.64,2980,,,,,,,,40.64,6110,,,,,,,,14,259.08,6280,,,,14,259.08,2020,,,,14,259.08,5027,,,,14,259.08,3421,,,,14,289.56,6110,,,,,,,,14,289.56,10700,,,,,,,,14,289.56,15100,,,,,,,,14,289.56,15188.5,,,,,,,,14,289.56,2318,,,,,7,0.78,66,55,6060,12,1.63,66,55,2080,6,0.72,66,55,4720,8,0.96,66,55,3270,,,,22.605,1520,,,,
45,Male,19,,7/25/24,11:28,2,,,,40.64,6280,,,,40.64,2020,,,,40.64,5027,,,,40.64,3421,10,1.22,72,40.64,6670,,,17,3.3,72,40.64,2250,,,12,1.63,72,40.64,4890,,,14,2.15,72,40.64,3230,,,,,,40.64,1690,,,,,,,,40.64,2980,,,,,,,,40.64,6110,,,,,,,,14,259.08,6280,,,,14,259.08,2020,,,,14,259.08,5027,,,,14,259.08,3421,,,,14,289.56,6110,,,,,,,,14,289.56,10700,,,,,,,,14,289.56,15100,,,,,,,,14,289.56,15188.5,,,,,,,,14,289.56,2318,,,,,10,1.22,72,55,6060,15,2.44,72,55,2080,10,1.22,72,55,4720,13,1.9,72,55,3270,,,,22.605,1520,,,,
46,Male,41,,7/25/24,13:45,2,,,,40.64,6280,,,,40.64,2020,,,,40.64,5027,,,,40.64,3421,10,1.22,74,40.64,6670,,,15,2.44,74,40.64,2250,,,11,1.44,74,40.64,4890,,,14,2.15,74,40.64,3230,,,,,,40.64,1690,,,,,,,,40.64,2980,,,,,,,,40.64,6110,,,,,,,,14,259.08,6280,,,,14,259.08,2020,,,,14,259.08,5027,,,,14,259.08,3421,,,,14,289.56,6110,,,,,,,,14,289.56,10700,,,,,,,,14,289.56,15100,,,,,,,,14,289.56,15188.5,,,,,,,,14,289.56,2318,,,,,11,1.44,74,55,6060,16,2.7,74,55,2080,12,1.63,74,55,4720,13,1.9,74,55,3270,,,,22.605,1520,,,,
47,Male,33,No Adjusted Data,7/26/24,14:42,2,,,,40.64,6280,,,,40.64,2020,,,,40.64,5027,,,,40.64,3421,13,1.9,59,40.64,6670,,,15,2.44,59,40.64,2250,,,13,1.9,59,40.64,4890,,,12,1.63,59,40.64,3230,,,,,,40.64,1690,,,,,,,,40.64,2980,,,,,,,,40.64,6110,,,,,,,,14,259.08,6280,,,,14,259.08,2020,,,,14,259.08,5027,,,,14,259.08,3421,,,,14,289.56,6110,,,,,,,,14,289.56,10700,,,,,,,,14,289.56,15100,,,,,,,,14,289.56,15188.5,,,,,,,,14,289.56,2318,,,,,11,1.44,59,55,6060,15,2.44,59,55,2080,12,1.63,59,55,4720,13,1.9,59,55,3270,,,,22.605,1520,,,,
48,Female,18,,7/26/24,15:10,2,,,,40.64,6280,,,,40.64,2020,,,,40.64,5027,,,,40.64,3421,8,0.96,56,40.64,6670,,,15,2.44,56,40.64,2250,,,9,0.98,56,40.64,4890,,,11,1.44,56,40.64,3230,,,,,,40.64,1690,,,,,,,,40.64,2980,,,,,,,,40.64,6110,,,,,,,,14,259.08,6280,,,,14,259.08,2020,,,,14,259.08,5027,,,,14,259.08,3421,,,,14,289.56,6110,,,,,,,,14,289.56,10700,,,,,,,,14,289.56,15100,,,,,,,,14,289.56,15188.5,,,,,,,,14,289.56,2318,,,,,8,0.96,56,55,6060,16,2.7,56,55,2080,10,1.22,56,55,4720,13,1.9,56,55,3270,,,,22.605,1520,,,,
49,Female,22,,7/30/24,11:38,2,,,,40.64,6280,,,,40.64,2020,,,,40.64,5027,,,,40.64,3421,12,1.63,77,40.64,6670,,,18,3.8,77,40.64,2250,,,13,1.9,77,40.64,4890,,,17,3.3,77,40.64,3230,,,,,,40.64,1690,,,,,,,,40.64,2980,,,,,,,,40.64,6110,,,,,,,,14,259.08,6280,,,,14,259.08,2020,,,,14,259.08,5027,,,,14,259.08,3421,,,,14,289.56,6110,,,,,,,,14,289.56,10700,,,,,,,,14,289.56,15100,,,,,,,,14,289.56,15188.5,,,,,,,,14,289.56,2318,,,,,13,1.9,77,55,6060,20,4.7,77,55,2080,15,2.44,77,55,4720,17,3.3,77,55,3270,,,,22.605,1520,,,,
50,Female,24,,7/31/24,11:48,2,,,,40.64,6280,,,,40.64,2020,,,,40.64,5027,,,,40.64,3421,10,1.22,74,40.64,6670,,,14,2.15,74,40.64,2250,,,12,1.63,74,40.64,4890,,,11,1.44,74,40.64,3230,,,,,,40.64,1690,,,,,,,,40.64,2980,,,,,,,,40.64,6110,,,,,,,,14,259.08,6280,,,,14,259.08,2020,,,,14,259.08,5027,,,,14,259.08,3421,,,,14,289.56,6110,,,,,,,,14,289.56,10700,,,,,,,,14,289.56,15100,,,,,,,,14,289.56,15188.5,,,,,,,,14,289.56,2318,,,,,10,1.22,74,55,6060,14,2.15,74,55,2080,12,1.63,74,55,4720,13,1.9,74,55,3270,,,,22.605,1520,,,,
51,Female,64,,7/31/24,13:53,2,,,,40.64,6280,,,,40.64,2020,,,,40.64,5027,,,,40.64,3421,12,1.63,50.5,40.64,6670,,,15,2.44,50.5,40.64,2250,,,13,1.9,50.5,40.64,4890,,,14,2.15,50.5,40.64,3230,,,,,,40.64,1690,,,,,,,,40.64,2980,,,,,,,,40.64,6110,,,,,,,,14,259.08,6280,,,,14,259.08,2020,,,,14,259.08,5027,,,,14,259.08,3421,,,,14,289.56,6110,,,,,,,,14,289.56,10700,,,,,,,,14,289.56,15100,,,,,,,,14,289.56,15188.5,,,,,,,,14,289.56,2318,,,,,13,1.9,50.5,55,6060,18,3.8,50.5,55,2080,15,2.44,50.5,55,4720,17,3.3,50.5,55,3270,,,,22.605,1520,,,,
52,Female,19,,8/1/24,11:48,2,,,,40.64,6280,,,,40.64,2020,,,,40.64,5027,,,,40.64,3421,9,0.98,72,40.64,6670,,,12,1.63,72,40.64,2250,,,8,0.96,72,40.64,4890,,,10,1.22,72,40.64,3230,,,,,,40.64,1690,,,,,,,,40.64,2980,,,,,,,,40.64,6110,,,,,,,,14,259.08,6280,,,,14,259.08,2020,,,,14,259.08,5027,,,,14,259.08,3421,,,,14,289.56,6110,,,,,,,,14,289.56,10700,,,,,,,,14,289.56,15100,,,,,,,,14,289.56,15188.5,,,,,,,,14,289.56,2318,,,,,8,0.96,72,55,6060,12,1.63,72,55,2080,9,0.98,72,55,4720,11,1.44,72,55,3270,,,,22.605,1520,,,,
53,Female,22,,8/2/24,14:41,2,,,,40.64,6280,,,,40.64,2020,,,,40.64,5027,,,,40.64,3421,13,1.9,77,40.64,6670,,,15,2.44,77,40.64,2250,,,13,1.9,77,40.64,4890,,,15,2.44,77,40.64,3230,,,,,,40.64,1690,,,,,,,,40.64,2980,,,,,,,,40.64,6110,,,,,,,,14,259.08,6280,,,,14,259.08,2020,,,,14,259.08,5027,,,,14,259.08,3421,,,,14,289.56,6110,,,,,,,,14,289.56,10700,,,,,,,,14,289.56,15100,,,,,,,,14,289.56,15188.5,,,,,,,,14,289.56,2318,,,,,15,2.44,77,55,6060,17,3.3,77,55,2080,13,1.9,77,55,4720,15,2.44,77,55,3270,,,,22.605,1520,,,,
54,Female,23,,8/2/24,15:16,2,,,,40.64,6280,,,,40.64,2020,,,,40.64,5027,,,,40.64,3421,10,1.22,85,40.64,6670,,,19,4,85,40.64,2250,,,13,1.9,85,40.64,4890,,,17,3.3,85,40.64,3230,,,,,,40.64,1690,,,,,,,,40.64,2980,,,,,,,,40.64,6110,,,,,,,,14,259.08,6280,,,,14,259.08,2020,,,,14,259.08,5027,,,,14,259.08,3421,,,,14,289.56,6110,,,,,,,,14,289.56,10700,,,,,,,,14,289.56,15100,,,,,,,,14,289.56,15188.5,,,,,,,,14,289.56,2318,,,,,10,1.22,85,55,6060,17,3.3,85,55,2080,13,1.9,85,55,4720,16,2.7,85,55,3270,,,,22.605,1520,,,,
55,Female,23,,8/9/24,15:23,2,,,,40.64,6280,,,,40.64,2020,,,,40.64,5027,,,,40.64,3421,10,1.22,75,40.64,6670,,,12,1.63,75,40.64,2250,,,10,1.22,75,40.64,4890,,,12,1.63,75,40.64,3230,,,,,,40.64,1690,,,,,,,,40.64,2980,,,,,,,,40.64,6110,,,,,,,,14,259.08,6280,,,,14,259.08,2020,,,,14,259.08,5027,,,,14,259.08,3421,,,,14,289.56,6110,,,,,,,,14,289.56,10700,,,,,,,,14,289.56,15100,,,,,,,,14,289.56,15188.5,,,,,,,,14,289.56,2318,,,,,12,1.63,75,55,6060,15,2.44,75,55,2080,11,1.44,75,55,4720,13,1.9,75,55,3270,,,,22.605,1520,,,,
56,Male,19,,8/13/24,12:09,2,,,,40.64,6280,,,,40.64,2020,,,,40.64,5027,,,,40.64,3421,8,0.96,61,40.64,6670,,,12,1.63,61,40.64,2250,,,10,1.22,61,40.64,4890,,,12,1.63,61,40.64,3230,,,,,,40.64,1690,,,,,,,,40.64,2980,,,,,,,,40.64,6110,,,,,,,,14,259.08,6280,,,,14,259.08,2020,,,,14,259.08,5027,,,,14,259.08,3421,,,,14,289.56,6110,,,,,,,,14,289.56,10700,,,,,,,,14,289.56,15100,,,,,,,,14,289.56,15188.5,,,,,,,,14,289.56,2318,,,,,8,0.96,61,55,6060,13,1.9,61,55,2080,11,1.44,61,55,4720,12,1.63,61,55,3270,,,,22.605,1520,,,,
57,Female,46,,8/15/24,11:11,2,,,,40.64,6280,,,,40.64,2020,,,,40.64,5027,,,,40.64,3421,10,1.22,60.75,40.64,6670,,,14,2.15,60.75,40.64,2250,,,11,1.44,60.75,40.64,4890,,,15,2.44,60.75,40.64,3230,,,,,,40.64,1690,,,,,,,,40.64,2980,,,,,,,,40.64,6110,,,,,,,,14,259.08,6280,,,,14,259.08,2020,,,,14,259.08,5027,,,,14,259.08,3421,,,,14,289.56,6110,,,,,,,,14,289.56,10700,,,,,,,,14,289.56,15100,,,,,,,,14,289.56,15188.5,,,,,,,,14,289.56,2318,,,,,4,0.52,60.75,55,6060,15,2.44,60.75,55,2080,8,0.96,60.75,55,4720,11,1.44,60.75,55,3270,,,,22.605,1520,,,,
58,Male,26,Lamp4a Arm Length missing,8/30/24,16:21,2,,,,40.64,6280,,,,40.64,2020,,,,40.64,5027,,,,40.64,3421,14,2.15,82,40.64,6670,,,18,3.8,82,40.64,2250,,,16,2.7,82,40.64,4890,,,18,3.8,82,40.64,3230,,,,,,40.64,1690,,,,,,,,40.64,2980,,,,,,,,40.64,6110,,,,,,,,14,259.08,6280,,,,14,259.08,2020,,,,14,259.08,5027,,,,14,259.08,3421,,,,14,289.56,6110,,,,,,,,14,289.56,10700,,,,,,,,14,289.56,15100,,,,,,,,14,289.56,15188.5,,,,,,,,14,289.56,2318,,,,,14,2.15,82,55,6060,18,3.8,82,55,2080,16,2.7,82,55,4720,17,3.3,82,55,3270,,,,22.605,1520,,,,
59,Female,20,,11/1/24,16:23,2,,,,40.64,6280,,,,40.64,2020,,,,40.64,5027,,,,40.64,3421,8,0.96,77,40.64,6670,,,12,1.63,77,40.64,2250,,,9,0.98,77,40.64,4890,,,11,1.44,77,40.64,3230,,,,,,40.64,1690,,,,,,,,40.64,2980,,,,,,,,40.64,6110,,,,,,,,14,259.08,6280,,,,14,259.08,2020,,,,14,259.08,5027,,,,14,259.08,3421,,,,14,289.56,6110,,,,,,,,14,289.56,10700,,,,,,,,14,289.56,15100,,,,,,,,14,289.56,15188.5,,,,,,,,14,289.56,2318,,,,,,,77,55,6060,,,77,55,2080,,,77,55,4720,,,77,55,3270,,,,22.605,1520,,,,
60,Male,18,,11/1/24,16:27,2,,,,40.64,6280,,,,40.64,2020,,,,40.64,5027,,,,40.64,3421,8,0.96,71,40.64,6670,,,13,1.9,71,40.64,2250,,,8,0.96,71,40.64,4890,,,10,1.22,71,40.64,3230,,,,,,40.64,1690,,,,,,,,40.64,2980,,,,,,,,40.64,6110,,,,,,,,14,259.08,6280,,,,14,259.08,2020,,,,14,259.08,5027,,,,14,259.08,3421,,,,14,289.56,6110,,,,,,,,14,289.56,10700,,,,,,,,14,289.56,15100,,,,,,,,14,289.56,15188.5,,,,,,,,14,289.56,2318,,,,,,,71,55,6060,,,71,55,2080,,,71,55,4720,,,71,55,3270,,,,22.605,1520,,,,
31453,Non binary,21,,11/8/24,14:39,2,,,,40.64,6280,,,,40.64,2020,,,,40.64,5027,,,,40.64,3421,8,0.96,71,40.64,6670,,,12,1.63,71,40.64,2250,,,10,1.22,71,40.64,4890,,,11,1.44,71,40.64,3230,,,,,,40.64,1690,,,,,,,,40.64,2980,,,,,,,,40.64,6110,,,,,,,,14,259.08,6280,,,,14,259.08,2020,,,,14,259.08,5027,,,,14,259.08,3421,,,,14,289.56,6110,,,,,,,,14,289.56,10700,,,,,,,,14,289.56,15100,,,,,,,,14,289.56,15188.5,,,,,,,,14,289.56,2318,,,,,9,0.98,71,55,6060,13,1.9,71,55,2080,10,1.22,71,55,4720,11,1.44,71,55,3270,,,,22.605,1520,,,,
31849,Female,18,,11/8/24,15:10,2,,,,40.64,6280,,,,40.64,2020,,,,40.64,5027,,,,40.64,3421,9,0.98,77.5,40.64,6670,,,15,2.44,77.5,40.64,2250,,,10,1.22,77.5,40.64,4890,,,13,1.9,77.5,40.64,3230,,,,,,40.64,1690,,,,,,,,40.64,2980,,,,,,,,40.64,6110,,,,,,,,14,259.08,6280,,,,14,259.08,2020,,,,14,259.08,5027,,,,14,259.08,3421,,,,14,289.56,6110,,,,,,,,14,289.56,10700,,,,,,,,14,289.56,15100,,,,,,,,14,289.56,15188.5,,,,,,,,14,289.56,2318,,,,,5,0.65,77.5,55,6060,16,2.7,77.5,55,2080,9,0.98,77.5,55,4720,13,1.9,77.5,55,3270,,,,22.605,1520,,,,
31624,Female,21,,11/8/24,15:45,2,,,,40.64,6280,,,,40.64,2020,,,,40.64,5027,,,,40.64,3421,10,1.22,74.3,40.64,6670,,,13,1.9,74.3,40.64,2250,,,11,1.44,74.3,40.64,4890,,,12,1.63,74.3,40.64,3230,,,,,,40.64,1690,,,,,,,,40.64,2980,,,,,,,,40.64,6110,,,,,,,,14,259.08,6280,,,,14,259.08,2020,,,,14,259.08,5027,,,,14,259.08,3421,,,,14,289.56,6110,,,,,,,,14,289.56,10700,,,,,,,,14,289.56,15100,,,,,,,,14,289.56,15188.5,,,,,,,,14,289.56,2318,,,,,10,1.22,74.3,55,6060,12,1.63,74.3,55,2080,11,1.44,74.3,55,4720,13,1.9,74.3,55,3270,,,,22.605,1520,,,,
61,Male,18,,2/17/25,15:29,,,,,40.64,6280,,,,40.64,2020,,,,40.64,5027,,,,40.64,3421,6,0.72,54.5,40.64,6670,6.894,42.2,12,1.63,57.5,40.64,2250,6.828,45.1,8,0.96,56.4,40.64,4890,6.892,59.1,10,1.22,58,40.64,3230,7.217,61,,,,40.64,1690,,,,,,,,40.64,2980,,,,,,,,40.64,6110,,,,,,,,14,259.08,6280,,,,14,259.08,2020,,,,14,259.08,5027,,,,14,259.08,3421,,,,14,289.56,6110,,,,,,,,14,289.56,10700,,,,,,,,14,289.56,15100,,,,,,,,14,289.56,15188.5,,,,,,,,14,289.56,2318,,,,,,,,55,6060,,,,55,2080,,,,55,4720,,,,55,3270,,,,22.605,1520,,,,
62,Female,35,,2/17/25,15:27,,,,,40.64,6280,,,,40.64,2020,,,,40.64,5027,,,,40.64,3421,12,1.63,75.6,40.64,6670,5.715,46.4,17,3.3,68.1,40.64,2250,5.885,47.6,13,1.9,72.5,40.64,4890,6.016,47.3,14,2.15,67,40.64,3230,5.659,46.6,,,,40.64,1690,,,,,,,,40.64,2980,,,,,,,,40.64,6110,,,,,,,,14,259.08,6280,,,,14,259.08,2020,,,,14,259.08,5027,,,,14,259.08,3421,,,,14,289.56,6110,,,,,,,,14,289.56,10700,,,,,,,,14,289.56,15100,,,,,,,,14,289.56,15188.5,,,,,,,,14,289.56,2318,,,,,,,,55,6060,,,,55,2080,,,,55,4720,,,,55,3270,,,,22.605,1520,,,,
63,Male,22,,3/5/25,13:43,,,,,40.64,6280,,,,40.64,2020,,,,40.64,5027,,,,40.64,3421,5,0.65,66,40.64,6670,6.213,56.9,11,1.44,62.8,40.64,2250,6.899,59.5,6,0.72,64,40.64,4890,6.258,57,10,1.22,67,40.64,3230,7.034,66.8,,,,40.64,1690,,,,,,,,40.64,2980,,,,,,,,40.64,6110,,,,,,,,14,259.08,6280,,,,14,259.08,2020,,,,14,259.08,5027,,,,14,259.08,3421,,,,14,289.56,6110,,,,,,,,14,289.56,10700,,,,,,,,14,289.56,15100,,,,,,,,14,289.56,15188.5,,,,,,,,14,289.56,2318,,,,,,,,55,6060,,,,55,2080,,,,55,4720,,,,55,3270,,,,22.605,1520,,,,
64,Female,25,,3/5/25,14:04,,,,,40.64,6280,,,,40.64,2020,,,,40.64,5027,,,,40.64,3421,9,0.98,78.37,40.64,6670,5.323,41.6,16,2.7,69.6,40.64,2250,5.698,41,10,1.22,75,40.64,4890,5.522,45.4,13,1.9,74.5,40.64,3230,5.434,51.5,,,,40.64,1690,,,,,,,,40.64,2980,,,,,,,,40.64,6110,,,,,,,,14,259.08,6280,,,,14,259.08,2020,,,,14,259.08,5027,,,,14,259.08,3421,,,,14,289.56,6110,,,,,,,,14,289.56,10700,,,,,,,,14,289.56,15100,,,,,,,,14,289.56,15188.5,,,,,,,,14,289.56,2318,,,,,,,,55,6060,,,,55,2080,,,,55,4720,,,,55,3270,,,,22.605,1520,,,,
65,Male,21,,3/5/25,14:31,,,,,40.64,6280,,,,40.64,2020,,,,40.64,5027,,,,40.64,3421,9,0.98,72.7,40.64,6670,6.149,46,14,2.15,68,40.64,2250,6.449,47,9,0.98,69,40.64,4890,6.19,51.2,11,1.44,68.7,40.64,3230,6.373,50.1,,,,40.64,1690,,,,,,,,40.64,2980,,,,,,,,40.64,6110,,,,,,,,14,259.08,6280,,,,14,259.08,2020,,,,14,259.08,5027,,,,14,259.08,3421,,,,14,289.56,6110,,,,,,,,14,289.56,10700,,,,,,,,14,289.56,15100,,,,,,,,14,289.56,15188.5,,,,,,,,14,289.56,2318,,,,,,,,55,6060,,,,55,2080,,,,55,4720,,,,55,3270,,,,22.605,1520,,,,
66,Female,27,,3/6/25,14:30,,,,,40.64,6280,,,,40.64,2020,,,,40.64,5027,,,,40.64,3421,11,1.44,69.9,40.64,6670,6.031,48.5,16,2.7,66.7,40.64,2250,6.717,51.7,12,1.63,71.5,40.64,4890,6.352,55.4,13,1.9,72,40.64,3230,6.798,62,,,,40.64,1690,,,,,,,,40.64,2980,,,,,,,,40.64,6110,,,,,,,,14,259.08,6280,,,,14,259.08,2020,,,,14,259.08,5027,,,,14,259.08,3421,,,,14,289.56,6110,,,,,,,,14,289.56,10700,,,,,,,,14,289.56,15100,,,,,,,,14,289.56,15188.5,,,,,,,,14,289.56,2318,,,,,,,,55,6060,,,,55,2080,,,,55,4720,,,,55,3270,,,,22.605,1520,,,,
67,Female,57,,3/7/25,13:43,,,,,40.64,6280,,,,40.64,2020,,,,40.64,5027,,,,40.64,3421,16,2.7,70.6,40.64,6670,5.929,40.7,20,4.7,66.4,40.64,2250,6.374,35.4,17,3.3,68.8,40.64,4890,6.238,40.5,18,3.8,68.7,40.64,3230,6.461,39.8,,,,40.64,1690,,,,,,,,40.64,2980,,,,,,,,40.64,6110,,,,,,,,14,259.08,6280,,,,14,259.08,2020,,,,14,259.08,5027,,,,14,259.08,3421,,,,14,289.56,6110,,,,,,,,14,289.56,10700,,,,,,,,14,289.56,15100,,,,,,,,14,289.56,15188.5,,,,,,,,14,289.56,2318,,,,,,,,55,6060,,,,55,2080,,,,55,4720,,,,55,3270,,,,22.605,1520,,,,
68,Female,30,,3/7/25,14:27,,,,,40.64,6280,,,,40.64,2020,,,,40.64,5027,,,,40.64,3421,11,1.44,81.3,40.64,6670,6.404,42.9,13,1.9,80.2,40.64,2250,6.801,47.3,8,0.96,78.8,40.64,4890,6.438,51.4,10,1.22,78,40.64,3230,6.569,48.8,,,,40.64,1690,,,,,,,,40.64,2980,,,,,,,,40.64,6110,,,,,,,,14,259.08,6280,,,,14,259.08,2020,,,,14,259.08,5027,,,,14,259.08,3421,,,,14,289.56,6110,,,,,,,,14,289.56,10700,,,,,,,,14,289.56,15100,,,,,,,,14,289.56,15188.5,,,,,,,,14,289.56,2318,,,,,,,,55,6060,,,,55,2080,,,,55,4720,,,,55,3270,,,,22.605,1520,,,,
69,Male,26,,3/7/25,14:39,,,,,40.64,6280,,,,40.64,2020,,,,40.64,5027,,,,40.64,3421,11,1.44,72.5,40.64,6670,6.339,48.8,13,1.9,74.4,40.64,2250,7.016,49,10,1.22,73.4,40.64,4890,6.63,51.3,12,1.63,76.2,40.64,3230,6.879,45.9,,,,40.64,1690,,,,,,,,40.64,2980,,,,,,,,40.64,6110,,,,,,,,14,259.08,6280,,,,14,259.08,2020,,,,14,259.08,5027,,,,14,259.08,3421,,,,14,289.56,6110,,,,,,,,14,289.56,10700,,,,,,,,14,289.56,15100,,,,,,,,14,289.56,15188.5,,,,,,,,14,289.56,2318,,,,,,,,55,6060,,,,55,2080,,,,55,4720,,,,55,3270,,,,22.605,1520,,,,
70,Male,65,,3/7/25,14:59,,,,,40.64,6280,,,,40.64,2020,,,,40.64,5027,,,,40.64,3421,12,1.63,65.3,40.64,6670,6.04,49,11,1.44,74.1,40.64,2250,5.063,36.3,8,0.96,72.8,40.64,4890,4.741,38.2,13,1.9,74.4,40.64,3230,6.482,32.9,,,,40.64,1690,,,,,,,,40.64,2980,,,,,,,,40.64,6110,,,,,,,,14,259.08,6280,,,,14,259.08,2020,,,,14,259.08,5027,,,,14,259.08,3421,,,,14,289.56,6110,,,,,,,,14,289.56,10700,,,,,,,,14,289.56,15100,,,,,,,,14,289.56,15188.5,,,,,,,,14,289.56,2318,,,,,,,,55,6060,,,,55,2080,,,,55,4720,,,,55,3270,,,,22.605,1520,,,,
71,Female,21,,3/7/25,15:41,,,,,40.64,6280,,,,40.64,2020,,,,40.64,5027,,,,40.64,3421,7,0.78,72.3,40.64,6670,5.505,49.4,13,1.9,71,40.64,2250,6.614,48.6,10,1.22,71.5,40.64,4890,6.36,52.4,11,1.44,72.5,40.64,3230,6.73,52.6,,,,40.64,1690,,,,,,,,40.64,2980,,,,,,,,40.64,6110,,,,,,,,14,259.08,6280,,,,14,259.08,2020,,,,14,259.08,5027,,,,14,259.08,3421,,,,14,289.56,6110,,,,,,,,14,289.56,10700,,,,,,,,14,289.56,15100,,,,,,,,14,289.56,15188.5,,,,,,,,14,289.56,2318,,,,,,,,55,6060,,,,55,2080,,,,55,4720,,,,55,3270,,,,22.605,1520,,,,
72,Female,27,,3/7/25,15:58,,,,,40.64,6280,,,,40.64,2020,,,,40.64,5027,,,,40.64,3421,8,0.96,66,40.64,6670,4.769,31.4,11,1.44,64,40.64,2250,4.937,41.2,9,0.98,60.6,40.64,4890,5.404,40.8,10,1.22,67.5,40.64,3230,5.54,44,,,,40.64,1690,,,,,,,,40.64,2980,,,,,,,,40.64,6110,,,,,,,,14,259.08,6280,,,,14,259.08,2020,,,,14,259.08,5027,,,,14,259.08,3421,,,,14,289.56,6110,,,,,,,,14,289.56,10700,,,,,,,,14,289.56,15100,,,,,,,,14,289.56,15188.5,,,,,,,,14,289.56,2318,,,,,,,,55,6060,,,,55,2080,,,,55,4720,,,,55,3270,,,,22.605,1520,,,,
73,Female,20,,4/2/25,16:40,,,,,40.64,6280,,,,40.64,2020,,,,40.64,5027,,,,40.64,3421,11,1.44,82,40.64,6670,5.233,45.3,18,3.8,78.5,40.64,2250,6.259,45.7,12,1.63,79,40.64,4890,5.869,45,16,2.7,77.5,40.64,3230,5.893,43.6,,,,40.64,1690,,,,,,,,40.64,2980,,,,,,,,40.64,6110,,,,,,,,14,259.08,6280,,,,14,259.08,2020,,,,14,259.08,5027,,,,14,259.08,3421,,,,14,289.56,6110,,,,,,,,14,289.56,10700,,,,,,,,14,289.56,15100,,,,,,,,14,289.56,15188.5,,,,,,,,14,289.56,2318,,,,,,,,55,6060,,,,55,2080,,,,55,4720,,,,55,3270,,,,22.605,1520,,,,
74,Male,63,Lamp2a data removed due to input error,4/2/25,14:30,,,,,40.64,6280,,,,40.64,2020,,,,40.64,5027,,,,40.64,3421,10,1.22,91,40.64,6670,6.984,55.6,,,,40.64,2250,6.096,50.1,11,1.44,88.5,40.64,4890,6.646,31.7,14,2.15,85.5,40.64,3230,6.229,33.2,,,,40.64,1690,,,,,,,,40.64,2980,,,,,,,,40.64,6110,,,,,,,,14,259.08,6280,,,,14,259.08,2020,,,,14,259.08,5027,,,,14,259.08,3421,,,,14,289.56,6110,,,,,,,,14,289.56,10700,,,,,,,,14,289.56,15100,,,,,,,,14,289.56,15188.5,,,,,,,,14,289.56,2318,,,,,,,,55,6060,,,,55,2080,,,,55,4720,,,,55,3270,,,,22.605,1520,,,,
75,Male,61,,4/2/25,15:33,,,,,40.64,6280,,,,40.64,2020,,,,40.64,5027,,,,40.64,3421,4,0.52,72.4,40.64,6670,6.418,50.5,10,1.22,72.7,40.64,2250,6.916,51,5,0.65,74,40.64,4890,6.501,51.5,8,0.96,75.5,40.64,3230,6.779,53.5,,,,40.64,1690,,,,,,,,40.64,2980,,,,,,,,40.64,6110,,,,,,,,14,259.08,6280,,,,14,259.08,2020,,,,14,259.08,5027,,,,14,259.08,3421,,,,14,289.56,6110,,,,,,,,14,289.56,10700,,,,,,,,14,289.56,15100,,,,,,,,14,289.56,15188.5,,,,,,,,14,289.56,2318,,,,,,,,55,6060,,,,55,2080,,,,55,4720,,,,55,3270,,,,22.605,1520,,,,
76,Female,21,,4/4/25,13:03,,,,,40.64,6280,,,,40.64,2020,,,,40.64,5027,,,,40.64,3421,12,1.63,78,40.64,6670,6.639,31.2,13,1.9,76.4,40.64,2250,7.471,42.7,14,2.15,75,40.64,4890,7.082,43.1,17,3.3,74,40.64,3230,6.997,39,,,,40.64,1690,,,,,,,,40.64,2980,,,,,,,,40.64,6110,,,,,,,,14,259.08,6280,,,,14,259.08,2020,,,,14,259.08,5027,,,,14,259.08,3421,,,,14,289.56,6110,,,,,,,,14,289.56,10700,,,,,,,,14,289.56,15100,,,,,,,,14,289.56,15188.5,,,,,,,,14,289.56,2318,,,,,,,,55,6060,,,,55,2080,,,,55,4720,,,,55,3270,,,,22.605,1520,,,,
77,Female,18,,4/4/25,13:30,,,,,40.64,6280,,,,40.64,2020,,,,40.64,5027,,,,40.64,3421,6,0.72,67.2,40.64,6670,6.171,43.3,7,0.78,65.6,40.64,2250,6.462,45.1,9,0.98,66.2,40.64,4890,6.081,52.9,11,1.44,66.4,40.64,3230,6.352,52.8,,,,40.64,1690,,,,,,,,40.64,2980,,,,,,,,40.64,6110,,,,,,,,14,259.08,6280,,,,14,259.08,2020,,,,14,259.08,5027,,,,14,259.08,3421,,,,14,289.56,6110,,,,,,,,14,289.56,10700,,,,,,,,14,289.56,15100,,,,,,,,14,289.56,15188.5,,,,,,,,14,289.56,2318,,,,,,,,55,6060,,,,55,2080,,,,55,4720,,,,55,3270,,,,22.605,1520,,,,
78,Female,24,,4/10/25,13:12,,,,,40.64,6280,,,,40.64,2020,,,,40.64,5027,,,,40.64,3421,4,0.52,79,40.64,6670,5.712,52.1,14,2.15,79.4,40.64,2250,6.562,51.8,11,1.44,81.7,40.64,4890,6.875,54.5,13,1.9,80.8,40.64,3230,6.247,54.5,,,,40.64,1690,,,,,,,,40.64,2980,,,,,,,,40.64,6110,,,,,,,,14,259.08,6280,,,,14,259.08,2020,,,,14,259.08,5027,,,,14,259.08,3421,,,,14,289.56,6110,,,,,,,,14,289.56,10700,,,,,,,,14,289.56,15100,,,,,,,,14,289.56,15188.5,,,,,,,,14,289.56,2318,,,,,,,,55,6060,,,,55,2080,,,,55,4720,,,,55,3270,,,,22.605,1520,,,,
79,Female,18,,4/10/25,13:30,,,,,40.64,6280,,,,40.64,2020,,,,40.64,5027,,,,40.64,3421,12,1.63,77.3,40.64,6670,6.43,50.5,15,2.44,73.9,40.64,2250,7.228,49,12,1.63,77.8,40.64,4890,6.211,48.5,15,2.44,77.1,40.64,3230,6.214,49.3,,,,40.64,1690,,,,,,,,40.64,2980,,,,,,,,40.64,6110,,,,,,,,14,259.08,6280,,,,14,259.08,2020,,,,14,259.08,5027,,,,14,259.08,3421,,,,14,289.56,6110,,,,,,,,14,289.56,10700,,,,,,,,14,289.56,15100,,,,,,,,14,289.56,15188.5,,,,,,,,14,289.56,2318,,,,,,,,55,6060,,,,55,2080,,,,55,4720,,,,55,3270,,,,22.605,1520,,,,
80,Female,21,,4/10/25,14:00,,,,,40.64,6280,,,,40.64,2020,,,,40.64,5027,,,,40.64,3421,4,0.52,59.3,40.64,6670,4.318,45,13,1.9,62.8,40.64,2250,2.881,41.3,7,0.78,59.7,40.64,4890,3.731,49.5,10,1.22,58.2,40.64,3230,2.743,49.1,,,,40.64,1690,,,,,,,,40.64,2980,,,,,,,,40.64,6110,,,,,,,,14,259.08,6280,,,,14,259.08,2020,,,,14,259.08,5027,,,,14,259.08,3421,,,,14,289.56,6110,,,,,,,,14,289.56,10700,,,,,,,,14,289.56,15100,,,,,,,,14,289.56,15188.5,,,,,,,,14,289.56,2318,,,,,,,,55,6060,,,,55,2080,,,,55,4720,,,,55,3270,,,,22.605,1520,,,,
81,Female,18,,4/11/25,13:30,,,,,40.64,6280,,,,40.64,2020,,,,40.64,5027,,,,40.64,3421,13,1.9,80.2,40.64,6670,5.765,47.6,14,2.15,76.6,40.64,2250,5.82,48.1,10,1.22,77.6,40.64,4890,6.74,44.2,11,1.44,76.8,40.64,3230,6.064,43,,,,40.64,1690,,,,,,,,40.64,2980,,,,,,,,40.64,6110,,,,,,,,14,259.08,6280,,,,14,259.08,2020,,,,14,259.08,5027,,,,14,259.08,3421,,,,14,289.56,6110,,,,,,,,14,289.56,10700,,,,,,,,14,289.56,15100,,,,,,,,14,289.56,15188.5,,,,,,,,14,289.56,2318,,,,,,,,55,6060,,,,55,2080,,,,55,4720,,,,55,3270,,,,22.605,1520,,,,
82,Male,31,,4/11/25,14:00,,,,,40.64,6280,,,,40.64,2020,,,,40.64,5027,,,,40.64,3421,5,0.65,67.2,40.64,6670,6.99,67.3,11,1.44,71.4,40.64,2250,7.401,63.2,7,0.78,69.6,40.64,4890,6.679,56,10,1.22,65.8,40.64,3230,6.439,54.5,,,,40.64,1690,,,,,,,,40.64,2980,,,,,,,,40.64,6110,,,,,,,,14,259.08,6280,,,,14,259.08,2020,,,,14,259.08,5027,,,,14,259.08,3421,,,,14,289.56,6110,,,,,,,,14,289.56,10700,,,,,,,,14,289.56,15100,,,,,,,,14,289.56,15188.5,,,,,,,,14,289.56,2318,,,,,,,,55,6060,,,,55,2080,,,,55,4720,,,,55,3270,,,,22.605,1520,,,,
83,Male,25,,4/14/25,14:20,,,,,40.64,6280,,,,40.64,2020,,,,40.64,5027,,,,40.64,3421,11,1.44,74.2,40.64,6670,4.42,48.8,16,2.7,67.5,40.64,2250,5.507,42.4,13,1.9,72.1,40.64,4890,6.37,58.8,16,2.7,78.8,40.64,3230,7.063,63.4,,,,40.64,1690,,,,,,,,40.64,2980,,,,,,,,40.64,6110,,,,,,,,14,259.08,6280,,,,14,259.08,2020,,,,14,259.08,5027,,,,14,259.08,3421,,,,14,289.56,6110,,,,,,,,14,289.56,10700,,,,,,,,14,289.56,15100,,,,,,,,14,289.56,15188.5,,,,,,,,14,289.56,2318,,,,,,,,55,6060,,,,55,2080,,,,55,4720,,,,55,3270,,,,22.605,1520,,,,
84,Female,58,,4/14/25,14:52,,,,,40.64,6280,,,,40.64,2020,,,,40.64,5027,,,,40.64,3421,15,2.44,74.5,40.64,6670,6.63,47.2,16,2.7,72.6,40.64,2250,6.037,48,14,2.15,73.4,40.64,4890,5.868,50.1,15,2.44,72.9,40.64,3230,5.13,50.6,,,,40.64,1690,,,,,,,,40.64,2980,,,,,,,,40.64,6110,,,,,,,,14,259.08,6280,,,,14,259.08,2020,,,,14,259.08,5027,,,,14,259.08,3421,,,,14,289.56,6110,,,,,,,,14,289.56,10700,,,,,,,,14,289.56,15100,,,,,,,,14,289.56,15188.5,,,,,,,,14,289.56,2318,,,,,,,,55,6060,,,,55,2080,,,,55,4720,,,,55,3270,,,,22.605,1520,,,,
85,Male,23,,4/14/25,15:08,,,,,40.64,6280,,,,40.64,2020,,,,40.64,5027,,,,40.64,3421,7,0.78,82.2,40.64,6670,4.862,40.7,13,1.9,78.4,40.64,2250,6.255,42,8,0.96,76.6,40.64,4890,6.039,47.8,11,1.44,81,40.64,3230,6.448,46.5,,,,40.64,1690,,,,,,,,40.64,2980,,,,,,,,40.64,6110,,,,,,,,14,259.08,6280,,,,14,259.08,2020,,,,14,259.08,5027,,,,14,259.08,3421,,,,14,289.56,6110,,,,,,,,14,289.56,10700,,,,,,,,14,289.56,15100,,,,,,,,14,289.56,15188.5,,,,,,,,14,289.56,2318,,,,,,,,55,6060,,,,55,2080,,,,55,4720,,,,55,3270,,,,22.605,1520,,,,
86,Female,20,,4/14/25,15:25,,,,,40.64,6280,,,,40.64,2020,,,,40.64,5027,,,,40.64,3421,17,3.3,66,40.64,6670,6.304,40.6,15,2.44,61.2,40.64,2250,7.314,40.8,15,2.44,61.1,40.64,4890,7.499,48.1,14,2.15,58.5,40.64,3230,7.594,47,,,,40.64,1690,,,,,,,,40.64,2980,,,,,,,,40.64,6110,,,,,,,,14,259.08,6280,,,,14,259.08,2020,,,,14,259.08,5027,,,,14,259.08,3421,,,,14,289.56,6110,,,,,,,,14,289.56,10700,,,,,,,,14,289.56,15100,,,,,,,,14,289.56,15188.5,,,,,,,,14,289.56,2318,,,,,,,,55,6060,,,,55,2080,,,,55,4720,,,,55,3270,,,,22.605,1520,,,,
87,Female,21,,4/14/25,15:45,,,,,40.64,6280,,,,40.64,2020,,,,40.64,5027,,,,40.64,3421,13,1.9,65.7,40.64,6670,6.108,44.3,16,2.7,62.5,40.64,2250,6.585,46.8,14,2.15,63,40.64,4890,6.021,49,15,2.44,62.1,40.64,3230,6.08,49.9,,,,40.64,1690,,,,,,,,40.64,2980,,,,,,,,40.64,6110,,,,,,,,14,259.08,6280,,,,14,259.08,2020,,,,14,259.08,5027,,,,14,259.08,3421,,,,14,289.56,6110,,,,,,,,14,289.56,10700,,,,,,,,14,289.56,15100,,,,,,,,14,289.56,15188.5,,,,,,,,14,289.56,2318,,,,,,,,55,6060,,,,55,2080,,,,55,4720,,,,55,3270,,,,22.605,1520,,,,
88,Female,20,,4/17/25,13:00,,,,,40.64,6280,,,,40.64,2020,,,,40.64,5027,,,,40.64,3421,11,1.44,67.2,40.64,6670,5.886,45.2,17,3.3,61,40.64,2250,6.766,43.2,14,2.15,62.2,40.64,4890,6.214,42.17,15,2.44,63.3,40.64,3230,6.239,42.8,,,,40.64,1690,,,,,,,,40.64,2980,,,,,,,,40.64,6110,,,,,,,,14,259.08,6280,,,,14,259.08,2020,,,,14,259.08,5027,,,,14,259.08,3421,,,,14,289.56,6110,,,,,,,,14,289.56,10700,,,,,,,,14,289.56,15100,,,,,,,,14,289.56,15188.5,,,,,,,,14,289.56,2318,,,,,,,,55,6060,,,,55,2080,,,,55,4720,,,,55,3270,,,,22.605,1520,,,,
89,Female,35,,4/17/25,13:20,,,,,40.64,6280,,,,40.64,2020,,,,40.64,5027,,,,40.64,3421,11,1.44,80,40.64,6670,5.666,51.9,16,2.7,74.3,40.64,2250,7.412,46.3,12,1.63,78.6,40.64,4890,5.783,52.2,15,2.44,73.6,40.64,3230,6.309,51.4,,,,40.64,1690,,,,,,,,40.64,2980,,,,,,,,40.64,6110,,,,,,,,14,259.08,6280,,,,14,259.08,2020,,,,14,259.08,5027,,,,14,259.08,3421,,,,14,289.56,6110,,,,,,,,14,289.56,10700,,,,,,,,14,289.56,15100,,,,,,,,14,289.56,15188.5,,,,,,,,14,289.56,2318,,,,,,,,55,6060,,,,55,2080,,,,55,4720,,,,55,3270,,,,22.605,1520,,,,
90,Female,19,,4/17/25,13:45,,,,,40.64,6280,,,,40.64,2020,,,,40.64,5027,,,,40.64,3421,10,1.22,63.5,40.64,6670,6.289,44.5,13,1.9,67.1,40.64,2250,6.448,44.2,12,1.63,66.9,40.64,4890,6.607,43.7,14,2.15,63.1,40.64,3230,6.314,44.5,,,,40.64,1690,,,,,,,,40.64,2980,,,,,,,,40.64,6110,,,,,,,,14,259.08,6280,,,,14,259.08,2020,,,,14,259.08,5027,,,,14,259.08,3421,,,,14,289.56,6110,,,,,,,,14,289.56,10700,,,,,,,,14,289.56,15100,,,,,,,,14,289.56,15188.5,,,,,,,,14,289.56,2318,,,,,,,,55,6060,,,,55,2080,,,,55,4720,,,,55,3270,,,,22.605,1520,,,,
91,Male,18,,4/17/25,14:10,,,,,40.64,6280,,,,40.64,2020,,,,40.64,5027,,,,40.64,3421,4,0.52,71.8,40.64,6670,6.563,40,16,2.7,67.9,40.64,2250,7.397,40.9,7,0.78,69,40.64,4890,7.368,44.2,11,1.44,71.2,40.64,3230,7.611,43.9,,,,40.64,1690,,,,,,,,40.64,2980,,,,,,,,40.64,6110,,,,,,,,14,259.08,6280,,,,14,259.08,2020,,,,14,259.08,5027,,,,14,259.08,3421,,,,14,289.56,6110,,,,,,,,14,289.56,10700,,,,,,,,14,289.56,15100,,,,,,,,14,289.56,15188.5,,,,,,,,14,289.56,2318,,,,,,,,55,6060,,,,55,2080,,,,55,4720,,,,55,3270,,,,22.605,1520,,,,
92,Female,21,,4/17/25,14:33,,,,,40.64,6280,,,,40.64,2020,,,,40.64,5027,,,,40.64,3421,3,0.49,67.3,40.64,6670,7.077,48.4,11,1.44,68,40.64,2250,7.087,44.6,5,0.65,66.4,40.64,4890,7.017,43,9,0.98,66.5,40.64,3230,7.68,38.7,,,,40.64,1690,,,,,,,,40.64,2980,,,,,,,,40.64,6110,,,,,,,,14,259.08,6280,,,,14,259.08,2020,,,,14,259.08,5027,,,,14,259.08,3421,,,,14,289.56,6110,,,,,,,,14,289.56,10700,,,,,,,,14,289.56,15100,,,,,,,,14,289.56,15188.5,,,,,,,,14,289.56,2318,,,,,,,,55,6060,,,,55,2080,,,,55,4720,,,,55,3270,,,,22.605,1520,,,,
6000,Female,24,,5/30/25,13:00,3,,,,40.64,,,,,40.64,,,,,40.64,,,,,40.64,,,,,40.64,,,,,,,40.64,,,,,,,40.64,,,,,,,40.64,,,,16,2.7,78.5,40.64,1690,7.024,49.5,7.191,48.5,14,2.15,68.5,40.64,2980,6.493,48.5,6.759,50,12,1.63,77.5,40.64,6110,6.086,49.5,6.215,52,,,,14,259.08,6280,,,,14,259.08,2020,,,,14,259.08,5027,,,,14,259.08,3421,p,7.7,71.5,14,289.56,6110,,,,,j,3.32,83,14,289.56,10700,6.25,51.5,6.029,47.5,f,2.08,67,14,289.56,15100,6.246,52.5,6.129,51,,,,14,289.56,15188.5,,,,,,,,14,289.56,2318,,,,,,,,55,6060,,,,55,2080,,,,55,4720,,,,55,3270,12,1.63,77,22.605,1520,6.577,53.2,6.562,51
6001,Male,28,,5/30/25,14:00,3,,,,40.64,,,,,40.64,,,,,40.64,,,,,40.64,,,,,40.64,,,,,,,40.64,,,,,,,40.64,,,,,,,40.64,,,,13,1.9,84,40.64,1690,7.218,43,6.997,40.1,11,1.44,85,40.64,2980,6.491,51,6.958,49.1,6,0.72,84.5,40.64,6110,6.851,48,6.595,40.3,,,,14,259.08,6280,,,,14,259.08,2020,,,,14,259.08,5027,,,,14,259.08,3421,i,3.05,74,14,289.56,6110,,,,,e,1.66,73.5,14,289.56,10700,6.779,46.4,6.513,40.5,d,1.4,76.5,14,289.56,15100,6.672,45.4,6.493,39,,,,14,289.56,15188.5,,,,,,,,14,289.56,2318,,,,,,,,55,6060,,,,55,2080,,,,55,4720,,,,55,3270,11,1.44,85,22.605,1520,6.762,45.5,6.693,42
6002,Male,23,myopia,5/30/25,14:30,3,,,,40.64,,,,,40.64,,,,,40.64,,,,,40.64,,,,,40.64,,,,,,,40.64,,,,,,,40.64,,,,,,,40.64,,,,20,4.7,65,40.64,1690,7.652,54.3,7.576,53.8,16,2.7,64,40.64,2980,7.249,56.2,7.227,59.5,14,2.15,66,40.64,6110,7.015,55,6.699,57.3,,,,14,259.08,6280,,,,14,259.08,2020,,,,14,259.08,5027,,,,14,259.08,3421,o,6.89,65.5,14,289.56,6110,,,,,n,6.1,64,14,289.56,10700,6.636,57.8,6.726,59,m,5.17,65,14,289.56,15100,6.876,55.6,6.315,58.2,,,,14,289.56,15188.5,,,,,,,,14,289.56,2318,,,,,,,,55,6060,,,,55,2080,,,,55,4720,,,,55,3270,17,3.3,71.5,22.605,1520,7.316,57.3,7.236,57.1
6003,Female,28,,5/30/25,15:00,3,,,,40.64,,,,,40.64,,,,,40.64,,,,,40.64,,,,,40.64,,,,,,,40.64,,,,,,,40.64,,,,,,,40.64,,,,13,1.9,77,40.64,1690,7.463,46,7.639,46.3,10,1.22,77,40.64,2980,7.169,50.8,6.88,47,6,0.72,77,40.64,6110,6.758,43.9,6.648,48.5,,,,14,259.08,6280,,,,14,259.08,2020,,,,14,259.08,5027,,,,14,259.08,3421,k,4.07,66,14,289.56,6110,,,,,f,2.08,64,14,289.56,10700,6.576,50,6.197,47.7,b,0.82,64.5,14,289.56,15100,6.305,50,5.961,59,,,,14,289.56,15188.5,,,,,,,,14,289.56,2318,,,,,,,,55,6060,,,,55,2080,,,,55,4720,,,,55,3270,12,1.63,77,22.605,1520,6.86,49.5,6.781,48
6004,Female,24,Updated stick 6 to new lamp due to coverage of previous stick 6,7/7/25,14:30,3,,,,40.64,,,,,40.64,,,,,40.64,,,,,40.64,,,,,40.64,,,,,,,40.64,,,,,,,40.64,,,,,,,40.64,,,,20,4.7,77.5,40.64,1690,6.15,35,4.99,44,20,4.7,74.5,40.64,2980,5.41,20,5.38,36.5,17,3.3,78,40.64,6110,4.99,40.5,4.93,40.2,,,,14,259.08,6280,,,,14,259.08,2020,,,,14,259.08,5027,,,,14,259.08,3421,t,13,72.25,14,289.56,6110,3.27,43.5,4.35,40.7,s,11,70,14,289.56,10700,2.92,44.75,4.36,39,p,7.7,71,14,289.56,15100,1.81,45.5,4.3,42,,,,14,289.56,15188.5,,,,,v,19,74.5,14,289.56,2318,2.73,39,5.2,34.5,,,,55,6060,,,,55,2080,,,,55,4720,,,,55,3270,20,4.7,75,22.605,1520,5.594,31,4.42,33.5
6005,Female,28,,7/8/25,10:30,3,,,,40.64,,,,,40.64,,,,,40.64,,,,,40.64,,,,,40.64,,,,,,,40.64,,,,,,,40.64,,,,,,,40.64,,,,11,1.44,63.5,40.64,1690,7.48,34.5,7.32,32.8,10,1.22,63.6,40.64,2980,7.15,32,6.789,31.8,7,0.78,61.4,40.64,6110,6.89,36.4,6.972,29.8,,,,14,259.08,6280,,,,14,259.08,2020,,,,14,259.08,5027,,,,14,259.08,3421,o,6.89,54.5,14,289.56,6110,6.95,34.4,6.471,33,l,4.7,53.3,14,289.56,10700,6.61,36.2,6.645,35.3,j,3.32,53.4,14,289.56,15100,6.59,36.7,6.545,33.3,,,,14,289.56,15188.5,,,,,s,11,58,14,289.56,2318,6.62,33.5,6.171,33.2,,,,55,6060,,,,55,2080,,,,55,4720,,,,55,3270,10,1.22,61.7,22.605,1520,7.09,26.3,6.934,32.6
6006,Male,21,,7/8/25,11:30,3,,,,40.64,,,,,40.64,,,,,40.64,,,,,40.64,,,,,40.64,,,,,,,40.64,,,,,,,40.64,,,,,,,40.64,,,,15,2.44,69.5,40.64,1690,6.556,30,6.861,26.5,13,1.9,73.4,40.64,2980,6.494,31.5,6.645,30.5,11,1.44,73.2,40.64,6110,6.291,31.3,6.459,28,,,,14,259.08,6280,,,,14,259.08,2020,,,,14,259.08,5027,,,,14,259.08,3421,p,7.7,67,14,289.56,6110,6.283,33.8,6.33,22.5,n,6.1,63.8,14,289.56,10700,6.196,31,6.413,25,j,3.32,63,14,289.56,15100,6.13,30.2,6.24,28,,,,14,289.56,15188.5,,,,,t,13,64.2,14,289.56,2318,5.598,30.9,6.325,24.5,,,,55,6060,,,,55,2080,,,,55,4720,,,,55,3270,13,1.9,74.4,22.605,1520,6.598,32.8,6.378,23.8
6007,Female,18,,7/8/25,13:30,3,,,,40.64,,,,,40.64,,,,,40.64,,,,,40.64,,,,,40.64,,,,,,,40.64,,,,,,,40.64,,,,,,,40.64,,,,15,2.44,69.5,40.64,1690,6.169,14.8,5.749,13.4,9,0.98,69.5,40.64,2980,5.794,19.4,5.8,18,7,0.78,67.5,40.64,6110,5.539,27.7,5.697,18.7,,,,14,259.08,6280,,,,14,259.08,2020,,,,14,259.08,5027,,,,14,259.08,3421,m,5.17,61.5,14,289.56,6110,6.08,29.4,5.844,19.6,k,4.07,59.8,14,289.56,10700,5.673,28.5,5.624,15.8,h,2.77,61.9,14,289.56,15100,5.692,30.7,5.62,16.5,,,,14,289.56,15188.5,,,,,s,11,64.2,14,289.56,2318,6.259,21.5,5.397,13.6,,,,55,6060,,,,55,2080,,,,55,4720,,,,55,3270,5,0.65,70,22.605,1520,5.473,15.7,5.857,16.8
6008,Female,19,slight astigmatism; did it without glasses,7/8/25,14:30,3,,,,40.64,,,,,40.64,,,,,40.64,,,,,40.64,,,,,40.64,,,,,,,40.64,,,,,,,40.64,,,,,,,40.64,,,,15,2.44,59.7,40.64,1690,6.4,32,6.4,29.5,11,1.44,60,40.64,2980,6.4,39.2,6.403,29.7,8,0.96,58.3,40.64,6110,6.276,39.5,6.253,33.6,,,,14,259.08,6280,,,,14,259.08,2020,,,,14,259.08,5027,,,,14,259.08,3421,m,5.17,53.4,14,289.56,6110,5.821,26.4,5.89,26.9,g,2.22,53.4,14,289.56,10700,5.785,25,5.895,31.3,d,1.4,52.3,14,289.56,15100,6.024,29.3,5.707,34.6,,,,14,289.56,15188.5,,,,,r,10.34,57.5,14,289.56,2318,6.04,26.8,5.842,22.5,,,,55,6060,,,,55,2080,,,,55,4720,,,,55,3270,10,1.22,65.5,22.605,1520,6.07,32,6.086,32
6009,Female,29,C#7 was in place #6,7/9/25,10:30,3,,,,40.64,,,,,40.64,,,,,40.64,,,,,40.64,,,,,40.64,,,,,,,40.64,,,,,,,40.64,,,,,,,40.64,,,,16,2.7,60.5,40.64,1690,6.587,40.3,6.667,43.8,13,1.9,64.5,40.64,2980,6.256,44.3,6.451,45.1,11,1.44,62.5,40.64,6110,6.015,45.4,6.036,47.5,,,,14,259.08,6280,,,,14,259.08,2020,,,,14,259.08,5027,,,,14,259.08,3421,o,6.89,55,14,289.56,6110,5.8,47,5.907,47,j,3.32,56.3,14,289.56,10700,6.2,46.3,5.808,46.4,h,2.77,56.2,14,289.56,15100,5.9,45.3,5.735,46.5,,,,14,289.56,15188.5,,,,,r,10.34,56,14,289.56,2318,5.759,43.2,5.664,44.7,,,,55,6060,,,,55,2080,,,,55,4720,,,,55,3270,12,1.63,61.5,22.605,1520,6.023,33,6.107,41.6
6010,Female,28,C#7 was in place #6,7/9/25,11:30,3,,,,40.64,,,,,40.64,,,,,40.64,,,,,40.64,,,,,40.64,,,,,,,40.64,,,,,,,40.64,,,,,,,40.64,,,,14,2.15,76,40.64,1690,6.533,25,6.769,35.8,10,1.22,77.5,40.64,2980,5.827,21.7,6.102,42.7,9,0.98,76.5,40.64,6110,5.438,22.4,6.102,41.2,,,,14,259.08,6280,,,,14,259.08,2020,,,,14,259.08,5027,,,,14,259.08,3421,j,3.32,65.6,14,289.56,6110,6.085,38.2,5.797,35.8,i,3.05,65.8,14,289.56,10700,5.263,41.2,5.993,34,h,2.77,66.4,14,289.56,15100,5.889,39,5.993,36.7,,,,14,289.56,15188.5,,,,,q,9,66,14,289.56,2318,5.682,35.5,5.797,27.4,,,,55,6060,,,,55,2080,,,,55,4720,,,,55,3270,12,1.63,78.7,22.605,1520,5.937,26.3,5.914,36.4
6011,Female,24,C#7 was in place #6,7/9/25,13:30,3,,,,40.64,,,,,40.64,,,,,40.64,,,,,40.64,,,,,40.64,,,,,,,40.64,,,,,,,40.64,,,,,,,40.64,,,,11,1.44,81,40.64,1690,6.996,48,7.004,45.5,9,0.98,80.5,40.64,2980,6.656,44.5,6.235,45.8,7,0.78,79.3,40.64,6110,6.327,43.5,6.294,45.7,,,,14,259.08,6280,,,,14,259.08,2020,,,,14,259.08,5027,,,,14,259.08,3421,i,3.05,72,14,289.56,6110,5.571,47,6.104,49,g,2.22,75.7,14,289.56,10700,5.68,42.7,6.111,46.4,e,1.66,73,14,289.56,15100,5.586,37.1,5.979,44.5,,,,14,289.56,15188.5,,,,,q,9,77.7,14,289.56,2318,6.143,47.1,5.942,44.1,,,,55,6060,,,,55,2080,,,,55,4720,,,,55,3270,9,0.98,81.7,22.605,1520,6.46,47.9,6.624,50
6012,Male,23,C#7 was in place #6,7/9/25,14:30,3,,,,40.64,,,,,40.64,,,,,40.64,,,,,40.64,,,,,40.64,,,,,,,40.64,,,,,,,40.64,,,,,,,40.64,,,,16,2.7,74.5,40.64,1690,6.814,21,6.624,14.6,10,1.22,76,40.64,2980,6.385,18.3,6.496,13,7,0.78,74,40.64,6110,6.337,19.4,6.187,13,,,,14,259.08,6280,,,,14,259.08,2020,,,,14,259.08,5027,,,,14,259.08,3421,j,3.32,65.7,14,289.56,6110,6.078,14.5,5.939,12.1,i,3.05,66.4,14,289.56,10700,6.159,14.4,5.891,12.8,f,2.08,66.2,14,289.56,15100,5.959,13.5,6.036,12.9,,,,14,289.56,15188.5,,,,,s,11,65.5,14,289.56,2318,5.417,13.4,5.862,13.7,,,,55,6060,,,,55,2080,,,,55,4720,,,,55,3270,12,1.63,74.5,22.605,1520,6.372,21.9,6.434,14.8
6013,Male,25,Myopic ,7/10/25,10:30,3,,,,40.64,,,,,40.64,,,,,40.64,,,,,40.64,,,,,40.64,,,,,,,40.64,,,,,,,40.64,,,,,,,40.64,,,,16,2.7,61.5,40.64,1690,7.178,42.5,6.698,44.2,14,2.15,62.5,40.64,2980,6.23,46,6.463,39.9,12,1.63,65.3,40.64,6110,5.969,48.9,6.097,46.7,,,,14,259.08,6280,,,,14,259.08,2020,,,,14,259.08,5027,,,,14,259.08,3421,p,7.7,62.2,14,289.56,6110,5.818,45.5,5.924,47,n,6.1,60.7,14,289.56,10700,5.889,42,5.821,48.8,i,3.05,59.7,14,289.56,15100,5.887,44.5,5.778,54.2,,,,14,289.56,15188.5,,,,,t,13,63,14,289.56,2318,6.082,36.4,6.167,38.4,,,,55,6060,,,,55,2080,,,,55,4720,,,,55,3270,13,1.9,64.7,22.605,1520,6.356,44.4,6.475,48.2
6014,Female,26,,7/10/25,14:30,3,,,,40.64,,,,,40.64,,,,,40.64,,,,,40.64,,,,,40.64,,,,,,,40.64,,,,,,,40.64,,,,,,,40.64,,,,13,1.9,68.8,40.64,1690,6.462,35,5.189,47.9,11,1.44,69,40.64,2980,6.173,37.5,5.299,55.7,10,1.22,69.7,40.64,6110,4.48,38.8,4.307,53.6,,,,14,259.08,6280,,,,14,259.08,2020,,,,14,259.08,5027,,,,14,259.08,3421,m,5.17,62.2,14,289.56,6110,6.462,53.8,5.583,53.1,k,4.07,61.7,14,289.56,10700,5.96,55.3,5.638,53.6,h,2.77,61,14,289.56,15100,5.184,55,5.64,53,,,,14,289.56,15188.5,,,,,q,9,63.5,14,289.56,2318,5.931,42.4,5.723,44.5,,,,55,6060,,,,55,2080,,,,55,4720,,,,55,3270,10,1.22,68.8,22.605,1520,5.966,40.7,5.408,48.4
6015,Male,19,nearsighted,7/10/25,15:30,3,,,,40.64,,,,,40.64,,,,,40.64,,,,,40.64,,,,,40.64,,,,,,,40.64,,,,,,,40.64,,,,,,,40.64,,,,17,3.3,62.2,40.64,1690,6.509,34.3,6.379,29.3,11,1.44,64.8,40.64,2980,6.01,37.3,6.157,30.5,13,1.9,63.7,40.64,6110,6.016,37.9,6.22,29.8,,,,14,259.08,6280,,,,14,259.08,2020,,,,14,259.08,5027,,,,14,259.08,3421,o,6.89,65.5,14,289.56,6110,5.872,40.3,5.824,34,m,5.17,67,14,289.56,10700,5.815,42.2,6.231,35.8,l,4.7,68.5,14,289.56,15100,6.222,35.5,6.231,30.7,,,,14,289.56,15188.5,,,,,r,10.34,52,14,289.56,2318,5.872,31.7,6.029,28,,,,55,6060,,,,55,2080,,,,55,4720,,,,55,3270,15,2.44,66.3,22.605,1520,6.22,32.7,6.471,31.1
6016,Female,24,astigmatism,7/11/25,14:30,3,,,,40.64,,,,,40.64,,,,,40.64,,,,,40.64,,,,,40.64,,,,,,,40.64,,,,,,,40.64,,,,,,,40.64,,,,15,2.44,72.7,40.64,1690,6.194,45.8,6.135,43,13,1.9,75.3,40.64,2980,6.357,45.8,5.813,45.2,11,1.44,75,40.64,6110,5.948,46.1,5.813,45.6,,,,14,259.08,6280,,,,14,259.08,2020,,,,14,259.08,5027,,,,14,259.08,3421,q,9,68.6,14,289.56,6110,5.291,44.2,5.845,45.7,m,5.17,68,14,289.56,10700,5.634,45.4,5.841,46.2,j,3.32,67,14,289.56,15100,5.625,45.5,5.554,45.2,,,,14,289.56,15188.5,,,,,u,15,70,14,289.56,2318,5.052,25,5.455,45.4,,,,55,6060,,,,55,2080,,,,55,4720,,,,55,3270,13,1.9,74.7,22.605,1520,5.507,47.3,5.142,44.5
5027,Female,19,farsighted,7/11/25,15:30,3,,,,40.64,,,,,40.64,,,,,40.64,,,,,40.64,,,,,40.64,,,,,,,40.64,,,,,,,40.64,,,,,,,40.64,,,,12,1.63,76.5,40.64,1690,6.437,48.5,6.178,48.5,12,1.63,78.7,40.64,2980,6.791,47.6,6.333,48.6,10,1.22,78.2,40.64,6110,6.931,48.4,6.336,49,,,,14,259.08,6280,,,,14,259.08,2020,,,,14,259.08,5027,,,,14,259.08,3421,r,10.34,67.8,14,289.56,6110,5.621,47.1,5.508,48.6,o,6.89,67.5,14,289.56,10700,5.888,48.2,5.747,49.4,n,6.1,67.5,14,289.56,15100,6.257,48.1,5.749,49.7,,,,14,289.56,15188.5,,,,,t,13,70,14,289.56,2318,5.474,48.6,5.144,48.7,,,,55,6060,,,,55,2080,,,,55,4720,,,,55,3270,11,1.44,77.1,22.605,1520,6.875,49.6,6.015,50
6017,Female,19,,7/14/25,13:30,3,,,,40.64,,,,,40.64,,,,,40.64,,,,,40.64,,,,,40.64,,,,,,,40.64,,,,,,,40.64,,,,,,,40.64,,,,16,2.7,58.7,40.64,1690,6.5,46.4,6.23,48,13,1.9,62,40.64,2980,6,46,6,48,11,1.44,62.7,40.64,6110,4.85,47.5,6.075,48.4,,,,14,259.08,6280,,,,14,259.08,2020,,,,14,259.08,5027,,,,14,259.08,3421,k,4.07,52.5,14,289.56,6110,5.85,47.7,5.85,48.1,j,3.32,52.7,14,289.56,10700,6.25,48.2,5.8,49.2,g,2.22,53.5,14,289.56,15100,5.95,47.4,5.7,48.6,,,,14,289.56,15188.5,,,,,o,6.89,53.8,14,289.56,2318,6.1,47.7,6.13,48.3,,,,55,6060,,,,55,2080,,,,55,4720,,,,55,3270,13,1.9,62,22.605,1520,6.51,46.9,6.45,51.7
6018,Male,17,,7/14/25,15:30,3,,,,40.64,,,,,40.64,,,,,40.64,,,,,40.64,,,,,40.64,,,,,,,40.64,,,,,,,40.64,,,,,,,40.64,,,,17,3.3,63.7,40.64,1690,6.98,49.3,6.49,46.1,14,2.15,63.3,40.64,2980,6.32,59.8,6,57.8,2,0.39,65.5,40.64,6110,6.11,54.7,6.2,55.7,,,,14,259.08,6280,,,,14,259.08,2020,,,,14,259.08,5027,,,,14,259.08,3421,n,6.1,59.5,14,289.56,6110,6,56.3,5.83,57.3,j,3.32,61.5,14,289.56,10700,6.025,51.3,5.97,55.2,f,2.08,60.7,14,289.56,15100,5.5,51.4,5.99,55,,,,14,289.56,15188.5,,,,,v,19,64,14,289.56,2318,6.1,35,6.18,31.6,,,,55,6060,,,,55,2080,,,,55,4720,,,,55,3270,15,2.44,62.8,22.605,1520,6.5,51.2,6.53,45.6
6019,Male,25,,7/15/25,10:30,3,,,,40.64,,,,,40.64,,,,,40.64,,,,,40.64,,,,,40.64,,,,,,,40.64,,,,,,,40.64,,,,,,,40.64,,,,15,2.44,70.7,40.64,1690,7.22,44,7.02,41.3,12,1.63,69.2,40.64,2980,6.79,49.2,6.78,44.4,9,0.98,70.5,40.64,6110,6.78,47.5,6.55,41.5,,,,14,259.08,6280,,,,14,259.08,2020,,,,14,259.08,5027,,,,14,259.08,3421,n,6.1,58.7,14,289.56,6110,6.22,49.8,6.41,46.8,k,4.07,62.2,14,289.56,10700,6.4,46,6.23,45.5,i,3.05,60.3,14,289.56,15100,6.39,48.4,6.28,45,,,,14,289.56,15188.5,,,,,t,13,64,14,289.56,2318,6.5,44.2,6.4,43.9,,,,55,6060,,,,55,2080,,,,55,4720,,,,55,3270,12,1.63,75,22.605,1520,6.98,49.1,7.05,45
6020,Male,21,,7/15/25,11:30,3,,,,40.64,,,,,40.64,,,,,40.64,,,,,40.64,,,,,40.64,,,,,,,40.64,,,,,,,40.64,,,,,,,40.64,,,,10,1.22,70,40.64,1690,7.21,55,7.01,51,8,0.96,69.3,40.64,2980,6.75,57.5,7.04,55,5,0.65,69.4,40.64,6110,6.55,57.5,6.51,55.3,,,,14,259.08,6280,,,,14,259.08,2020,,,,14,259.08,5027,,,,14,259.08,3421,l,4.7,62.7,14,289.56,6110,6.6,62,6.29,58,h,2.77,62.3,14,289.56,10700,6.51,58,5.84,57,d,1.4,62.8,14,289.56,15100,6.01,58.3,6.02,58.5,,,,14,289.56,15188.5,,,,,r,10.34,65.5,14,289.56,2318,7.05,55.2,6.28,51.2,,,,55,6060,,,,55,2080,,,,55,4720,,,,55,3270,6,0.72,71,22.605,1520,6.78,56.5,6.42,54.5
6021,Female,25,both nearsighted and far sighted,7/15/25,13:30,3,,,,40.64,,,,,40.64,,,,,40.64,,,,,40.64,,,,,40.64,,,,,,,40.64,,,,,,,40.64,,,,,,,40.64,,,,15,2.44,62.5,40.64,1690,9.03,48.5,9.08,49.5,12,1.63,64.5,40.64,2980,5.6,46.7,11.45,48.8,11,1.44,65.8,40.64,6110,9.05,48.8,10.45,50.3,,,,14,259.08,6280,,,,14,259.08,2020,,,,14,259.08,5027,,,,14,259.08,3421,p,7.7,58,14,289.56,6110,8.65,49.8,13,50.6,n,6.1,57,14,289.56,10700,10.72,50.1,10.9,48.6,n,6.1,56.5,14,289.56,15100,12.41,48.7,11.72,49.4,,,,14,289.56,15188.5,,,,,s,11,59.5,14,289.56,2318,11.02,48,11.51,49,,,,55,6060,,,,55,2080,,,,55,4720,,,,55,3270,14,2.15,61.5,22.605,1520,8.3,48.7,11.35,49.5
6022,Female,53,,7/15/25,14:15,3,,,,40.64,,,,,40.64,,,,,40.64,,,,,40.64,,,,,40.64,,,,,,,40.64,,,,,,,40.64,,,,,,,40.64,,,,13,1.9,65.5,40.64,1690,6.41,48.4,6.8,45.4,11,1.44,65,40.64,2980,5.65,45,5.18,44,10,1.22,65.5,40.64,6110,5.67,47.5,5.15,47.6,,,,14,259.08,6280,,,,14,259.08,2020,,,,14,259.08,5027,,,,14,259.08,3421,n,6.1,58.4,14,289.56,6110,5.45,42,5.71,47.6,m,5.17,59.7,14,289.56,10700,5.98,41,5.4,48.9,j,3.32,59.7,14,289.56,15100,5.61,32.5,5.8,50.7,,,,14,289.56,15188.5,,,,,r,10.34,62.5,14,289.56,2318,5.65,42.1,5.73,44.3,,,,55,6060,,,,55,2080,,,,55,4720,,,,55,3270,10,1.22,65.6,22.605,1520,5.85,49.4,6.4,49.2
6023,Female,25,nearsighted,7/15/25,15:00,3,,,,40.64,,,,,40.64,,,,,40.64,,,,,40.64,,,,,40.64,,,,,,,40.64,,,,,,,40.64,,,,,,,40.64,,,,17,3.3,65.5,40.64,1690,7.48,40.5,7.51,44.5,14,2.15,66,40.64,2980,7.16,50.8,7.15,52.6,12,1.63,69.5,40.64,6110,7,47.2,7,47.2,,,,14,259.08,6280,,,,14,259.08,2020,,,,14,259.08,5027,,,,14,259.08,3421,p,7.7,55,14,289.56,6110,6.75,50.15,6.71,52.8,n,6.1,55.75,14,289.56,10700,6.78,49.6,6.81,49.5,k,4.07,56,14,289.56,15100,6.6,47.1,6.55,47.7,,,,14,289.56,15188.5,,,,,t,13,54.25,14,289.56,2318,6.35,39.4,6.51,39.5,,,,55,6060,,,,55,2080,,,,55,4720,,,,55,3270,14,2.15,64.8,22.605,1520,7,44.2,7.23,40
6024,Female,19,,7/16/25,13:30,3,,,,40.64,,,,,40.64,,,,,40.64,,,,,40.64,,,,,40.64,,,,,,,40.64,,,,,,,40.64,,,,,,,40.64,,,,12,1.63,65.5,40.64,1690,6.49,38,6.8,42.5,10,1.22,64.3,40.64,2980,6.23,43.2,6.42,45.4,8,0.96,66,40.64,6110,6.05,45.1,6.15,44.5,,,,14,259.08,6280,,,,14,259.08,2020,,,,14,259.08,5027,,,,14,259.08,3421,q,9,59.2,14,289.56,6110,5.85,43,5.9,41.2,p,7.7,58.5,14,289.56,10700,6,43.9,5.81,41.1,n,6.1,58.5,14,289.56,15100,6.15,44.5,5.85,43.4,,,,14,289.56,15188.5,,,,,s,11,60,14,289.56,2318,6.1,38.2,5.85,35.5,,,,55,6060,,,,55,2080,,,,55,4720,,,,55,3270,9,0.98,64,22.605,1520,5.89,38.6,6.12,39.6
6025,Female,20,One cornea (rt) bigger,7/16/25,14:15,3,,,,40.64,,,,,40.64,,,,,40.64,,,,,40.64,,,,,40.64,,,,,,,40.64,,,,,,,40.64,,,,,,,40.64,,,,14,2.15,57.3,40.64,1690,6.05,42.1,7,45.9,11,1.44,60.5,40.64,2980,5.95,41.4,6.25,47.9,6,0.72,59.5,40.64,6110,6,41.7,5.85,46,,,,14,259.08,6280,,,,14,259.08,2020,,,,14,259.08,5027,,,,14,259.08,3421,m,5.17,58.1,14,289.56,6110,5.48,46.5,5.325,47.8,l,4.7,58.8,14,289.56,10700,5.15,49.6,7.525,49.7,h,2.77,57.7,14,289.56,15100,5.35,44.6,6,46.8,,,,14,289.56,15188.5,,,,,r,10.34,59,14,289.56,2318,5.225,44.4,5.2,44.6,,,,55,6060,,,,55,2080,,,,55,4720,,,,55,3270,10,1.22,58.2,22.605,1520,5.4,39.4,5.65,47.9
6026,Female,34,Subject was late; kind of rushed/went through the protocol,7/17/25,11:00,3,,,,40.64,,,,,40.64,,,,,40.64,,,,,40.64,,,,,40.64,,,,,,,40.64,,,,,,,40.64,,,,,,,40.64,,,,11,1.44,69.5,40.64,1690,6.4,46.2,6.05,44.4,7,0.78,70,40.64,2980,6.325,49.6,6.4,50.1,5,0.65,69.5,40.64,6110,6.2,45.4,6.4,49.3,,,,14,259.08,6280,,,,14,259.08,2020,,,,14,259.08,5027,,,,14,259.08,3421,o,6.89,63.5,14,289.56,6110,5.95,49.5,5.7,47.7,l,4.7,59.8,14,289.56,10700,5.9,47.7,5.5,51.3,h,2.77,61.3,14,289.56,15100,4.325,51,5.7,46.6,,,,14,289.56,15188.5,,,,,u,15,67,14,289.56,2318,6,46.6,6.325,41,,,,55,6060,,,,55,2080,,,,55,4720,,,,55,3270,7,0.78,70,22.605,1520,5.7,47.5,5.525,48.4
6027,Female,21,,7/17/25,11:30,3,,,,40.64,,,,,40.64,,,,,40.64,,,,,40.64,,,,,40.64,,,,,,,40.64,,,,,,,40.64,,,,,,,40.64,,,,13,1.9,76.7,40.64,1690,7.02,48.6,8,51.4,9,0.98,77,40.64,2980,6.4,62.8,7.425,61,7,0.78,76.5,40.64,6110,7.05,57.2,6.625,53.2,,,,14,259.08,6280,,,,14,259.08,2020,,,,14,259.08,5027,,,,14,259.08,3421,p,7.7,66.7,14,289.56,6110,6.65,53.5,7,53.4,j,3.32,64.6,14,289.56,10700,6.375,50.4,6.4,46.5,f,2.08,64.8,14,289.56,15100,6.55,53.1,6.3,45.7,,,,14,289.56,15188.5,,,,,r,10.34,66.8,14,289.56,2318,6.425,44.5,6.05,39.1,,,,55,6060,,,,55,2080,,,,55,4720,,,,55,3270,10,1.22,76,22.605,1520,6.7,46.5,6.525,52.6
6028,Female,49,,7/17/25,13:30,3,,,,40.64,,,,,40.64,,,,,40.64,,,,,40.64,,,,,40.64,,,,,,,40.64,,,,,,,40.64,,,,,,,40.64,,,,14,2.15,74.7,40.64,1690,6.6,49.9,6.5,46.9,12,1.63,77,40.64,2980,6.4,54.2,6.525,50.8,11,1.44,77.5,40.64,6110,6.025,53.3,5.525,49.6,,,,14,259.08,6280,,,,14,259.08,2020,,,,14,259.08,5027,,,,14,259.08,3421,p,7.7,71.5,14,289.56,6110,5.95,56.5,5.925,52,n,6.1,70.3,14,289.56,10700,5.725,57.2,6,52.5,d,1.4,69,14,289.56,15100,5.7,54,6.05,53.5,,,,14,289.56,15188.5,,,,,u,15,74,14,289.56,2318,6.05,54.5,6.275,45.4,,,,55,6060,,,,55,2080,,,,55,4720,,,,55,3270,14,2.15,74,22.605,1520,5.8,50.6,6.325,47.2
6029,Male,22,,7/17/25,14:15,3,,,,40.64,,,,,40.64,,,,,40.64,,,,,40.64,,,,,40.64,,,,,,,40.64,,,,,,,40.64,,,,,,,40.64,,,,16,2.7,75.7,40.64,1690,7.4,48.1,7.35,44.9,12,1.63,78.8,40.64,2980,6.825,44.4,7,41.6,8,0.96,79.5,40.64,6110,7.1,51.1,6.7,42,,,,14,259.08,6280,,,,14,259.08,2020,,,,14,259.08,5027,,,,14,259.08,3421,n,6.1,66.7,14,289.56,6110,6.625,46.9,6.625,48.6,k,4.07,66.7,14,289.56,10700,6.475,46.6,7.1,51.4,g,2.22,65.3,14,289.56,15100,6.7,45.4,6.6,49,,,,14,289.56,15188.5,,,,,r,10.34,67.8,14,289.56,2318,6.9,47,6.5,50.6,,,,55,6060,,,,55,2080,,,,55,4720,,,,55,3270,13,1.9,77,22.605,1520,6.85,51.6,6.925,50.2
6030,Male,33,,7/17/25,15:00,3,,,,40.64,,,,,40.64,,,,,40.64,,,,,40.64,,,,,40.64,,,,,,,40.64,,,,,,,40.64,,,,,,,40.64,,,,10,1.22,53,40.64,1690,6.475,46.4,6.1,50,7,0.78,52.1,40.64,2980,7.225,56.4,6.55,56,6,0.72,52.5,40.64,6110,6.7,54.5,6.7,55.2,,,,14,259.08,6280,,,,14,259.08,2020,,,,14,259.08,5027,,,,14,259.08,3421,i,3.05,48.3,14,289.56,6110,6.675,52.1,6.625,54.8,f,2.08,46.2,14,289.56,10700,6.65,51.1,6.6,53.2,e,1.66,48.5,14,289.56,15100,6.7,49.3,6.7,50.9,,,,14,289.56,15188.5,,,,,p,7.7,46.4,14,289.56,2318,6.3,41.4,5.9,45.1,,,,55,6060,,,,55,2080,,,,55,4720,,,,55,3270,9,0.98,52.3,22.605,1520,6.525,48.5,6.225,50
6031,Female,23,,7/18/25,14:15,3,,,,40.64,,,,,40.64,,,,,40.64,,,,,40.64,,,,,40.64,,,,,,,40.64,,,,,,,40.64,,,,,,,40.64,,,,20,4.7,76.5,40.64,1690,7.483,43.6,7.357,42.2,19,4,73,40.64,2980,6.937,34.1,6.815,33.6,14,2.15,74.3,40.64,6110,6.791,43.2,6.763,33.7,,,,14,259.08,6280,,,,14,259.08,2020,,,,14,259.08,5027,,,,14,259.08,3421,q,9,70.2,14,289.56,6110,6.525,38.4,6.563,34.3,o,6.89,69.8,14,289.56,10700,6.581,41.5,6.505,35.1,m,5.17,70.5,14,289.56,15100,6.541,41.7,6.524,39,,,,14,289.56,15188.5,,,,,t,13,72,14,289.56,2318,6.531,36.8,6.56,35.4,,,,55,6060,,,,55,2080,,,,55,4720,,,,55,3270,18,3.8,81,22.605,1520,6.901,44.9,6.796,44
6032,Female,32,,7/18/25,15:00,3,,,,40.64,,,,,40.64,,,,,40.64,,,,,40.64,,,,,40.64,,,,,,,40.64,,,,,,,40.64,,,,,,,40.64,,,,17,3.3,78,40.64,1690,7.351,55.1,7.429,43.2,14,2.15,76.5,40.64,2980,6.421,46,6.75,51,13,1.9,79,40.64,6110,5.567,56.7,6.173,52.3,,,,14,259.08,6280,,,,14,259.08,2020,,,,14,259.08,5027,,,,14,259.08,3421,q,9,70,14,289.56,6110,6.249,52.7,6.39,54.9,p,7.7,71.5,14,289.56,10700,6.543,56.6,6.104,50.4,m,5.17,69.4,14,289.56,15100,6.427,54.8,6.392,47,,,,14,289.56,15188.5,,,,,u,15,73.8,14,289.56,2318,5.77,43.1,6.019,49.6,,,,55,6060,,,,55,2080,,,,55,4720,,,,55,3270,16,2.7,77,22.605,1520,6.583,54.2,6.541,34.1
6033,Female,20,,7/22/25,14:30,3,,,,40.64,,,,,40.64,,,,,40.64,,,,,40.64,,,,,40.64,,,,,,,40.64,,,,,,,40.64,,,,,,,40.64,,,,17,3.3,63.7,40.64,1690,6.798,42.4,7.306,46.8,14,2.15,62.6,40.64,2980,6.641,47.1,6.83,47,11,1.44,67.5,40.64,6110,6.176,46.4,6.547,47.5,,,,14,259.08,6280,,,,14,259.08,2020,,,,14,259.08,5027,,,,14,259.08,3421,n,6.1,60.6,14,289.56,6110,6.422,47.1,6.483,48.4,m,5.17,59.3,14,289.56,10700,6.282,47.7,6.403,48.8,l,4.7,61.3,14,289.56,15100,6.475,46.7,6.523,47.6,,,,14,289.56,15188.5,,,,,q,9,60.4,14,289.56,2318,6.171,45,6.286,46.5,,,,55,6060,,,,55,2080,,,,55,4720,,,,55,3270,16,2.7,62.7,22.605,1520,6.675,48,6.6,47.2
6034,Male,20,,7/22/25,15:30,3,,,,40.64,,,,,40.64,,,,,40.64,,,,,40.64,,,,,40.64,,,,,,,40.64,,,,,,,40.64,,,,,,,40.64,,,,18,3.8,77,40.64,1690,6.011,41.9,7.23,43.7,15,2.44,77,40.64,2980,6.827,51.5,7.071,53.6,10,1.22,79.8,40.64,6110,6.827,47.9,6.653,49.4,,,,14,259.08,6280,,,,14,259.08,2020,,,,14,259.08,5027,,,,14,259.08,3421,q,9,72.5,14,289.56,6110,5.474,52.7,6.586,49.6,m,5.17,65.6,14,289.56,10700,7.983,48.2,6.826,47.2,k,4.07,66.5,14,289.56,15100,6.915,49,6.084,47.9,,,,14,289.56,15188.5,,,,,u,15,73,14,289.56,2318,6.826,33.4,6.496,32.2,,,,55,6060,,,,55,2080,,,,55,4720,,,,55,3270,16,2.7,73,22.605,1520,6.62,40.1,6.886,43.4
6035,Female,24,language barrier,7/24/25,13:30,3,,,,40.64,,,,,40.64,,,,,40.64,,,,,40.64,,,,,40.64,,,,,,,40.64,,,,,,,40.64,,,,,,,40.64,,,,15,2.44,65.6,40.64,1690,7.136,45,6.812,46.9,14,2.15,66.7,40.64,2980,6.493,44.4,6.456,48.3,11,1.44,68.2,40.64,6110,6.386,48.3,6.342,47.5,,,,14,259.08,6280,,,,14,259.08,2020,,,,14,259.08,5027,,,,14,259.08,3421,p,7.7,63,14,289.56,6110,6.128,48.1,6.266,45.5,h,2.77,64.4,14,289.56,10700,6.277,48.6,6.269,45.9,,,,,,,,,,,i,3.05,70.4,14,289.56,15188.5,6.129,46.4,5.878,48.9,u,15,63,14,289.56,2318,5.962,47.6,6.016,46.9,,,,55,6060,,,,55,2080,,,,55,4720,,,,55,3270,14,2.15,65,22.605,1520,6.254,39.3,6.308,48.4
6036,Female,22,,7/25/25,13:30,3,,,,40.64,,,,,40.64,,,,,40.64,,,,,40.64,,,,,40.64,,,,,,,40.64,,,,,,,40.64,,,,,,,40.64,,,,16,2.7,73.7,40.64,1690,7.085,49.3,6.698,49.4,13,1.9,75.9,40.64,2980,7.11,49.4,6.802,49.3,9,0.98,77,40.64,6110,6.631,49.2,6.487,49.4,,,,14,259.08,6280,,,,14,259.08,2020,,,,14,259.08,5027,,,,14,259.08,3421,p,7.7,56.2,14,289.56,6110,6.483,50.3,6.135,50.9,n,6.1,56,14,289.56,10700,6.311,50,6.337,50.1,,,,,,,,,,,k,4.07,69.4,14,289.56,15188.5,5.979,49.8,6.182,47.9,u,15,59.5,14,289.56,2318,5.541,51.5,6.338,51.1,,,,55,6060,,,,55,2080,,,,55,4720,,,,55,3270,15,2.44,73,22.605,1520,6.268,51.1,6.401,50.1
6037,Male,21,,7/28/25,14:15,3,,,,40.64,,,,,40.64,,,,,40.64,,,,,40.64,,,,,40.64,,,,,,,40.64,,,,,,,40.64,,,,,,,40.64,,,,15,2.44,82.5,40.64,1690,7.052,42.9,7.018,43.3,13,1.9,84.5,40.64,2980,6.659,53,6.811,50.2,12,1.63,85.6,40.64,6110,6.427,48.1,6.466,49,,,,14,259.08,6280,,,,14,259.08,2020,,,,14,259.08,5027,,,,14,259.08,3421,p,7.7,74.8,14,289.56,6110,6.032,50.3,6.274,44.8,n,6.1,75.1,14,289.56,10700,6.152,50.7,6.251,44.7,,,,,,,,,,,k,4.07,80.9,14,289.56,15188.5,6.165,44.9,6.297,42,t,13,75,14,289.56,2318,5.966,40,6.317,39,,,,55,6060,,,,55,2080,,,,55,4720,,,,55,3270,12,1.63,83.5,22.605,1520,6.421,43.5,6.704,40.4
6038,Male,20,,7/28/25,15:04,3,,,,40.64,,,,,40.64,,,,,40.64,,,,,40.64,,,,,40.64,,,,,,,40.64,,,,,,,40.64,,,,,,,40.64,,,,18,3.8,74.6,40.64,1690,8.117,56.7,8.028,55.2,15,2.44,75,40.64,2980,7.301,57.9,7.254,57.3,12,1.63,78.1,40.64,6110,7.284,57.4,7.518,57.5,,,,14,259.08,6280,,,,14,259.08,2020,,,,14,259.08,5027,,,,14,259.08,3421,q,9,72.5,14,289.56,6110,7.121,56.8,7.375,56.4,g,2.22,69.4,14,289.56,10700,1.231,56.2,7.27,56.5,,,,,,,,,,,l,4.7,78,14,289.56,15188.5,7.162,55.4,6.839,57,s,11,72.2,14,289.56,2318,6.763,52.5,6.897,54.1,,,,55,6060,,,,55,2080,,,,55,4720,,,,55,3270,13,1.9,78.3,22.605,1520,7.335,60.5,7.084,56.5
6039,Female,19,,7/30/25,14:15,3,,,,40.64,,,,,40.64,,,,,40.64,,,,,40.64,,,,,40.64,,,,,,,40.64,,,,,,,40.64,,,,,,,40.64,,,,15,2.44,66.9,40.64,1690,7.867,52,7.001,51.5,13,1.9,75.4,40.64,2980,7.565,54.1,7,51.9,8,0.96,75.5,40.64,6110,7.18,52.1,6.836,54.5,,,,14,259.08,6280,,,,14,259.08,2020,,,,14,259.08,5027,,,,14,259.08,3421,q,9,68,14,289.56,6110,6.768,55.6,6.874,52.5,n,6.1,66.3,14,289.56,10700,6.835,56.1,6.784,52.5,,,,,,,,,,,i,3.05,68.2,14,289.56,15188.5,6.766,56.8,6.492,54.5,t,13,69,14,289.56,2318,6.317,53.4,6.877,53.6,,,,55,6060,,,,55,2080,,,,55,4720,,,,55,3270,10,1.22,72.8,22.605,1520,6.481,51.2,6.71,56.2
6040,Female,19,,7/31/25,10:30,3,,,,40.64,,,,,40.64,,,,,40.64,,,,,40.64,,,,,40.64,,,,,,,40.64,,,,,,,40.64,,,,,,,40.64,,,,10,1.22,56.7,40.64,1690,6.751,43.1,6.743,43,9,0.98,56.5,40.64,2980,6.429,43.6,6.467,47.3,4,0.52,59.4,40.64,6110,6.125,44.6,6.005,47.7,,,,14,259.08,6280,,,,14,259.08,2020,,,,14,259.08,5027,,,,14,259.08,3421,g,2.22,48,14,289.56,6110,5.804,46.2,5.882,45.3,d,1.4,50.3,14,289.56,10700,5.506,44.8,5.984,45.9,,,,,,,,,,,c,1,50.5,14,289.56,15188.5,5.627,43.7,5.78,46.6,n,6.1,49.1,14,289.56,2318,5.636,40.5,5.93,42.8,,,,55,6060,,,,55,2080,,,,55,4720,,,,55,3270,7,0.78,54,22.605,1520,6.385,45.7,6.361,44.8
6041,Female,19,,7/31/25,11:15,3,,,,40.64,,,,,40.64,,,,,40.64,,,,,40.64,,,,,40.64,,,,,,,40.64,,,,,,,40.64,,,,,,,40.64,,,,13,1.9,63.5,40.64,1690,7.045,42.6,6.82,41.7,11,1.44,63,40.64,2980,6.442,42.3,6.712,41.4,10,1.22,63,40.64,6110,6.389,42.2,6.546,41.6,,,,14,259.08,6280,,,,14,259.08,2020,,,,14,259.08,5027,,,,14,259.08,3421,n,6.1,57.2,14,289.56,6110,6.239,41.8,6.384,41.2,l,4.7,56.6,14,289.56,10700,6.638,41.7,6.386,41.6,,,,,,,,,,,h,2.77,52,14,289.56,15188.5,6.145,42.4,6.387,41.4,o,6.89,58,14,289.56,2318,6.443,39.9,6.213,41.1,,,,55,6060,,,,55,2080,,,,55,4720,,,,55,3270,8,0.96,61.3,22.605,1520,6.473,43.4,6.456,42.7
6042,,,language barrier,7/31/25,14:30,3,,,,40.64,,,,,40.64,,,,,40.64,,,,,40.64,,,,,40.64,,,,,,,40.64,,,,,,,40.64,,,,,,,40.64,,,,15,2.44,71.3,40.64,1690,7.053,48.8,6.603,51.6,12,1.63,73,40.64,2980,6.314,50.9,4.682,60.1,11,1.44,75.1,40.64,6110,5.891,52.6,4.3,60.4,,,,14,259.08,6280,,,,14,259.08,2020,,,,14,259.08,5027,,,,14,259.08,3421,l,4.7,70,14,289.56,6110,5.576,55.6,5.134,52.8,h,2.77,69.8,14,289.56,10700,5.323,53.7,5.673,52.4,,,,,,,,,,,g,2.22,76,14,289.56,15188.5,4.842,53.6,5.733,50.4,r,10.34,76.5,14,289.56,2318,4.714,41.3,5.726,47.5,,,,55,6060,,,,55,2080,,,,55,4720,,,,55,3270,12,1.63,72.4,22.605,1520,6.639,50.2,5.919,49.5
6043,Female,19,,7/31/25,15:10,3,,,,40.64,,,,,40.64,,,,,40.64,,,,,40.64,,,,,40.64,,,,,,,40.64,,,,,,,40.64,,,,,,,40.64,,,,18,3.8,73,40.64,1690,6.019,44.5,6.211,37.5,15,2.44,73.5,40.64,2980,6.017,40.5,6.211,54.6,9,0.98,76.7,40.64,6110,5.816,52,5.703,55.1,,,,14,259.08,6280,,,,14,259.08,2020,,,,14,259.08,5027,,,,14,259.08,3421,q,9,73,14,289.56,6110,5.749,41,5.625,50.9,l,4.7,75,14,289.56,10700,5.649,38.4,5.869,50.5,,,,,,,,,,,i,3.05,76.3,14,289.56,15188.5,5.503,36.9,5.817,54.4,t,13,74,14,289.56,2318,5.815,32.8,5.67,34.4,,,,55,6060,,,,55,2080,,,,55,4720,,,,55,3270,11,1.44,72.5,22.605,1520,5.7,50.2,5.979,33.4
7001,Male,82,,9/26/25,14:00,3,,,,,,,,,,,,,,,,,,,,,,,,,,,,,,,,,,,,,,,,,,,,,,,,,8,0.96,64.5,40.64,1690,,,,,5,0.65,64,40.64,2980,,,,,3,0.49,66,40.64,6110,,,,,,,,,,,,,,,,,,,,,,,,,,,,,l,4.7,58.5,14,289.56,6110,,,,,h,2.77,58.5,14,289.56,10700,,,,,,,,,,,,,,,g,2.22,53,14,289.56,15188.5,,,,,l,4.7,59,14,289.56,2318,,,,,,,,,,,,,,,,,,,,,,,,,6,0.72,65,22.605,1520,,,,
1034,Female,20,,9/26/25,NA,3,,,,,,,,,,,,,,,,,,,,,,,,,,,,,,,,,,,,,,,,,,,,,,,,,16,2.7,63,40.64,1690,,,,,14,2.15,63,40.64,2980,,,,,11,1.44,70,40.64,6110,,,,,,,,,,,,,,,,,,,,,,,,,,,,,p,7.7,62.5,14,289.56,6110,,,,,n,6.1,62,14,289.56,10700,,,,,,,,,,,,,,,,,,,,,,,,,,,,14,289.56,2318,,,,,,,,,,,,,,,,,,,,,,,,,11,1.44,66.5,22.605,1520,,,,
5051,Female,,,5/23/25,NA,3,,,,,,,,,,,,,,,,,,,,,,,,,,,,,,,,,,,,,,,,,,,,,,,,,13,1.9,70.5,40.64,1690,,,,,10,1.22,68.5,40.64,2980,,,,,8,0.96,66.5,40.64,6110,,,,,,,,,,,,,,,,,,,,,,,,,,,,,u,15,60,14,289.56,6110,,,,,q,9,58.75,14,289.56,10700,,,,,,,,,,,,,,,,,,,,,,,,,,,,14,289.56,2318,,,,,,,,,,,,,,,,,,,,,,,,,,,,22.605,1520,,,,
7002,Female,17,,5/30/25,15:20,3,,,,,,,,,,,,,,,,,,,,,,,,,,,,,,,,,,,,,,,,,,,,,,,,,18,3.8,58.7,40.64,1690,,,,,16,2.7,59.4,40.64,2980,,,,,15,2.44,59,40.64,6110,,,,,,,,,,,,,,,,,,,,,,,,,,,,,r,10.34,54,14,289.56,6110,,,,,p,7.7,53,14,289.56,10700,,,,,,,,,,,,,,,n,6.1,52.8,14,289.56,15188.5,,,,,t,13,55.7,14,289.56,2318,,,,,,,,,,,,,,,,,,,,,,,,,17,3.3,60,22.605,1520,,,,
7003,Male,18,,10/6/25,15:00,3,,,,,,,,,,,,,,,,,,,,,,,,,,,,,,,,,,,,,,,,,,,,,,,,,14,2.15,62.7,40.64,1690,,,,,10,1.22,65.3,40.64,2980,,,,,7,0.78,64.5,40.64,6110,,,,,,,,,,,,,,,,,,,,,,,,,,,,,m,5.17,63.2,14,289.56,6110,,,,,j,3.32,63.5,14,289.56,10700,,,,,,,,,,,,,,,g,2.22,61,14,289.56,15188.5,,,,,r,10.34,63.2,14,289.56,2318,,,,,,,,,,,,,,,,,,,,,,,,,12,1.63,65.6,22.605,1520,,,,
7004,Female,18,,10/8/25,14:19,3,,,,,,,,,,,,,,,,,,,,,,,,,,,,,,,,,,,,,,,,,,,,,,,,,12,1.63,59.9,40.64,1690,,,,,10,1.22,60.3,40.64,2980,,,,,7,0.78,59.3,40.64,6110,,,,,,,,,,,,,,,,,,,,,,,,,,,,,s,11,58.7,14,289.56,6110,,,,,o,6.89,54.5,14,289.56,10700,,,,,,,,,,,,,,,m,5.17,55.6,14,289.56,15188.5,,,,,t,13,52.8,14,289.56,2318,,,,,,,,,,,,,,,,,,,,,,,,,10,1.22,58.4,22.605,1520,,,,
7007,Female,21,,11/6/25,,3,,,,,,,,,,,,,,,,,,,,,,,,,,,,,,,,,,,,,,,,,,,,,,,,,16,2.7,65.7,40.64,1690,,,,,14,2.15,66.1,40.64,2980,,,,,12,1.63,69.7,40.64,6110,,,,,,,,,,,,,,,,,,,,,,,,,,,,,m,5.17,64.4,14,289.56,6110,,,,,k,4.07,62.2,14,289.56,10700,,,,,,,,,,,,,,,j,3.32,59.5,14,289.56,15188.5,,,,,t,13,59.5,14,289.56,2318,,,,,,,,,,,,,,,,,,,,,,,,,15,2.44,64.6,22.605,1520,,,,
7008,Male,21,,11/6/25,14:15,3,,,,,,,,,,,,,,,,,,,,,,,,,,,,,,,,,,,,,,,,,,,,,,,,,16,2.7,80.7,40.64,1690,,,,,13,1.9,84.3,40.64,2980,,,,,11,1.44,86,40.64,6110,,,,,,,,,,,,,,,,,,,,,,,,,,,,,p,7.7,77.6,14,289.56,6110,,,,,l,4.7,73,14,289.56,10700,,,,,,,,,,,,,,,k,4.07,75.5,14,289.56,15188.5,,,,,u,15,76.6,14,289.56,2318,,,,,,,,,,,,,,,,,,,,,,,,,13,1.9,85.8,22.605,1520,,,,
7011,Female,22,,11/25/25,09:00,3,,,,,,,,,,,,,,,,,,,,,,,,,,,,,,,,,,,,,,,,,,,,,,,,,16,2.7,67.5,40.64,1690,,,,,15,2.44,68.5,40.64,2980,,,,,13,1.9,75,40.64,6110,,,,,,,,,,,,,,,,,,,,,,,,,,,,,e,1.66,59,14,289.56,6110,,,,,d,1.4,61.5,14,289.56,10700,,,,,,,,,,,,,,,b,0.82,66,14,289.56,15188.5,,,,,n,6.1,60.2,14,289.56,2318,,,,,,,,,,,,,,,,,,,,,,,,,14,2.15,67,22.605,1520,,,,
7012,Female,18,,11/25/25,10:00,3,,,,,,,,,,,,,,,,,,,,,,,,,,,,,,,,,,,,,,,,,,,,,,,,,13,1.9,68.2,40.64,1690,,,,,12,1.63,66.1,40.64,2980,,,,,10,1.22,69.5,40.64,6110,,,,,,,,,,,,,,,,,,,,,,,,,,,,,o,6.89,61.4,14,289.56,6110,,,,,k,4.07,61,14,289.56,10700,,,,,,,,,,,,,,,f,2.08,65.3,14,289.56,15188.5,,,,,t,13,61.6,14,289.56,2318,,,,,,,,,,,,,,,,,,,,,,,,,11,1.44,69,22.605,1520,,,,
7013,Male,19,,11/25/25,11:00,3,,,,,,,,,,,,,,,,,,,,,,,,,,,,,,,,,,,,,,,,,,,,,,,,,16,2.7,62.8,40.64,1690,,,,,14,2.15,61.5,40.64,2980,,,,,11,1.44,66.6,40.64,6110,,,,,,,,,,,,,,,,,,,,,,,,,,,,,r,10.34,58,14,289.56,6110,,,,,o,6.89,57.9,14,289.56,10700,,,,,,,,,,,,,,,l,4.7,60,14,289.56,15188.5,,,,,u,15,63.5,14,289.56,2318,,,,,,,,,,,,,,,,,,,,,,,,,13,1.9,65.3,22.605,1520,,,,
7014,Female,25,,11/25/25,14:00,3,,,,,,,,,,,,,,,,,,,,,,,,,,,,,,,,,,,,,,,,,,,,,,,,,20,4.7,64.4,40.64,1690,,,,,18,3.8,65,40.64,2980,,,,,14,0.72,66.1,40.64,6110,,,,,,,,,,,,,,,,,,,,,,,,,,,,,r,10.34,62.8,14,289.56,6110,,,,,p,1.66,62.7,14,289.56,10700,,,,,,,,,,,,,,,l,4.7,65.6,14,289.56,15188.5,,,,,s,11,67,14,289.56,2318,,,,,,,,,,,,,,,,,,,,,,,,,16,1.63,66,22.605,1520,,,,
1032,Male,,,11/26/25,09:00,3,,,,,,,,,,,,,,,,,,,,,,,,,,,,,,,,,,,,,,,,,,,,,,,,,11,1.44,55,40.64,1690,,,,,10,1.22,54,40.64,2980,,,,,8,0.72,54,40.64,6110,,,,,,,,,,,,,,,,,,,,,,,,,,,,,m,5.17,47.5,14,289.56,6110,,,,,j,1.66,49.4,14,289.56,10700,,,,,,,,,,,,,,,i,3.05,53.7,14,289.56,15188.5,,,,,o,6.89,49,14,289.56,2318,,,,,,,,,,,,,,,,,,,,,,,,,8,1.63,55,22.605,1520,,,,
7015,Female,19,,11/26/25,10:30,3,,,,,,,,,,,,,,,,,,,,,,,,,,,,,,,,,,,,,,,,,,,,,,,,,15,2.44,49.6,40.64,1690,,,,,11,1.44,50.1,40.64,2980,,,,,5,0.72,52.3,40.64,6110,,,,,,,,,,,,,,,,,,,,,,,,,,,,,j,3.32,44.4,14,289.56,6110,,,,,h,1.66,44.5,14,289.56,10700,,,,,,,,,,,,,,,e,1.66,53.7,14,289.56,15188.5,,,,,n,6.1,53.6,14,289.56,2318,,,,,,,,,,,,,,,,,,,,,,,,,12,1.63,50.2,22.605,1520,,,,
7016,Male,18,,11/26/25,13:09,3,,,,,,,,,,,,,,,,,,,,,,,,,,,,,,,,,,,,,,,,,,,,,,,,,19,4,66,40.64,1690,,,,,16,2.7,68.5,40.64,2980,,,,,14,0.72,71,40.64,6110,,,,,,,,,,,,,,,,,,,,,,,,,,,,,s,11,64.3,14,289.56,6110,,,,,q,1.66,62,14,289.56,10700,,,,,,,,,,,,,,,n,6.1,65.8,14,289.56,15188.5,,,,,u,15,73.4,14,289.56,2318,,,,,,,,,,,,,,,,,,,,,,,,,17,1.63,68,22.605,1520,,,,
7017,Female,21,,11/26/25,14:06,3,,,,,,,,,,,,,,,,,,,,,,,,,,,,,,,,,,,,,,,,,,,,,,,,,16,2.7,68.4,40.64,1690,,,,,14,2.15,67,40.64,2980,,,,,12,0.72,68.4,40.64,6110,,,,,,,,,,,,,,,,,,,,,,,,,,,,,g,2.22,59.9,14,289.56,6110,,,,,d,1.66,60.3,14,289.56,10700,,,,,,,,,,,,,,,b,0.82,69.5,14,289.56,15188.5,,,,,q,9,65,14,289.56,2318,,,,,,,,,,,,,,,,,,,,,,,,,13,1.63,69,22.605,1520,,,,
7018,Female,21,,11/26/25,15:06,3,,,,,,,,,,,,,,,,,,,,,,,,,,,,,,,,,,,,,,,,,,,,,,,,,20,4.7,74.9,40.64,1690,,,,,20,4.7,74.7,40.64,2980,,,,,19,0.72,59.9,40.64,6110,,,,,,,,,,,,,,,,,,,,,,,,,,,,,n,6.1,54.1,14,289.56,6110,,,,,m,1.66,58.1,14,289.56,10700,,,,,,,,,,,,,,,l,4.7,57.8,14,289.56,15188.5,,,,,q,9,59.9,14,289.56,2318,,,,,,,,,,,,,,,,,,,,,,,,,16,1.63,77.8,22.605,1520,,,,
7019,Female,18,,12/4/25,14:14,3,,,,,,,,,,,,,,,,,,,,,,,,,,,,,,,,,,,,,,,,,,,,,,,,,12,1.63,54.4,40.64,1690,,,,,10,1.22,53.7,40.64,2980,,,,,9,0.72,55,40.64,6110,,,,,,,,,,,,,,,,,,,,,,,,,,,,,m,5.17,45.6,14,289.56,6110,,,,,j,1.66,47,14,289.56,10700,,,,,,,,,,,,,,,h,2.77,45.6,14,289.56,15188.5,,,,,s,11,50.1,14,289.56,2318,,,,,,,,,,,,,,,,,,,,,,,,,10,1.63,54.6,22.605,1520,,,,
7020,Male,21,,12/5/25,14:22,3,,,,,,,,,,,,,,,,,,,,,,,,,,,,,,,,,,,,,,,,,,,,,,,,,12,1.63,60,40.64,1690,,,,,11,1.44,56.8,40.64,2980,,,,,10,0.72,57.5,40.64,6110,,,,,,,,,,,,,,,,,,,,,,,,,,,,,q,9,49,14,289.56,6110,,,,,n,1.66,48,14,289.56,10700,,,,,,,,,,,,,,,n,6.1,53.2,14,289.56,15188.5,,,,,s,11,50.3,14,289.56,2318,,,,,,,,,,,,,,,,,,,,,,,,,13,1.63,61.7,22.605,1520,,,,
7021,Male,20,,12/15/25,15:33,3,,,,,,,,,,,,,,,,,,,,,,,,,,,,,,,,,,,,,,,,,,,,,,,,,12,1.63,65.6,40.64,1690,,,,,10,1.22,66.5,40.64,2980,,,,,6,0.72,66.5,40.64,6110,,,,,,,,,,,,,,,,,,,,,,,,,,,,,k,4.07,58.4,14,289.56,6110,,,,,g,1.66,60.9,14,289.56,10700,,,,,,,,,,,,,,,o,6.89,60,14,289.56,15188.5,,,,,p,7.7,68.2,14,289.56,2318,,,,,,,,,,,,,,,,,,,,,,,,,8,1.63,64.3,22.605,1520,,,,
161,,,,,,,,,,,,,,,,,,,,,,,,,,,,,,,,,,,,,,,,,,,,,,,,,,,,,,,,,,40.64,1690,,,,,,,,40.64,2980,,,,,,,,40.64,6110,,,,,,,,,,,,,,,,,,,,,,,,,,,,,,,,14,289.56,6110,,,,,,,,14,289.56,10700,,,,,,,,,,,,,,,,,,14,289.56,15188.5,,,,,,,,14,289.56,2318,,,,,,,,,,,,,,,,,,,,,,,,,,,,22.605,1520,,,,