"ID","Session","Task","Altitude","Disparity_VA","Reported_Visual_Angle","Real_Visual_Angle","Ratio_Visual_Angle","Distance","Date"
"1000","Lower","Perceptual",12,NA,3.00384656121308,0.5037,5.96356275801683,395235.5743,"May 22"
"1000","Lower","Adjusted",12,NA,0.92441605306587,0.5037,1.83525124690464,395235.5743,"May 22"
"1000","Higher","Perceptual",25,NA,2.56594451159336,0.5037,5.09419200236919,395235.5743,"May 22"
"1000","Higher","Adjusted",25,NA,0.993777986645681,0.5037,1.97295609816494,395235.5743,"May 22"
"1001","Lower","Perceptual",13,NA,2.76768475472488,0.5037,5.49470866532635,395235.5743,"May 22"
"1001","Lower","Adjusted",13,NA,1.51747518058942,0.5037,3.01265670158709,395235.5743,"May 22"
"1001","Higher","Perceptual",21,NA,2.14276119520801,0.5037,4.25404247609292,395235.5743,"May 22"
"1001","Higher","Adjusted",21,NA,1.13857929512271,0.5037,2.26043139790096,395235.5743,"May 22"
"1002","Lower","Perceptual",14,NA,1.02087960763189,0.5037,2.02676118251319,395235.5743,"May 22"
"1002","Lower","Adjusted",14,NA,1.11723229910403,0.5037,2.21805102065521,395235.5743,"May 22"
"1002","Higher","Perceptual",24,NA,0.92441605306587,0.5037,1.83525124690464,395235.5743,"May 22"
"1002","Higher","Adjusted",24,NA,0.916712916000863,0.5037,1.81995814175276,395235.5743,"May 22"
"1003","Lower","Perceptual",16,NA,1.58281662878821,0.5037,3.1423796481799,395235.5743,"May 22"
"1003","Lower","Adjusted",16,NA,1.66666878056282,0.5037,3.30885205591189,395235.5743,"May 22"
"1003","Higher","Perceptual",21,NA,1.90968250774438,0.5037,3.79130932647286,395235.5743,"May 22"
"1003","Higher","Adjusted",21,NA,1.24818011648329,0.5037,2.47802286377464,395235.5743,"May 22"
"1004","Lower","Perceptual",16,NA,1.92657918245142,0.5037,3.8248544420318,395235.5743,"May 22"
"1004","Lower","Adjusted",16,NA,1.20102262889449,0.5037,2.38440069266328,395235.5743,"May 22"
"1004","Higher","Perceptual",22,NA,1.42647429247901,0.5037,2.83199184530278,395235.5743,"May 22"
"1004","Higher","Adjusted",22,NA,1.08378932557165,0.5037,2.15165639382897,395235.5743,"May 22"
"1005","Lower","Perceptual",16,NA,2.13430181664235,0.5037,4.23724799809876,395235.5743,"May 22"
"1005","Lower","Adjusted",16,NA,3.34275656961374,0.5037,6.63640375146663,395235.5743,"May 22"
"1005","Higher","Perceptual",24,NA,1.27087245618219,0.5037,2.52307416355409,395235.5743,"May 22"
"1005","Higher","Adjusted",24,NA,1.66666878056282,0.5037,3.30885205591189,395235.5743,"May 22"
"1006","Lower","Perceptual",17,NA,1.85390391059879,0.5037,3.68057159142106,395235.5743,"May 22"
"1006","Lower","Adjusted",17,NA,2.15351550231775,0.5037,4.27539309572711,395235.5743,"May 22"
"1006","Higher","Perceptual",23,NA,0.92143803714611,0.5037,1.82933896594423,395235.5743,"May 22"
"1006","Higher","Adjusted",23,NA,1.75244015584876,0.5037,3.47913471480794,395235.5743,"May 22"
"1007","Lower","Perceptual",17.5,NA,1.69791428859007,0.5037,3.37088403531878,395235.5743,"May 22"
"1007","Lower","Adjusted",17.5,NA,2.22960839665677,0.5037,4.42646098204639,395235.5743,"May 22"
"1007","Higher","Perceptual",22.5,NA,1.18975896599639,0.5037,2.36203884454316,395235.5743,"May 22"
"1007","Higher","Adjusted",22.5,NA,1.25469541964351,0.5037,2.49095775192279,395235.5743,"May 22"
"1008","Lower","Perceptual",18,NA,1.13656193244754,0.5037,2.25642631019961,395235.5743,"May 22"
"1008","Lower","Adjusted",18,NA,1.0392902942167,0.5037,2.06331207904844,395235.5743,"May 22"
"1008","Higher","Perceptual",23,NA,0.928076631804784,0.5037,1.8425186257788,395235.5743,"May 22"
"1008","Higher","Adjusted",23,NA,1.05773819557891,0.5037,2.09993685840561,395235.5743,"May 22"
"1009","Lower","Perceptual",18,NA,2.16090041902653,0.5037,4.29005443523235,395235.5743,"May 22"
"1009","Lower","Adjusted",18,NA,1.90155769412303,0.5037,3.77517906317854,395235.5743,"May 22"
"1009","Higher","Perceptual",24,NA,1.59634323327247,0.5037,3.16923413395369,395235.5743,"May 22"
"1009","Higher","Adjusted",24,NA,1.93447889777264,0.5037,3.84053781570903,395235.5743,"May 22"
"1010","Lower","Perceptual",19,NA,0.863572212223388,0.5037,1.71445743939525,395235.5743,"May 22"
"1010","Lower","Adjusted",19,NA,2.29152567635021,0.5037,4.54938589706215,395235.5743,"May 22"
"1010","Higher","Perceptual",23,NA,0.948322286999679,0.5037,1.88271250148834,395235.5743,"May 22"
"1010","Higher","Adjusted",23,NA,1.46040158300759,0.5037,2.89934799088265,395235.5743,"May 22"
"1011","Lower","Perceptual",19,NA,1.7134891725895,0.5037,3.40180498826584,395235.5743,"May 22"
"1011","Lower","Adjusted",19,NA,2.66100295762706,0.5037,5.28291236376227,395235.5743,"May 22"
"1011","Higher","Perceptual",25,NA,1.12739670426841,0.5037,2.23823050281597,395235.5743,"May 22"
"1011","Higher","Adjusted",25,NA,2.61303869380347,0.5037,5.18768849276051,395235.5743,"May 22"
"1012","Lower","Perceptual",7.5,NA,1.31153286256249,0.5316,2.46714232987677,374539.4104,"Jul 20"
"1012","Lower","Adjusted",7.5,NA,1.21562137158315,0.5316,2.28672191795175,374539.4104,"Jul 20"
"1012","Higher","Perceptual",16,NA,1.18213680506133,0.5316,2.22373364383245,374539.4104,"Jul 20"
"1012","Higher","Adjusted",16,NA,1.06949016347341,0.5316,2.01183251217722,374539.4104,"Jul 20"
"1013","Lower","Perceptual",8,NA,2.21879730851814,0.5316,4.17380983543669,374539.4104,"Jul 20"
"1013","Lower","Adjusted",8,NA,0.793313503796024,0.5316,1.49231283633564,374539.4104,"Jul 20"
"1013","Higher","Perceptual",17,NA,1.21283939314558,0.5316,2.28148870042435,374539.4104,"Jul 20"
"1013","Higher","Adjusted",17,NA,1.17025608803184,0.5316,2.20138466522167,374539.4104,"Jul 20"
"1014","Lower","Perceptual",9,NA,1.13018146971724,0.5316,2.12599975492332,374539.4104,"Jul 20"
"1014","Lower","Adjusted",9,NA,1.13018146971724,0.5316,2.12599975492332,374539.4104,"Jul 20"
"1014","Higher","Perceptual",19,NA,0.884803314550749,0.5316,1.66441556537011,374539.4104,"Jul 20"
"1014","Higher","Adjusted",19,NA,1.31882574964045,0.5316,2.48086107908286,374539.4104,"Jul 20"
"1015","Lower","Perceptual",10,NA,1.25004014803499,0.5316,2.35146754709367,374539.4104,"Jul 20"
"1015","Lower","Adjusted",10,NA,0.677124058646317,0.5316,1.27374728864996,374539.4104,"Jul 20"
"1015","Higher","Perceptual",19,NA,0.998558309879495,0.5316,1.87840163634216,374539.4104,"Jul 20"
"1015","Higher","Adjusted",19,NA,0.84188202100863,0.5316,1.58367573553166,374539.4104,"Jul 20"
"1016","Lower","Perceptual",10,NA,1.8384381612317,0.5316,3.45831106326505,374539.4104,"Jul 20"
"1016","Lower","Adjusted",10,NA,1.73887580142824,0.5316,3.27102295227283,374539.4104,"Jul 20"
"1016","Higher","Perceptual",19,NA,1.34370992898351,0.5316,2.52767104774927,374539.4104,"Jul 20"
"1016","Higher","Adjusted",19,NA,4.62744499564843,0.5316,8.70474980370285,374539.4104,"Jul 20"
"1017","Lower","Perceptual",10,NA,2.24172275062063,0.5316,4.2169351968033,374539.4104,"Jul 20"
"1017","Lower","Adjusted",10,NA,1.09025572149383,0.5316,2.05089488618102,374539.4104,"Jul 20"
"1017","Higher","Perceptual",19,NA,0.984494805327187,0.5316,1.85194658639426,374539.4104,"Jul 20"
"1017","Higher","Adjusted",19,NA,1.07977311693455,0.5316,2.03117591597922,374539.4104,"Jul 20"
"1018","Lower","Perceptual",11,NA,1.16201541492958,0.5377,2.16108501939665,370232.8059,"Jul 21"
"1018","Lower","Adjusted",11,NA,0.931035929808642,0.5377,1.73151558454276,370232.8059,"Jul 21"
"1018","Higher","Perceptual",19,NA,0.891249709902549,0.5377,1.65752224270513,370232.8059,"Jul 21"
"1018","Higher","Adjusted",19,NA,0.921833996876546,0.5377,1.71440207713697,370232.8059,"Jul 21"
"1019","Lower","Perceptual",11,NA,2.25999915301493,0.5377,4.20308564815869,370232.8059,"Jul 21"
"1019","Lower","Adjusted",11,NA,1.06403389544809,0.5377,1.97886162441526,370232.8059,"Jul 21"
"1019","Higher","Perceptual",17,NA,1.48650980969647,0.5377,2.76457096837729,370232.8059,"Jul 21"
"1019","Higher","Adjusted",17,NA,0.871147116475862,0.5377,1.62013598005554,370232.8059,"Jul 21"
"1020","Lower","Perceptual",12,NA,1.27929096791041,0.5377,2.37919093901881,370232.8059,"Jul 21"
"1020","Lower","Adjusted",12,NA,0.792375810886694,0.5377,1.47363922426389,370232.8059,"Jul 21"
"1020","Higher","Perceptual",20,NA,1.04434985062509,0.5377,1.94225376720307,370232.8059,"Jul 21"
"1020","Higher","Adjusted",20,NA,0.866082501099926,0.5377,1.61071694457862,370232.8059,"Jul 21"
"1021","Lower","Perceptual",9,NA,1.44180445535242,0.5377,2.68142915259888,370232.8059,"Jul 21"
"1021","Lower","Adjusted",9,NA,0.977824236488143,0.5377,1.81853121905922,370232.8059,"Jul 21"
"1021","Higher","Perceptual",20,NA,1.44180445535242,0.5377,2.68142915259888,370232.8059,"Jul 21"
"1021","Higher","Adjusted",20,NA,0.973497789207702,0.5377,1.81048500875526,370232.8059,"Jul 21"
"1022","Lower","Perceptual",10,NA,3.22707786576236,0.5482,5.88667979890982,363196.754,"Aug 19"
"1022","Lower","Adjusted",10,NA,1.14587739536697,0.5482,2.09025427830531,363196.754,"Aug 19"
"1022","Higher","Perceptual",20,NA,2.03529390911587,0.5482,3.71268498561814,363196.754,"Aug 19"
"1022","Higher","Adjusted",20,NA,1.20514265306009,0.5482,2.19836310299177,363196.754,"Aug 19"
"1023","Lower","Perceptual",11,NA,1.65338761680617,0.5482,3.01602994674602,363196.754,"Aug 19"
"1023","Lower","Adjusted",11,NA,1.01168297412184,0.5482,1.84546328734375,363196.754,"Aug 19"
"1023","Higher","Perceptual",23,NA,1.31532421137466,0.5482,2.39935098754955,363196.754,"Aug 19"
"1023","Higher","Adjusted",23,NA,0.948322286999679,0.5482,1.72988377781773,363196.754,"Aug 19"
"53","Lower","Perceptual",13,NA,0.802127811933412,0.5482,1.46320286744511,363196.754,"Aug 19"
"53","Lower","Adjusted",13,NA,1.30650134849125,0.5482,2.38325674660936,363196.754,"Aug 19"
"53","Higher","Perceptual",23.5,NA,0.639574153287337,0.5482,1.16668032339901,363196.754,"Aug 19"
"53","Higher","Adjusted",23.5,NA,1.23168562299953,0.5482,2.24678150857266,363196.754,"Aug 19"
"1025","Lower","Perceptual",4,NA,1.14986973198893,0.5518,2.08385235953051,360803.6594,"Aug 20"
"1025","Lower","Adjusted",4,NA,1.14587739536697,0.5518,2.07661724423155,360803.6594,"Aug 20"
"1025","Higher","Perceptual",16,NA,0.662077196016189,0.5518,1.19984993841281,360803.6594,"Aug 20"
"1025","Higher","Adjusted",16,NA,0.936891241566798,0.5518,1.69788191657629,360803.6594,"Aug 20"
"1026","Lower","Perceptual",5,NA,2.09028981160228,0.5518,3.78812941573447,360803.6594,"Aug 20"
"1026","Lower","Adjusted",5,NA,1.22092936099226,0.5518,2.21263023014183,360803.6594,"Aug 20"
"1026","Higher","Perceptual",17,NA,1.3194808461178,0.5518,2.39123023943059,360803.6594,"Aug 20"
"1026","Higher","Adjusted",17,NA,1.12860398739737,0.5518,2.04531349655196,360803.6594,"Aug 20"
"1027","Lower","Perceptual",5,NA,1.83106219380955,0.5518,3.31834395398614,360803.6594,"Aug 20"
"1027","Lower","Adjusted",5,NA,1.19569461087798,0.5518,2.16689853366795,360803.6594,"Aug 20"
"1027","Higher","Perceptual",17.5,NA,0.901685460893871,0.5518,1.63408021184101,360803.6594,"Aug 20"
"1027","Higher","Adjusted",17.5,NA,1.20883314261618,0.5518,2.19070884852515,360803.6594,"Aug 20"
"1028","Lower","Perceptual",6,NA,3.5105781256542,0.5518,6.36204807113845,360803.6594,"Aug 20"
"1028","Lower","Adjusted",6,NA,3.0535436758736,0.5518,5.53378701680608,360803.6594,"Aug 20"
"1028","Higher","Perceptual",19,NA,2.4878828815711,0.5518,4.50866778102772,360803.6594,"Aug 20"
"1028","Higher","Adjusted",19,NA,1.48716864965156,0.5518,2.69512259813622,360803.6594,"Aug 20"
"1029","Lower","Perceptual",7,NA,1.21283939314558,0.5518,2.19796917931422,360803.6594,"Aug 20"
"1029","Lower","Adjusted",7,NA,1.25942408093362,0.5518,2.2823923177485,360803.6594,"Aug 20"
"1029","Higher","Perceptual",18.5,NA,1.78447837938828,0.5518,3.2339223983115,360803.6594,"Aug 20"
"1029","Higher","Adjusted",18.5,NA,1.00265055352368,0.5518,1.81705428329772,360803.6594,"Aug 20"
"1030","Lower","Perceptual",8,NA,1.79346056011619,0.5518,3.25020036266073,360803.6594,"Aug 20"
"1030","Lower","Adjusted",8,NA,1.09025572149383,0.5518,1.97581682039476,360803.6594,"Aug 20"
"1030","Higher","Perceptual",18,NA,0.715042047745884,0.5518,1.29583553415347,360803.6594,"Aug 20"
"1030","Higher","Adjusted",18,NA,0.833378463587148,0.5518,1.51029080026667,360803.6594,"Aug 20"
"1031","Lower","Perceptual",9,NA,1.6721083646812,0.5518,3.0302797475194,360803.6594,"Aug 20"
"1031","Lower","Adjusted",9,NA,1.28253086728732,0.5518,2.32426761016187,360803.6594,"Aug 20"
"1031","Higher","Perceptual",19,NA,1.3414984285074,0.5518,2.43113162107177,360803.6594,"Aug 20"
"1031","Higher","Adjusted",19,NA,1.11404950194566,0.5518,2.01893711842272,360803.6594,"Aug 20"
"1032","Lower","Perceptual",14,NA,2.89094921726655,0.5518,5.2391250765976,360803.6594,"Aug 20"
"1032","Lower","Adjusted",14,NA,1.38410795292895,0.5518,2.50835076645333,360803.6594,"Aug 20"
"1032","Higher","Perceptual",25,NA,2.01908012219808,0.5518,3.65907959803929,360803.6594,"Aug 20"
"1032","Higher","Adjusted",25,NA,0.966262676918327,0.5518,1.75111032424488,360803.6594,"Aug 20"
"1033","Lower","Perceptual",15,NA,1.59421448277288,0.5518,2.88911649650758,360803.6594,"Aug 20"
"1033","Lower","Adjusted",15,NA,1.00265055352368,0.5518,1.81705428329772,360803.6594,"Aug 20"
"1033","Higher","Perceptual",27,NA,1.18471797443858,0.5518,2.14700611532906,360803.6594,"Aug 20"
"1033","Higher","Adjusted",27,NA,1.03778197284205,0.5518,1.88072122660756,360803.6594,"Aug 20"
"1034","Lower","Perceptual",15,NA,1.89307960735111,0.5518,3.43073506225282,360803.6594,"Aug 20"
"1034","Lower","Adjusted",15,NA,1.48960635663013,0.5518,2.6995403345961,360803.6594,"Aug 20"
"1034","Higher","Perceptual",25,NA,1.73683377826231,0.5518,3.14757843106616,360803.6594,"Aug 20"
"1034","Higher","Adjusted",25,NA,1.65509630703841,0.5518,2.99944963218269,360803.6594,"Aug 20"
"1035","Lower","Perceptual",15,NA,2.03458955947317,0.5518,3.68718658838922,360803.6594,"Aug 20"
"1035","Lower","Adjusted",15,NA,2.65469525137005,0.5518,4.81097363423352,360803.6594,"Aug 20"
"1035","Higher","Perceptual",27,NA,2.23945896100241,0.5518,4.05846132838422,360803.6594,"Aug 20"
"1035","Higher","Adjusted",27,NA,3.24087052783805,0.5518,5.87327025704612,360803.6594,"Aug 20"
"1036","Lower","Perceptual",16,NA,2.56594451159336,0.5484,4.67896519254807,183560.6568,"Oct 16"
"1036","Lower","Adjusted",16,NA,0.928076631804784,0.5484,1.69233521481543,183560.6568,"Oct 16"
"1036","Higher","Perceptual",39,5.48158118836514,0.78575837505971,0.5484,1.4328197940549,183560.6568,"Oct 16"
"1036","Higher","Adjusted",39,5.48158118836514,1.01856480995505,0.5484,1.85733918664305,183560.6568,"Oct 16"
"1037","Lower","Perceptual",16,NA,1.71078852195229,0.5484,3.11959978474159,183560.6568,"Oct 16"
"1037","Lower","Adjusted",16,NA,0.876271312098295,0.5484,1.59786891338128,183560.6568,"Oct 16"
"1037","Higher","Perceptual",41,3.2020360044857,1.33068086928785,0.5484,2.42647860920468,183560.6568,"Oct 16"
"1037","Higher","Adjusted",41,3.2020360044857,0.982189309936894,0.5484,1.79100895320367,183560.6568,"Oct 16"
"1038","Lower","Perceptual",11,NA,1.76950113864261,0.5484,3.22666144902009,183560.6568,"Oct 16"
"1038","Lower","Adjusted",11,NA,0.859420578802087,0.5484,1.56714182859607,183560.6568,"Oct 16"
"1038","Higher","Perceptual",28,11.1059420660736,1.32752574337253,0.5484,2.42072527967273,183560.6568,"Oct 16"
"1038","Higher","Adjusted",28,11.1059420660736,0.859420578802087,0.5484,1.56714182859607,183560.6568,"Oct 16"
"1039","Lower","Perceptual",18,NA,0.896146487219218,0.5484,1.63411102702264,183560.6568,"Oct 16"
"1039","Lower","Adjusted",18,NA,0.948322286999679,0.5484,1.7292528938725,183560.6568,"Oct 16"
"1039","Higher","Perceptual",29,11.4781969961792,0.723726539416115,0.5484,1.319705578804,183560.6568,"Oct 16"
"1039","Higher","Adjusted",29,11.4781969961792,0.912036007307599,0.5484,1.6630853524938,183560.6568,"Oct 16"
"1040","Lower","Perceptual",18,NA,3.22707786576236,0.5484,5.8845329426739,183560.6568,"Oct 16"
"1040","Lower","Adjusted",18,NA,1.90578591584785,0.5484,3.47517490125428,183560.6568,"Oct 16"
"1040","Higher","Perceptual",34,9.48417548956084,1.07147425973608,0.5484,1.95381885436923,183560.6568,"Oct 16"
"1040","Higher","Adjusted",34,9.48417548956084,1.51949465365048,0.5484,2.77077799717447,183560.6568,"Oct 16"
"1041","Lower","Perceptual",19,NA,1.36071080534582,0.5484,2.48123779238844,183560.6568,"Oct 16"
"1041","Lower","Adjusted",19,NA,1.48716864965156,0.5484,2.71183196508309,183560.6568,"Oct 16"
"1041","Higher","Perceptual",33,6.91744863761283,1.33411287130862,0.5484,2.43273681857881,183560.6568,"Oct 16"
"1041","Higher","Adjusted",33,6.91744863761283,2.0751535857627,0.5484,3.78401456193053,183560.6568,"Oct 16"
"1042","Lower","Perceptual",19,NA,1.25123740937504,0.5484,2.28161453204785,183560.6568,"Oct 16"
"1042","Lower","Adjusted",19,NA,1.16497404686829,0.5484,2.12431445453737,183560.6568,"Oct 16"
"1042","Higher","Perceptual",33,6.69489736220289,1.15295023673421,0.5484,2.10238919900475,183560.6568,"Oct 16"
"1042","Higher","Adjusted",33,6.69489736220289,1.31882574964045,0.5484,2.40486095849827,183560.6568,"Oct 16"
"1043","Lower","Perceptual",20,NA,0.953803666266298,0.5484,1.73924811500054,183560.6568,"Oct 16"
"1043","Lower","Adjusted",20,NA,1.05773819557891,0.5484,1.92877132673032,183560.6568,"Oct 16"
"1043","Higher","Perceptual",35,9.17156355097448,1.71874448728936,0.5484,3.13410738017754,183560.6568,"Oct 16"
"1043","Higher","Adjusted",35,9.17156355097448,1.22226360887304,0.5484,2.22878119779912,183560.6568,"Oct 16"
"1044","Lower","Perceptual",20,NA,1.27929096791041,0.5484,2.33276981748799,183560.6568,"Oct 16"
"1044","Lower","Adjusted",20,NA,1.39794766602828,0.5484,2.54913870537614,183560.6568,"Oct 16"
"1044","Higher","Perceptual",36,9.07740844469396,1.22879659082724,0.5484,2.24069400223785,183560.6568,"Oct 16"
"1044","Higher","Adjusted",36,9.07740844469396,1.2477254420039,0.5484,2.27521050693636,183560.6568,"Oct 16"
"1045","Lower","Perceptual",21,NA,0.723726539416115,0.5484,1.319705578804,183560.6568,"Oct 16"
"1045","Lower","Adjusted",21,NA,0.913717249345349,0.5484,1.66615107466329,183560.6568,"Oct 16"
"1045","Higher","Perceptual",37,4.29517085659701,0.688947084423157,0.5484,1.25628571193136,183560.6568,"Oct 16"
"1045","Higher","Adjusted",37,4.29517085659701,1.2477254420039,0.5484,2.27521050693636,183560.6568,"Oct 16"
"1046","Lower","Perceptual",22,NA,1.62469681337902,0.5484,2.96261271586254,183560.6568,"Oct 16"
"1046","Lower","Adjusted",22,NA,1.71874448728936,0.5484,3.13410738017754,183560.6568,"Oct 16"
"1046","Higher","Perceptual",36,8.64722526645977,1.48233192547313,0.5484,2.7030122638095,183560.6568,"Oct 16"
"1046","Higher","Adjusted",36,8.64722526645977,1.42647429247901,0.5484,2.60115662377645,183560.6568,"Oct 16"
"1047","Lower","Perceptual",22,NA,0.925818941369154,0.5484,1.68821834677089,183560.6568,"Oct 16"
"1047","Lower","Adjusted",22,NA,1.28253086728732,0.5484,2.33867773028323,183560.6568,"Oct 16"
"1047","Higher","Perceptual",39,8.79741070999106,0.862957155563023,0.5484,1.57359072859778,183560.6568,"Oct 16"
"1047","Higher","Adjusted",39,8.79741070999106,1.25004014803499,0.5484,2.27943134214988,183560.6568,"Oct 16"
"1048","Lower","Perceptual",22,NA,1.5792067606097,0.5484,2.87966221847136,183560.6568,"Oct 16"
"1048","Lower","Adjusted",22,NA,1.08998439497494,0.5484,1.98757183620522,183560.6568,"Oct 16"
"1048","Higher","Perceptual",39.5,5.22336275579677,0.822348835742584,0.5484,1.49954200536576,183560.6568,"Oct 16"
"1048","Higher","Adjusted",39.5,5.22336275579677,0.916712916000863,0.5484,1.67161363238669,183560.6568,"Oct 16"
"1049","Lower","Perceptual",22,NA,2.70058666288484,0.5484,4.9244833385938,183560.6568,"Oct 16"
"1049","Lower","Adjusted",22,NA,2.36862272200934,0.5484,4.3191515718624,183560.6568,"Oct 16"
"1049","Higher","Perceptual",41,6.26612703834723,1.64461297834099,0.5484,2.99892957392595,183560.6568,"Oct 16"
"1049","Higher","Adjusted",41,6.26612703834723,2.0751535857627,0.5484,3.78401456193053,183560.6568,"Oct 16"
"1050","Lower","Perceptual",23,NA,0.84216376522285,0.5484,1.53567426189433,183560.6568,"Oct 16"
"1050","Lower","Adjusted",23,NA,0.920469774871083,0.5484,1.67846421384224,183560.6568,"Oct 16"
"1050","Higher","Perceptual",40,6.80977682105415,0.832138360694079,0.5484,1.51739307201692,183560.6568,"Oct 16"
"1050","Higher","Adjusted",40,6.80977682105415,1.00265055352368,0.5484,1.82831975478425,183560.6568,"Oct 16"
"1051","Lower","Perceptual",23,NA,1.70477302501102,0.5484,3.10863060724111,183560.6568,"Oct 16"
"1051","Lower","Adjusted",23,NA,0.971513853554409,0.5484,1.77154240254269,183560.6568,"Oct 16"
"1051","Higher","Perceptual",42,7.28237051580268,0.884946922429134,0.5484,1.61368877175262,183560.6568,"Oct 16"
"1051","Higher","Adjusted",42,7.28237051580268,0.970634697568803,0.5484,1.76993927346609,183560.6568,"Oct 16"
"1052","Lower","Perceptual",24,NA,2.27468066507516,0.5484,4.14784949867827,183560.6568,"Oct 16"
"1052","Lower","Adjusted",24,NA,1.05940121126085,0.5484,1.93180381338594,183560.6568,"Oct 16"
"1052","Higher","Perceptual",45,11.0178993964321,1.12249365388949,0.5484,2.04685203116245,183560.6568,"Oct 16"
"1052","Higher","Adjusted",45,11.0178993964321,1.3095608045354,0.5484,2.38796645611853,183560.6568,"Oct 16"
"1053","Lower","Perceptual",24,NA,0.931990796366406,0.5484,1.6994726410766,183560.6568,"Oct 16"
"1053","Lower","Adjusted",24,NA,1.1229613296417,0.5484,2.04770483158588,183560.6568,"Oct 16"
"1053","Higher","Perceptual",44,3.06649369342039,0.748342400000073,0.5484,1.36459226841735,183560.6568,"Oct 16"
"1053","Higher","Adjusted",44,3.06649369342039,1.625492151901,0.5484,2.96406300492523,183560.6568,"Oct 16"
"1054","Lower","Perceptual",7,NA,2.55465874937243,0.5423,4.71078508090066,181518.8318,"Oct 17"
"1054","Lower","Adjusted",7,NA,1.62410203838201,0.5423,2.99484056496776,181518.8318,"Oct 17"
"1054","Higher","Perceptual",36,7.10017550948219,1.31153286256249,0.5423,2.41846369640879,181518.8318,"Oct 17"
"1054","Higher","Adjusted",36,7.10017550948219,2.15054290531803,0.5423,3.96559635869082,181518.8318,"Oct 17"
"1055","Lower","Perceptual",8,NA,1.34391345647425,0.5423,2.47817343993039,181518.8318,"Oct 17"
"1055","Lower","Adjusted",8,NA,0.982189309936894,0.5423,1.81115491413774,181518.8318,"Oct 17"
"1055","Higher","Perceptual",36,7.08319544228064,0.680596408263859,0.5423,1.25501827081663,181518.8318,"Oct 17"
"1055","Higher","Adjusted",36,7.08319544228064,0.950844305128317,0.5423,1.75335479463086,181518.8318,"Oct 17"
"1056","Lower","Perceptual",10,NA,2.00281922303184,0.5423,3.69319421543765,181518.8318,"Oct 17"
"1056","Lower","Adjusted",10,NA,1.08915429693533,0.5423,2.00839811347102,181518.8318,"Oct 17"
"1056","Higher","Perceptual",37,11.5688335302831,0.515658534941426,0.5423,0.950873197384152,181518.8318,"Oct 17"
"1056","Higher","Adjusted",37,11.5688335302831,1.05773819557891,0.5423,1.95046689208723,181518.8318,"Oct 17"
"1057","Lower","Perceptual",11,NA,2.06242533977591,0.5423,3.80310776281745,181518.8318,"Oct 17"
"1057","Lower","Adjusted",11,NA,1.65000440797782,0.5423,3.04260447718573,181518.8318,"Oct 17"
"1057","Higher","Perceptual",32,5.1313794647399,1.29978880408272,0.5423,2.39680767855932,181518.8318,"Oct 17"
"1057","Higher","Adjusted",32,5.1313794647399,1.45618934029784,0.5423,2.6852099212573,181518.8318,"Oct 17"
"1058","Lower","Perceptual",13,NA,1.94570739228996,0.5423,3.58788012592653,181518.8318,"Oct 17"
"1058","Lower","Adjusted",13,NA,NA,0.5423,NA,181518.8318,"Oct 17"
"1058","Higher","Perceptual",34,4.98907247121793,1.41372023374187,0.5423,2.60689698274363,181518.8318,"Oct 17"
"1058","Higher","Adjusted",34,4.98907247121793,1.39243648404093,0.5423,2.56764979539172,181518.8318,"Oct 17"
"1059","Lower","Perceptual",11,NA,2.0556868359813,0.5423,3.79068197673115,181518.8318,"Oct 17"
"1059","Lower","Adjusted",11,NA,2.03458955947317,0.5423,3.75177864553415,181518.8318,"Oct 17"
"1059","Higher","Perceptual",36,7.98272013277402,1.90968250774438,0.5423,3.52145031854025,181518.8318,"Oct 17"
"1059","Higher","Adjusted",36,7.98272013277402,2.34079223494594,0.5423,4.31641570154147,181518.8318,"Oct 17"
"1060","Lower","Perceptual",12,NA,1.39186291432886,0.5423,2.56659213411186,181518.8318,"Oct 17"
"1060","Lower","Adjusted",12,NA,2.26766188131707,0.5423,4.18156349127249,181518.8318,"Oct 17"
"1060","Higher","Perceptual",34,3.96418456646182,1.27058902397887,0.5423,2.34296334866102,181518.8318,"Oct 17"
"1060","Higher","Adjusted",34,3.96418456646182,1.85390391059879,0.5423,3.41859470883051,181518.8318,"Oct 17"
"1061","Lower","Perceptual",12,NA,1.96884429884139,0.5423,3.63054453041009,181518.8318,"Oct 17"
"1061","Lower","Adjusted",12,NA,NA,0.5423,NA,181518.8318,"Oct 17"
"1061","Higher","Perceptual",29,6.6769410875287,1.62075936214186,0.5423,2.98867667737758,181518.8318,"Oct 17"
"1061","Higher","Adjusted",29,6.6769410875287,1.43378878374245,0.5423,2.64390334453707,181518.8318,"Oct 17"
"1062","Lower","Perceptual",14,NA,1.88053232451094,0.5423,3.46769744516124,181518.8318,"Oct 17"
"1062","Lower","Adjusted",14,NA,1.81316564646404,0.5423,3.34347343991155,181518.8318,"Oct 17"
"1062","Higher","Perceptual",36,7.94655238344554,1.60080734471083,0.5423,2.95188520138453,181518.8318,"Oct 17"
"1062","Higher","Adjusted",36,7.94655238344554,2.32970733407123,0.5423,4.29597516885714,181518.8318,"Oct 17"
"1063","Lower","Perceptual",14,NA,1.38670913421823,0.5423,2.55708857499212,181518.8318,"Oct 17"
"1063","Lower","Adjusted",14,NA,1.2340152393139,0.5423,2.27552137066918,181518.8318,"Oct 17"
"1063","Higher","Perceptual",39,8.92905811050983,0.726115012019391,0.5423,1.33895447541839,181518.8318,"Oct 17"
"1063","Higher","Adjusted",39,8.92905811050983,0.994022325996856,0.5423,1.83297496956824,181518.8318,"Oct 17"
"1064","Lower","Perceptual",16,NA,1.25846941569747,0.5423,2.32061481780836,181518.8318,"Oct 17"
"1064","Lower","Adjusted",16,NA,2.12230550286034,0.5423,3.91352665104248,181518.8318,"Oct 17"
"1064","Higher","Perceptual",45,4.65553863263254,1.81140684305761,0.5423,3.34023021032198,181518.8318,"Oct 17"
"1064","Higher","Adjusted",45,4.65553863263254,1.35805859623531,0.5423,2.50425704634945,181518.8318,"Oct 17"
"1065","Lower","Perceptual",15,NA,1.25353550755739,0.5423,2.31151670211579,181518.8318,"Oct 17"
"1065","Lower","Adjusted",15,NA,0.887142732868295,0.5423,1.63588923634205,181518.8318,"Oct 17"
"1065","Higher","Perceptual",35,8.15337467144381,0.76927443419462,0.5423,1.41854035440645,181518.8318,"Oct 17"
"1065","Higher","Adjusted",35,8.15337467144381,0.927012614242197,0.5423,1.70940920937156,181518.8318,"Oct 17"
"1066","Lower","Perceptual",16,NA,1.85151703285572,0.5423,3.41419331155398,181518.8318,"Oct 17"
"1066","Lower","Adjusted",16,NA,0.850560899949325,0.5423,1.56843241738765,181518.8318,"Oct 17"
"1066","Higher","Perceptual",38,3.16900014620634,1.0410555531599,0.5423,1.91970413638189,181518.8318,"Oct 17"
"1066","Higher","Adjusted",38,3.16900014620634,1.18283859777584,0.5423,2.18115175691653,181518.8318,"Oct 17"
"1067","Lower","Perceptual",16,NA,1.36071080534582,0.5423,2.50914771408044,181518.8318,"Oct 17"
"1067","Lower","Adjusted",16,NA,0.943673859023845,0.5423,1.74013250788096,181518.8318,"Oct 17"
"1067","Higher","Perceptual",40,5.97646489501834,0.982189309936894,0.5423,1.81115491413774,181518.8318,"Oct 17"
"1067","Higher","Adjusted",40,5.97646489501834,1.05773819557891,0.5423,1.95046689208723,181518.8318,"Oct 17"
"1068","Lower","Perceptual",17,NA,1.51188422710866,0.5423,2.78791116929497,181518.8318,"Oct 17"
"1068","Lower","Adjusted",17,NA,1.29074687877535,0.5423,2.38013438830047,181518.8318,"Oct 17"
"1068","Higher","Perceptual",40,5.20390992599732,1.35225997249456,0.5423,2.4935643970027,181518.8318,"Oct 17"
"1068","Higher","Adjusted",40,5.20390992599732,1.11723229910403,0.5423,2.06017388733917,181518.8318,"Oct 17"
"1069","Lower","Perceptual",17,NA,1.01168297412184,0.5423,1.86554116563128,181518.8318,"Oct 17"
"1069","Lower","Adjusted",17,NA,1.60417702561128,0.5423,2.95809888550853,181518.8318,"Oct 17"
"1069","Higher","Perceptual",37,7.9104464653115,0.588805200400641,0.5423,1.0857554866322,181518.8318,"Oct 17"
"1069","Higher","Adjusted",37,7.9104464653115,1.43231989094082,0.5423,2.64119470946122,181518.8318,"Oct 17"
"52","Lower","Perceptual",18,NA,1.43672656793162,0.5423,2.64932061208118,181518.8318,"Oct 17"
"52","Lower","Adjusted",18,NA,1.89651469673571,0.5423,3.49716890417797,181518.8318,"Oct 17"
"52","Higher","Perceptual",38,3.77238492100836,0.862957155563023,0.5423,1.59129108530891,181518.8318,"Oct 17"
"52","Higher","Adjusted",38,3.77238492100836,1.64461297834099,0.5423,3.03266269286556,181518.8318,"Oct 17"
"1071","Lower","Perceptual",18,NA,1.67019935894835,0.5423,3.07984392208805,181518.8318,"Oct 17"
"1071","Lower","Adjusted",18,NA,1.38542237595033,0.5423,2.55471579559346,181518.8318,"Oct 17"
"1071","Higher","Perceptual",41,6.94498606531974,0.976377820990968,0.5423,1.8004385413811,181518.8318,"Oct 17"
"1071","Higher","Adjusted",41,6.94498606531974,1.53619040748023,0.5423,2.8327317121155,181518.8318,"Oct 17"
"1072","Lower","Perceptual",19,NA,1.82970969742114,0.5423,3.37398063326782,181518.8318,"Oct 17"
"1072","Lower","Adjusted",19,NA,2.24547676974762,0.5423,4.14065419462958,181518.8318,"Oct 17"
"1072","Higher","Perceptual",39,9.44593079557951,0.709719290720392,0.5423,1.30872080162344,181518.8318,"Oct 17"
"1072","Higher","Adjusted",39,9.44593079557951,1.41938413728693,0.5423,2.61734120834765,181518.8318,"Oct 17"
"1073","Lower","Perceptual",20,NA,1.83253704985183,0.5423,3.37919426489366,181518.8318,"Oct 17"
"1073","Lower","Adjusted",20,NA,1.79952718370388,0.5423,3.31832414476098,181518.8318,"Oct 17"
"1073","Higher","Perceptual",35,7.25706431087284,0.957523618089764,0.5423,1.7656714329518,181518.8318,"Oct 17"
"1073","Higher","Adjusted",35,7.25706431087284,1.84871180473904,0.5423,3.40902047711421,181518.8318,"Oct 17"
"1074","Lower","Perceptual",20,NA,2.01923238978901,0.5423,3.72346005861886,181518.8318,"Oct 17"
"1074","Lower","Adjusted",20,NA,1.63691092337723,0.5423,3.01846012055547,181518.8318,"Oct 17"
"1074","Higher","Perceptual",44,6.20905181852869,0.674568932661517,0.5423,1.2439036191435,181518.8318,"Oct 17"
"1074","Higher","Adjusted",44,6.20905181852869,1.55661976567434,0.5423,2.8704034034194,181518.8318,"Oct 17"
"1075","Lower","Perceptual",21,NA,0.580205467256331,0.5423,1.06989759774356,181518.8318,"Oct 17"
"1075","Lower","Adjusted",21,NA,0.938859412489223,0.5423,1.73125467912451,181518.8318,"Oct 17"
"1075","Higher","Perceptual",46,7.00086680663405,0.584187200727894,0.5423,1.07723990545435,181518.8318,"Oct 17"
"1075","Higher","Adjusted",46,7.00086680663405,0.982189309936894,0.5423,1.81115491413774,181518.8318,"Oct 17"
"1076","Lower","Perceptual",21,NA,1.08603835085711,0.5423,2.00265231579773,181518.8318,"Oct 17"
"1076","Lower","Adjusted",21,NA,0.999766757932525,0.5423,1.84356768934635,181518.8318,"Oct 17"
"1076","Higher","Perceptual",44,6.97930041019909,NA,0.5423,NA,181518.8318,"Oct 17"
"1076","Higher","Adjusted",44,6.97930041019909,NA,0.5423,NA,181518.8318,"Oct 17"
"1077","Lower","Perceptual",21,NA,1.90578591584785,0.5423,3.51426501170541,181518.8318,"Oct 17"
"1077","Lower","Adjusted",21,NA,NA,0.5423,NA,181518.8318,"Oct 17"
"1077","Higher","Perceptual",43,4.08908505216482,0.919728289724227,0.5423,1.69597693107916,181518.8318,"Oct 17"
"1077","Higher","Adjusted",43,4.08908505216482,1.33684087120779,0.5423,2.46513160834923,181518.8318,"Oct 17"
"1078","Lower","Perceptual",22,NA,0.739902101826902,0.5423,1.3643778385154,181518.8318,"Oct 17"
"1078","Lower","Adjusted",22,NA,1.10344016569742,0.5423,2.03474122385657,181518.8318,"Oct 17"
"1078","Higher","Perceptual",44,7.11325296032855,0.729634352133488,0.5423,1.3454441308012,181518.8318,"Oct 17"
"1078","Higher","Adjusted",44,7.11325296032855,1.05773819557891,0.5423,1.95046689208723,181518.8318,"Oct 17"
"1079","Lower","Perceptual",22,NA,1.09903628470716,0.5423,2.02662047705543,181518.8318,"Oct 17"
"1079","Lower","Adjusted",22,NA,1.01107575296194,0.5423,1.86442145115607,181518.8318,"Oct 17"
"1079","Higher","Perceptual",43,5.15931414810125,0.670772196376542,0.5423,1.23690244583541,181518.8318,"Oct 17"
"1079","Higher","Adjusted",43,5.15931414810125,1.10344016569742,0.5423,2.03474122385657,181518.8318,"Oct 17"
"1080","Lower","Perceptual",23,NA,1.28725434122201,0.5423,2.3736941567804,181518.8318,"Oct 17"
"1080","Lower","Adjusted",23,NA,0.906486324694338,0.5423,1.67155877686583,181518.8318,"Oct 17"
"1080","Higher","Perceptual",43,5.63243843051458,0.75115798905909,0.5423,1.38513366966456,181518.8318,"Oct 17"
"1080","Higher","Adjusted",43,5.63243843051458,1.14587739536697,0.5423,2.11299538146224,181518.8318,"Oct 17"
"54","Lower","Perceptual",23,NA,0.81245238826416,0.5423,1.49816040616662,181518.8318,"Oct 17"
"54","Lower","Adjusted",23,NA,1.14112303235912,0.5423,2.1042283465962,181518.8318,"Oct 17"
"54","Higher","Perceptual",44,2.84691061557146,0.964126918680438,0.5423,1.77784790462924,181518.8318,"Oct 17"
"54","Higher","Adjusted",44,2.84691061557146,1.1118436019162,0.5423,2.05023714164889,181518.8318,"Oct 17"
"1082","Lower","Perceptual",24,NA,1.17275112953019,0.5423,2.16255048779309,181518.8318,"Oct 17"
"1082","Lower","Adjusted",24,NA,1.20354323429684,0.5423,2.21933106084609,181518.8318,"Oct 17"
"1082","Higher","Perceptual",45,6.40329225441796,0.838042729434726,0.5423,1.54534893865891,181518.8318,"Oct 17"
"1082","Higher","Adjusted",45,6.40329225441796,1.33684087120779,0.5423,2.46513160834923,181518.8318,"Oct 17"
"32131","Lower","Perceptual",4,NA,1.51188422710866,0.4761,3.17556023337253,209084.4666,"Nov 15th"
"32131","Lower","Adjusted",4,NA,0.950844305128317,0.4761,1.99715249974442,209084.4666,"Nov 15th"
"32131","Higher","Perceptual",23,7.36356561087901,0.677124058646317,0.4761,1.4222307469992,209084.4666,"Nov 15th"
"32131","Higher","Adjusted",23,7.36356561087901,1.11723229910403,0.4761,2.34663368851928,209084.4666,"Nov 15th"
"31948","Lower","Perceptual",5,NA,1.60080734471083,0.4761,3.36233426740355,209084.4666,"Nov 15th"
"31948","Lower","Adjusted",5,NA,1.22226360887304,0.4761,2.56724135449074,209084.4666,"Nov 15th"
"31948","Higher","Perceptual",NA,NA,NA,0.4761,NA,209084.4666,"Nov 15th"
"31948","Higher","Adjusted",NA,NA,NA,0.4761,NA,209084.4666,"Nov 15th"
"1083","Lower","Perceptual",5,NA,1.47102704255262,0.4761,3.08974384069023,209084.4666,"Nov 15th"
"1083","Lower","Adjusted",5,NA,1.35249330026039,0.4761,2.84077567792562,209084.4666,"Nov 15th"
"1083","Higher","Perceptual",28,5.74679212468407,NA,0.4761,NA,209084.4666,"Nov 15th"
"1083","Higher","Adjusted",28,5.74679212468407,NA,0.4761,NA,209084.4666,"Nov 15th"
"32002","Lower","Perceptual",5,NA,0.913717249345349,0.4761,1.91917086608979,209084.4666,"Nov 15th"
"32002","Lower","Adjusted",5,NA,0.932249743207225,0.4761,1.95809649907,209084.4666,"Nov 15th"
"32002","Higher","Perceptual",NA,NA,NA,0.4761,NA,209084.4666,"Nov 15th"
"32002","Higher","Adjusted",NA,NA,NA,0.4761,NA,209084.4666,"Nov 15th"
"32245","Lower","Perceptual",6,NA,0.732624575536509,0.4761,1.53880398138313,209084.4666,"Nov 15th"
"32245","Lower","Adjusted",6,NA,1.27910846188978,0.4761,2.68663823123247,209084.4666,"Nov 15th"
"32245","Higher","Perceptual",23,NA,0.634654453103939,0.4761,1.33302762676736,209084.4666,"Nov 15th"
"32245","Higher","Adjusted",23,NA,1.10344016569742,0.4761,2.31766470425839,209084.4666,"Nov 15th"
"31924","Lower","Perceptual",6,NA,1.75966061702245,0.4761,3.69598953375855,209084.4666,"Nov 15th"
"31924","Lower","Adjusted",6,NA,1.05773819557891,0.4761,2.22167232845811,209084.4666,"Nov 15th"
"31924","Higher","Perceptual",24,8.43902109016502,1.21283939314558,0.4761,2.54744674048642,209084.4666,"Nov 15th"
"31924","Higher","Adjusted",24,8.43902109016502,1.16974819967417,0.4761,2.45693803754288,209084.4666,"Nov 15th"
"1084","Lower","Perceptual",6,NA,1.36366987990534,0.4761,2.86425095548276,209084.4666,"Nov 15th"
"1084","Lower","Adjusted",6,NA,1.51949465365048,0.4761,3.1915451662476,209084.4666,"Nov 15th"
"1084","Higher","Perceptual",25,3.77177400444726,1.4149602132169,0.4761,2.97198112416908,209084.4666,"Nov 15th"
"1084","Higher","Adjusted",25,3.77177400444726,1.70477302501102,0.4761,3.58070368622353,209084.4666,"Nov 15th"
"31504","Lower","Perceptual",7,NA,1.11843299459047,0.4761,2.34915562820935,209084.4666,"Nov 15th"
"31504","Lower","Adjusted",7,NA,1.03024497319474,0.4761,2.16392558957097,209084.4666,"Nov 15th"
"31504","Higher","Perceptual",23,7.34289163325494,0.52218576837107,0.4761,1.09679850529525,209084.4666,"Nov 15th"
"31504","Higher","Adjusted",23,7.34289163325494,0.971513853554409,0.4761,2.04056680015629,209084.4666,"Nov 15th"
"1085","Lower","Perceptual",7,NA,1.71523019789084,0.4761,3.60266792247603,209084.4666,"Nov 15th"
"1085","Lower","Adjusted",7,NA,1.35723460864245,0.4761,2.85073431766951,209084.4666,"Nov 15th"
"1085","Higher","Perceptual",NA,NA,NA,0.4761,NA,209084.4666,"Nov 15th"
"1085","Higher","Adjusted",NA,NA,NA,0.4761,NA,209084.4666,"Nov 15th"
"1066","Lower","Perceptual",9,NA,1.77231803439102,0.4761,3.72257516150184,209084.4666,"Nov 15th"
"1066","Lower","Adjusted",9,NA,1.63366995522942,0.4761,3.43135886416598,209084.4666,"Nov 15th"
"1066","Higher","Perceptual",24,6.1989570762612,1.4149602132169,0.4761,2.97198112416908,209084.4666,"Nov 15th"
"1066","Higher","Adjusted",24,6.1989570762612,1.07977311693455,0.4761,2.26795445690937,209084.4666,"Nov 15th"
"1072","Lower","Perceptual",10,NA,0.912986598751953,0.4761,1.91763620825867,209084.4666,"Nov 15th"
"1072","Lower","Adjusted",10,NA,1.2340152393139,0.4761,2.59192446820814,209084.4666,"Nov 15th"
"1072","Higher","Perceptual",22,NA,1.0279261189529,0.4761,2.15905507026444,209084.4666,"Nov 15th"
"1072","Higher","Adjusted",22,NA,1.27608052014661,0.4761,2.68027834519346,209084.4666,"Nov 15th"
"1056","Lower","Perceptual",11,NA,0.738803762095228,0.4761,1.55178273912041,209084.4666,"Nov 15th"
"1056","Lower","Adjusted",11,NA,0.955928798766381,0.4761,2.00783196548284,209084.4666,"Nov 15th"
"1056","Higher","Perceptual",24,10.1689330178745,0.710748656770106,0.4761,1.49285582182337,209084.4666,"Nov 15th"
"1056","Higher","Adjusted",24,10.1689330178745,1.01567131169022,0.4761,2.13331508441551,209084.4666,"Nov 15th"
"1087","Lower","Perceptual",13,NA,1.98667070455893,0.4761,4.17280131182301,209084.4666,"Nov 15th"
"1087","Lower","Adjusted",13,NA,1.32111473342657,0.4761,2.77486816514717,209084.4666,"Nov 15th"
"1087","Higher","Perceptual",NA,7.92784819653477,1.48233192547313,0.4761,3.11348860632878,209084.4666,"Nov 15th"
"1087","Higher","Adjusted",NA,7.92784819653477,1.625492151901,0.4761,3.41418221361268,209084.4666,"Nov 15th"
"1088","Lower","Perceptual",14,NA,2.14833999674524,0.4761,4.51237134372031,209084.4666,"Nov 15th"
"1088","Lower","Adjusted",14,NA,1.38410795292895,0.4761,2.90717906517318,209084.4666,"Nov 15th"
"1088","Higher","Perceptual",30,3.50957093437918,0.738803762095228,0.4761,1.55178273912041,209084.4666,"Nov 15th"
"1088","Higher","Adjusted",30,3.50957093437918,1.03978375730432,0.4761,2.18396084289922,209084.4666,"Nov 15th"
"1089","Lower","Perceptual",14,NA,1.37334778162488,0.4761,2.8845784113104,209084.4666,"Nov 15th"
"1089","Lower","Adjusted",14,NA,0.884946922429134,0.4761,1.85874169802381,209084.4666,"Nov 15th"
"1089","Higher","Perceptual",NA,9.2698279809615,1.21327705058698,0.4761,2.54836599577185,209084.4666,"Nov 15th"
"1089","Higher","Adjusted",NA,9.2698279809615,0.916712916000863,0.4761,1.92546296156451,209084.4666,"Nov 15th"
"1090","Lower","Perceptual",13,NA,1.09869716218595,0.4761,2.30770250406627,209084.4666,"Nov 15th"
"1090","Lower","Adjusted",13,NA,1.37053956755001,0.4761,2.87868004106283,209084.4666,"Nov 15th"
"1090","Higher","Perceptual",29,7.99538750636292,1.3955974191686,0.4761,2.93131152944465,209084.4666,"Nov 15th"
"1090","Higher","Adjusted",29,7.99538750636292,1.75530785840962,0.4761,3.68684700359088,209084.4666,"Nov 15th"
"1082","Lower","Perceptual",15,NA,1.01302942083891,0.4761,2.12776605931299,209084.4666,"Nov 15th"
"1082","Lower","Adjusted",15,NA,1.00265055352368,0.4761,2.10596629599597,209084.4666,"Nov 15th"
"1082","Higher","Perceptual",31,8.06652380790842,0.884803314550749,0.4761,1.85844006416877,209084.4666,"Nov 15th"
"1082","Higher","Adjusted",31,8.06652380790842,1.05773819557891,0.4761,2.22167232845811,209084.4666,"Nov 15th"
"1091","Lower","Perceptual",16,NA,2.81213724254563,0.4761,5.90661046533424,209084.4666,"Nov 15th"
"1091","Lower","Adjusted",16,NA,1.45618934029784,0.4761,3.05857874458693,209084.4666,"Nov 15th"
"1091","Higher","Perceptual",NA,1.13526811696226,1.27087245618219,0.4761,2.66933933245577,209084.4666,"Nov 15th"
"1091","Higher","Adjusted",NA,1.13526811696226,1.42647429247901,0.4761,2.99616528561018,209084.4666,"Nov 15th"
"1092","Lower","Perceptual",17,NA,1.79218337492071,0.4761,3.76430030439133,209084.4666,"Nov 15th"
"1092","Lower","Adjusted",17,NA,2.8525066259211,0.4761,5.99140228086768,209084.4666,"Nov 15th"
"1092","Higher","Perceptual",32,2.20970613563531,1.64236654717519,0.4761,3.4496251778517,209084.4666,"Nov 15th"
"1092","Higher","Adjusted",32,2.20970613563531,2.17697768372939,0.4761,4.57252191499556,209084.4666,"Nov 15th"
"31459","Lower","Perceptual",17,NA,1.16201541492958,0.4761,2.4406961036118,209084.4666,"Nov 15th"
"31459","Lower","Adjusted",17,NA,0.912036007307599,0.4761,1.91563958686746,209084.4666,"Nov 15th"
"31459","Higher","Perceptual",NA,NA,0.90562411142188,0.4761,1.90217204667482,209084.4666,"Nov 15th"
"31459","Higher","Adjusted",NA,NA,0.931035929808642,0.4761,1.95554700652939,209084.4666,"Nov 15th"
"5000","Lower","Perceptual",5,7.29722503843956,1.61266361705449,0.5251,3.07115524101027,379146.9623,"Jan 12th"
"5000","Lower","Adjusted",5,7.29722503843956,0.788183478858483,0.5251,1.50101595669107,379146.9623,"Jan 12th"
"5000","Higher","Perceptual",18,6.8223852368642,0.76068172894929,0.5251,1.4486416472087,379146.9623,"Jan 12th"
"5000","Higher","Adjusted",18,6.8223852368642,1.25884254191973,0.5251,2.39733868200291,379146.9623,"Jan 12th"
"6875341","Lower","Perceptual",6,7.49203812826558,0.981040606673591,0.5251,1.86829290930031,379146.9623,"Jan 12th"
"6875341","Lower","Adjusted",6,7.49203812826558,0.981040606673591,0.5251,1.86829290930031,379146.9623,"Jan 12th"
"6875341","Higher","Perceptual",17,8.62435919941237,0.729209168771621,0.5251,1.38870532997833,379146.9623,"Jan 12th"
"6875341","Higher","Adjusted",17,8.62435919941237,0.827591315087436,0.5251,1.57606420698426,379146.9623,"Jan 12th"
"32437","Lower","Perceptual",6,10.0554794518026,1.05773819557891,0.5251,2.01435573334395,379146.9623,"Jan 12th"
"32437","Lower","Adjusted",6,10.0554794518026,1.05773819557891,0.5251,2.01435573334395,379146.9623,"Jan 12th"
"32437","Higher","Perceptual",20,9.06273381210528,0.49989289178231,0.5251,0.951995604232165,379146.9623,"Jan 12th"
"32437","Higher","Adjusted",20,9.06273381210528,0.84639953212337,0.5251,1.61188255974742,379146.9623,"Jan 12th"
"6875476","Lower","Perceptual",7,8.00046339197972,0.90484657863897,0.5251,1.72318906615687,379146.9623,"Jan 12th"
"6875476","Lower","Adjusted",7,8.00046339197972,0.90484657863897,0.5251,1.72318906615687,379146.9623,"Jan 12th"
"6875476","Higher","Perceptual",21,8.80888582669953,0.364608275568288,0.5251,0.694359694473981,379146.9623,"Jan 12th"
"6875476","Higher","Adjusted",21,8.80888582669953,1.12249365388949,0.5251,2.13767597388971,379146.9623,"Jan 12th"
"6873834","Lower","Perceptual",7,3.11460614944085,2.73971079323711,0.5251,5.21750293893946,379146.9623,"Jan 12th"
"6873834","Lower","Adjusted",7,3.11460614944085,2.73971079323711,0.5251,5.21750293893946,379146.9623,"Jan 12th"
"6873834","Higher","Perceptual",21,7.09612631986242,2.3796364122315,0.5251,4.53177758947152,379146.9623,"Jan 12th"
"6873834","Higher","Adjusted",21,7.09612631986242,3.03845514949273,0.5251,5.78643144066413,379146.9623,"Jan 12th"
"5001","Lower","Perceptual",7,8.96730566383484,1.13542935234248,0.5251,2.16231070718432,379146.9623,"Jan 12th"
"5001","Lower","Adjusted",7,8.96730566383484,1.13542935234248,0.5251,2.16231070718432,379146.9623,"Jan 12th"
"5001","Higher","Perceptual",21,8.64394356966555,0.506694067560163,0.5251,0.964947757684562,379146.9623,"Jan 12th"
"5001","Higher","Adjusted",21,8.64394356966555,0.940835869889668,0.5251,1.79172704225798,379146.9623,"Jan 12th"
"5002","Lower","Perceptual",8,6.59076055509138,0.982189309936894,0.5251,1.8704804988324,379146.9623,"Jan 12th"
"5002","Lower","Adjusted",8,6.59076055509138,0.982189309936894,0.5251,1.8704804988324,379146.9623,"Jan 12th"
"5002","Higher","Perceptual",20,9.38295510309767,0.957523618089764,0.5251,1.82350717594699,379146.9623,"Jan 12th"
"5002","Higher","Adjusted",20,9.38295510309767,0.808868158815919,0.5251,1.54040784386959,379146.9623,"Jan 12th"
"5003","Lower","Perceptual",8,8.44821505910508,1.68735647370734,0.5251,3.21340025463216,379146.9623,"Jan 12th"
"5003","Lower","Adjusted",8,8.44821505910508,1.68735647370734,0.5251,3.21340025463216,379146.9623,"Jan 12th"
"5003","Higher","Perceptual",21,13.0119605506224,1.36332429464905,0.5251,2.59631364435165,379146.9623,"Jan 12th"
"5003","Higher","Adjusted",21,13.0119605506224,1.45618934029784,0.5251,2.77316575947027,379146.9623,"Jan 12th"
"5004","Lower","Perceptual",9,8.61120161448635,0.539738859056607,0.5251,1.02787823092098,379146.9623,"Jan 12th"
"5004","Lower","Adjusted",9,8.61120161448635,0.539738859056607,0.5251,1.02787823092098,379146.9623,"Jan 12th"
"5004","Higher","Perceptual",22,9.70699575227043,0.585143300652731,0.5251,1.11434641145064,379146.9623,"Jan 12th"
"5004","Higher","Adjusted",22,9.70699575227043,1.06456192159728,0.5251,2.0273508314555,379146.9623,"Jan 12th"
"5005","Lower","Perceptual",9,5.54544646630567,2.24172275062063,0.5251,4.26913492786257,379146.9623,"Jan 12th"
"5005","Lower","Adjusted",9,5.54544646630567,2.24172275062063,0.5251,4.26913492786257,379146.9623,"Jan 12th"
"5005","Higher","Perceptual",24,8.24114043883764,1.57761019122472,0.5251,3.00439952623257,379146.9623,"Jan 12th"
"5005","Higher","Adjusted",24,8.24114043883764,2.09846473473204,0.5251,3.99631448244532,379146.9623,"Jan 12th"
"5006","Lower","Perceptual",10,6.8776407147479,1.06456192159728,0.5251,2.0273508314555,379146.9623,"Jan 12th"
"5006","Lower","Adjusted",10,6.8776407147479,1.06456192159728,0.5251,2.0273508314555,379146.9623,"Jan 12th"
"5006","Higher","Perceptual",19,7.32165514622569,0.890438778312539,0.5251,1.69575086328802,379146.9623,"Jan 12th"
"5006","Higher","Adjusted",19,7.32165514622569,1.29440514759931,0.5251,2.46506407845993,379146.9623,"Jan 12th"
"5007","Lower","Perceptual",NA,7.66595019996133,NA,0.5251,NA,379146.9623,"Jan 12th"
"5007","Lower","Adjusted",NA,7.66595019996133,NA,0.5251,NA,379146.9623,"Jan 12th"
"5007","Higher","Perceptual",29,7.96033066612742,0.906639570425287,0.5251,1.72660363821232,379146.9623,"Jan 12th"
"5007","Higher","Adjusted",29,7.96033066612742,1.07536613899954,0.5251,2.04792637402312,379146.9623,"Jan 12th"
"5008","Lower","Perceptual",10,7.05602640238817,0.812786962572855,0.5251,1.54787081046059,379146.9623,"Jan 12th"
"5008","Lower","Adjusted",10,7.05602640238817,1.26578550491551,0.5251,2.41056085491432,379146.9623,"Jan 12th"
"5008","Higher","Perceptual",NA,NA,NA,0.5251,NA,379146.9623,"Jan 12th"
"5008","Higher","Adjusted",NA,NA,NA,0.5251,NA,379146.9623,"Jan 12th"
"5009","Lower","Perceptual",11,8.69866746943622,1.12249365388949,0.5251,2.13767597388971,379146.9623,"Jan 12th"
"5009","Lower","Adjusted",11,8.69866746943622,1.12249365388949,0.5251,2.13767597388971,379146.9623,"Jan 12th"
"5009","Higher","Perceptual",22,9.12185675411385,0.790830598396201,0.5251,1.50605712892059,379146.9623,"Jan 12th"
"5009","Higher","Adjusted",22,9.12185675411385,0.798035455758009,0.5251,1.51977805324321,379146.9623,"Jan 12th"
"5010","Lower","Perceptual",11,9.31007133510914,1.13797531399819,0.5251,2.16715923442809,379146.9623,"Jan 12th"
"5010","Lower","Adjusted",11,9.31007133510914,1.69899171542462,0.5251,3.23555839920895,379146.9623,"Jan 12th"
"5010","Higher","Perceptual",25,10.3815816989624,0.970821925241984,0.5251,1.84883246094455,379146.9623,"Jan 12th"
"5010","Higher","Adjusted",25,10.3815816989624,0.901685460893871,0.5251,1.71716903617191,379146.9623,"Jan 12th"
"5011","Lower","Perceptual",11,7.83511330633456,1.07847694728465,0.5251,2.05385059471463,379146.9623,"Jan 12th"
"5011","Lower","Adjusted",11,7.83511330633456,1.82731832574788,0.5251,3.47994348837912,379146.9623,"Jan 12th"
"5011","Higher","Perceptual",23,8.84506232814887,1.78515884839438,0.5251,3.39965501503404,379146.9623,"Jan 12th"
"5011","Higher","Adjusted",23,8.84506232814887,1.2044216683334,0.5251,2.2936996159463,379146.9623,"Jan 12th"
"5012","Lower","Perceptual",12,8.40784885629873,1.12517011100173,0.5251,2.14277301657156,379146.9623,"Jan 12th"
"5012","Lower","Adjusted",12,8.40784885629873,1.12517011100173,0.5251,2.14277301657156,379146.9623,"Jan 12th"
"5012","Higher","Perceptual",23,7.19463311021666,1.08277496964194,0.5251,2.06203574489038,379146.9623,"Jan 12th"
"5012","Higher","Adjusted",23,7.19463311021666,1.07977311693455,0.5251,2.0563190191098,379146.9623,"Jan 12th"
"5013","Lower","Perceptual",12,4.66797270631867,1.27058902397887,0.5251,2.41970867259354,379146.9623,"Jan 12th"
"5013","Lower","Adjusted",12,4.66797270631867,2.10450628382607,0.5251,4.00782000347757,379146.9623,"Jan 12th"
"5013","Higher","Perceptual",27,9.19275220515965,1.74718269545507,0.5251,3.327333261198,379146.9623,"Jan 12th"
"5013","Higher","Adjusted",27,9.19275220515965,1.76469305139837,0.5251,3.36067996838387,379146.9623,"Jan 12th"
"5014","Lower","Perceptual",12,10.5489698464794,1.16736112377781,0.5251,2.22312154594898,379146.9623,"Jan 12th"
"5014","Lower","Adjusted",12,10.5489698464794,1.36071080534582,0.5251,2.59133651751252,379146.9623,"Jan 12th"
"5014","Higher","Perceptual",28,11.2820532531518,1.07496419948541,0.5251,2.04716092074921,379146.9623,"Jan 12th"
"5014","Higher","Adjusted",28,11.2820532531518,0.961067960553996,0.5251,1.83025701876594,379146.9623,"Jan 12th"
"5015","Lower","Perceptual",13,8.58488576249811,1.48103291865042,0.5251,2.8204778492676,379146.9623,"Jan 12th"
"5015","Lower","Adjusted",13,8.58488576249811,1.12249365388949,0.5251,2.13767597388971,379146.9623,"Jan 12th"
"5015","Higher","Perceptual",28,9.94590331000374,0.913717249345349,0.5251,1.74008236401704,379146.9623,"Jan 12th"
"5015","Higher","Adjusted",28,9.94590331000374,1.09532713108649,0.5251,2.08594007062749,379146.9623,"Jan 12th"
"5016","Lower","Perceptual",13,9.02961455823878,1.46115545153287,0.5251,2.78262321754498,379146.9623,"Jan 12th"
"5016","Lower","Adjusted",13,9.02961455823878,2.53751901192342,0.5251,4.83244908002937,379146.9623,"Jan 12th"
"5016","Higher","Perceptual",28,10.3041634044125,2.13352729449199,0.5251,4.063087591872,379146.9623,"Jan 12th"
"5016","Higher","Adjusted",28,10.3041634044125,1.1229613296417,0.5251,2.13856661520034,379146.9623,"Jan 12th"
"32614","Lower","Perceptual",14,8.36225629726949,1.53973140428729,0.5251,2.93226319612891,379146.9623,"Jan 12th"
"32614","Lower","Adjusted",14,8.36225629726949,1.03129618683986,0.5251,1.96399959405801,379146.9623,"Jan 12th"
"32614","Higher","Perceptual",29,10.0375306821622,0.919728289724227,0.5251,1.75152978427771,379146.9623,"Jan 12th"
"32614","Higher","Adjusted",29,10.0375306821622,1.09532713108649,0.5251,2.08594007062749,379146.9623,"Jan 12th"
"5018","Lower","Perceptual",15,9.05641398803123,1.9969649918728,0.5251,3.80301845719443,379146.9623,"Jan 12th"
"5018","Lower","Adjusted",15,9.05641398803123,1.75966061702245,0.5251,3.35109620457522,379146.9623,"Jan 12th"
"5018","Higher","Perceptual",25,10.6913652526027,0.728519301684818,0.5251,1.38739154767629,379146.9623,"Jan 12th"
"5018","Higher","Adjusted",25,10.6913652526027,0.932249743207225,0.5251,1.77537562979856,379146.9623,"Jan 12th"
"5019","Lower","Perceptual",16,9.01596256356655,2.07626410144454,0.5251,3.95403561501531,379146.9623,"Jan 12th"
"5019","Lower","Adjusted",16,9.01596256356655,0.599869795834209,0.5251,1.14239153653439,379146.9623,"Jan 12th"
"5019","Higher","Perceptual",26,8.66538182101594,0.413801053372908,0.5251,0.78804237930472,379146.9623,"Jan 12th"
"5019","Higher","Adjusted",26,8.66538182101594,0.859420578802087,0.5251,1.63667983013157,379146.9623,"Jan 12th"
"5020","Lower","Perceptual",16,6.44085386066436,1.99590916901365,0.5251,3.80100774902618,379146.9623,"Jan 12th"
"5020","Lower","Adjusted",16,6.44085386066436,1.20501520157341,0.5251,2.29482994015123,379146.9623,"Jan 12th"
"5020","Higher","Perceptual",30,6.66431910641871,0.748342400000073,0.5251,1.42514263949738,379146.9623,"Jan 12th"
"5020","Higher","Adjusted",30,6.66431910641871,1.27608052014661,0.5251,2.43016667329386,379146.9623,"Jan 12th"
"5021","Lower","Perceptual",17,8.4575265831718,2.3854733028007,0.5251,4.54289335898058,379146.9623,"Jan 12th"
"5021","Lower","Adjusted",17,8.4575265831718,1.37358696697463,0.5251,2.61585786892902,379146.9623,"Jan 12th"
"5021","Higher","Perceptual",30,9.13490344424154,0.753678580881378,0.5251,1.43530485789636,379146.9623,"Jan 12th"
"5021","Higher","Adjusted",30,9.13490344424154,1.26887161665177,0.5251,2.41643804351888,379146.9623,"Jan 12th"
"5022","Lower","Perceptual",17,8.07542124195425,2.66256401725074,0.5251,5.07058468339506,379146.9623,"Jan 12th"
"5022","Lower","Adjusted",17,8.07542124195425,1.31532421137466,0.5251,2.50490232598488,379146.9623,"Jan 12th"
"5022","Higher","Perceptual",28,10.6187166816284,1.14587739536697,0.5251,2.18220795156536,379146.9623,"Jan 12th"
"5022","Higher","Adjusted",28,10.6187166816284,1.14587739536697,0.5251,2.18220795156536,379146.9623,"Jan 12th"
"5023","Lower","Perceptual",5,7.80411701932268,3.1244498336848,0.5282,5.9152779888012,376953.4,"Jan 13th"
"5023","Lower","Adjusted",5,7.80411701932268,3.1244498336848,0.5282,5.9152779888012,376953.4,"Jan 13th"
"5023","Higher","Perceptual",21,7.87880553035383,2.30223086573137,0.5282,4.35863473254709,376953.4,"Jan 13th"
"5023","Higher","Adjusted",21,7.87880553035383,1.4120669272602,0.5282,2.67335654536198,376953.4,"Jan 13th"
"32329","Lower","Perceptual",5,8.06965153570079,2.21928872247381,0.5282,4.20160682028362,376953.4,"Jan 13th"
"32329","Lower","Adjusted",5,8.06965153570079,2.21928872247381,0.5282,4.20160682028362,376953.4,"Jan 13th"
"32329","Higher","Perceptual",19,8.88130592246731,1.60195238222086,0.5282,3.03285191635907,376953.4,"Jan 13th"
"32329","Higher","Adjusted",19,8.88130592246731,1.20883314261618,0.5282,2.28858981941722,376953.4,"Jan 13th"
"5025","Lower","Perceptual",6,7.44007786044298,1.48233192547313,0.5282,2.80638380437927,376953.4,"Jan 13th"
"5025","Lower","Adjusted",6,7.44007786044298,1.48233192547313,0.5282,2.80638380437927,376953.4,"Jan 13th"
"5025","Higher","Perceptual",18,9.02528911849337,1.19484303828785,0.5282,2.26210344242304,376953.4,"Jan 13th"
"5025","Higher","Adjusted",18,9.02528911849337,1.40529772290004,0.5282,2.66054093695578,376953.4,"Jan 13th"
"5026","Lower","Perceptual",6,7.48667662513042,2.15542855826005,0.5282,4.08070533559268,376953.4,"Jan 13th"
"5026","Lower","Adjusted",6,7.48667662513042,2.15542855826005,0.5282,4.08070533559268,376953.4,"Jan 13th"
"5026","Higher","Perceptual",18,7.42909295572713,1.92542951444935,0.5282,3.64526602508397,376953.4,"Jan 13th"
"5026","Higher","Adjusted",18,7.42909295572713,0.982189309936894,0.5282,1.85950266932392,376953.4,"Jan 13th"
"5027","Lower","Perceptual",7,5.32898022919272,3.75251949000254,0.5282,7.10435344566933,376953.4,"Jan 13th"
"5027","Lower","Adjusted",7,5.32898022919272,3.75251949000254,0.5282,7.10435344566933,376953.4,"Jan 13th"
"5027","Higher","Perceptual",20,5.72481045222349,2.84837463649157,0.5282,5.39260627885569,376953.4,"Jan 13th"
"5027","Higher","Adjusted",20,5.72481045222349,1.34418547878036,0.5282,2.54484187576743,376953.4,"Jan 13th"
"5028","Lower","Perceptual",7,5.94640202387103,1.06403389544809,0.5282,2.01445266082561,376953.4,"Jan 13th"
"5028","Lower","Adjusted",7,5.94640202387103,1.06403389544809,0.5282,2.01445266082561,376953.4,"Jan 13th"
"5028","Higher","Perceptual",19,8.06462622435495,0.812544709304735,0.5282,1.53832773438988,376953.4,"Jan 13th"
"5028","Higher","Adjusted",19,8.06462622435495,0.950844305128317,0.5282,1.80015960834592,376953.4,"Jan 13th"
"5029","Lower","Perceptual",8,1.95992763596768,1.60195238222086,0.5282,3.03285191635907,376953.4,"Jan 13th"
"5029","Lower","Adjusted",8,1.95992763596768,1.60195238222086,0.5282,3.03285191635907,376953.4,"Jan 13th"
"5029","Higher","Perceptual",NA,NA,NA,0.5282,NA,376953.4,"Jan 13th"
"5029","Higher","Adjusted",NA,NA,NA,0.5282,NA,376953.4,"Jan 13th"
"5030","Lower","Perceptual",8,4.32048715992608,2.03458955947317,0.5282,3.85193025269438,376953.4,"Jan 13th"
"5030","Lower","Adjusted",8,4.32048715992608,2.03458955947317,0.5282,3.85193025269438,376953.4,"Jan 13th"
"5030","Higher","Perceptual",22,5.79884030091255,0.848005544761805,0.5282,1.60546297758767,376953.4,"Jan 13th"
"5030","Higher","Adjusted",22,5.79884030091255,1.13137356683178,0.5282,2.14194162595945,376953.4,"Jan 13th"
"5031","Lower","Perceptual",9,7.50467275521948,1.12739670426841,0.5282,2.13441254121243,376953.4,"Jan 13th"
"5031","Lower","Adjusted",9,7.50467275521948,1.12739670426841,0.5282,2.13441254121243,376953.4,"Jan 13th"
"5031","Higher","Perceptual",24,7.47320620664499,0.920469774871083,0.5282,1.74265387139546,376953.4,"Jan 13th"
"5031","Higher","Adjusted",24,7.47320620664499,0.940835869889668,0.5282,1.78121141592137,376953.4,"Jan 13th"
"5032","Lower","Perceptual",12,7.68883077419714,0.956568186329096,0.5282,1.81099618767341,376953.4,"Jan 13th"
"5032","Lower","Adjusted",12,7.68883077419714,0.956568186329096,0.5282,1.81099618767341,376953.4,"Jan 13th"
"5032","Higher","Perceptual",24,9.26075540353676,0.703781828483644,0.5282,1.33241542689066,376953.4,"Jan 13th"
"5032","Higher","Adjusted",24,9.26075540353676,0.792375810886694,0.5282,1.50014352685857,376953.4,"Jan 13th"
"5034","Lower","Perceptual",12,9.19493751921585,0.964958740389652,0.5282,1.82688137143062,376953.4,"Jan 13th"
"5034","Lower","Adjusted",12,9.19493751921585,0.964958740389652,0.5282,1.82688137143062,376953.4,"Jan 13th"
"5034","Higher","Perceptual",23,10.0425454700882,0.689663093023205,0.5282,1.30568552257328,376953.4,"Jan 13th"
"5034","Higher","Adjusted",23,10.0425454700882,1.16378050803425,0.5282,2.20329516856162,376953.4,"Jan 13th"
"5033","Lower","Perceptual",13,10.1676149887274,0.863827697283068,0.5282,1.63541782900997,376953.4,"Jan 13th"
"5033","Lower","Adjusted",13,10.1676149887274,0.863827697283068,0.5282,1.63541782900997,376953.4,"Jan 13th"
"5033","Higher","Perceptual",26,7.32844918372602,0.80667815502526,0.5282,1.52722104321329,376953.4,"Jan 13th"
"5033","Higher","Adjusted",26,7.32844918372602,1.00265055352368,0.5282,1.89824035123757,376953.4,"Jan 13th"
"5035","Lower","Perceptual",14,8.29451303345249,1.33068086928785,0.5282,2.51927464840561,376953.4,"Jan 13th"
"5035","Lower","Adjusted",14,8.29451303345249,1.33068086928785,0.5282,2.51927464840561,376953.4,"Jan 13th"
"5035","Higher","Perceptual",26,6.92036645797291,1.32131858322326,0.5282,2.50154975998345,376953.4,"Jan 13th"
"5035","Higher","Adjusted",26,6.92036645797291,1.75530785840962,0.5282,3.323187918231,376953.4,"Jan 13th"
"5036","Lower","Perceptual",14,8.68044674252444,1.88651899391201,0.5282,3.57159976128742,376953.4,"Jan 13th"
"5036","Lower","Adjusted",14,8.68044674252444,1.88651899391201,0.5282,3.57159976128742,376953.4,"Jan 13th"
"5036","Higher","Perceptual",25,8.72073154036485,1.6499234413323,0.5282,3.1236717935106,376953.4,"Jan 13th"
"5036","Higher","Adjusted",25,8.72073154036485,0.884946922429134,0.5282,1.67540121626114,376953.4,"Jan 13th"
"5037","Lower","Perceptual",14,10.7850895302836,0.723726539416115,0.5282,1.37017519768291,376953.4,"Jan 13th"
"5037","Lower","Adjusted",14,10.7850895302836,0.723726539416115,0.5282,1.37017519768291,376953.4,"Jan 13th"
"5037","Higher","Perceptual",27,11.4046951963464,0.736649874695022,0.5282,1.39464194376188,376953.4,"Jan 13th"
"5037","Higher","Adjusted",27,11.4046951963464,1.19170925002044,0.5282,2.2561704847036,376953.4,"Jan 13th"
"5038","Lower","Perceptual",16,7.84388501274457,1.36366987990534,0.5282,2.58173017778369,376953.4,"Jan 13th"
"5038","Lower","Adjusted",16,7.84388501274457,1.36366987990534,0.5282,2.58173017778369,376953.4,"Jan 13th"
"5038","Higher","Perceptual",32,10.2758411876454,1.1591785524569,0.5282,2.19458264380329,376953.4,"Jan 13th"
"5038","Higher","Adjusted",32,10.2758411876454,1.38634875116186,0.5282,2.62466632177559,376953.4,"Jan 13th"
"5039","Lower","Perceptual",16,4.82796189344729,2.45515766426909,0.5282,4.64815915234587,376953.4,"Jan 13th"
"5039","Lower","Adjusted",16,4.82796189344729,2.45515766426909,0.5282,4.64815915234587,376953.4,"Jan 13th"
"5039","Higher","Perceptual",27,5.91744429356151,2.22586176752789,0.5282,4.21405105552422,376953.4,"Jan 13th"
"5039","Higher","Adjusted",27,5.91744429356151,3.46896601731249,0.5282,6.56752369805469,376953.4,"Jan 13th"
"5040","Lower","Perceptual",17,7.77308780115102,1.99726527170659,0.5282,3.78126708009578,376953.4,"Jan 13th"
"5040","Lower","Adjusted",17,7.77308780115102,1.99726527170659,0.5282,3.78126708009578,376953.4,"Jan 13th"
"5040","Higher","Perceptual",31,7.87538210385492,1.34418547878036,0.5282,2.54484187576743,376953.4,"Jan 13th"
"5040","Higher","Adjusted",31,7.87538210385492,1.89678161232228,0.5282,3.59102917895168,376953.4,"Jan 13th"
