Initials,ID,Age,Date,Time,Task,Reported_Visual_Angle,Real_Visual_Angle,Diameter,Distance,Elevation,Ratio_Visual_Angle
EGB,1,,9/10/38,,Binocular,4.4,0.51250335,3476,388600,4.4,8.585309741
EGB,1,,9/10/38,,Binocular,3.7,0.51250335,3476,388600,17,7.219465009
EGB,1,,9/10/38,,Binocular,2.9,0.51250335,3476,388600,23,5.658499602
EGB,1,,9/10/38,,Binocular,2.2,0.51250335,3476,388600,34,4.29265487
EGB,1,,9/10/38,,Binocular,2.2,0.51250335,3476,388600,51,4.29265487
EGB,1,,09-11-1398,,Binocular,3.8,0.517161198,3476,385100,3,7.3478057
EGB,1,,09-11-1398,,Binocular,3.5,0.517161198,3476,385100,8,6.767715776
EGB,1,,09-11-1398,,Binocular,2.4,0.517161198,3476,385100,27,4.64071939
EGB,1,,09-11-1398,,Binocular,2.3,0.517161198,3476,385100,30,4.447356082
EGB,1,,09-11-1398,,Binocular,2.2,0.517161198,3476,385100,52,4.253992774
EGB,1,,09-11-1398,,Binocular,2,0.517161198,3476,385100,55,3.867266158
AHH,2,,9/10/38,,Binocular,5,0.51250335,3476,388600,2,9.756033797
AHH,2,,9/10/38,,Binocular,4.3,0.51250335,3476,388600,13,8.390189065
AHH,2,,9/10/38,,Binocular,4,0.51250335,3476,388600,20,7.804827037
AHH,2,,9/10/38,,Binocular,3.6,0.51250335,3476,388600,31,7.024344333
AHH,2,,9/10/38,,Binocular,3.3,0.51250335,3476,388600,51,6.438982306
AHH,2,,09-11-1398,,Binocular,5.3,0.517161198,3476,385100,2,10.24825532
AHH,2,,09-11-1398,,Binocular,5,0.517161198,3476,385100,7,9.668165395
AHH,2,,09-11-1398,,Binocular,3.7,0.517161198,3476,385100,26,7.154442392
AHH,2,,09-11-1398,,Binocular,3.7,0.517161198,3476,385100,28,7.154442392
AHH,2,,09-11-1398,,Binocular,3.1,0.517161198,3476,385100,53,5.994262545
AHH,2,,09-11-1398,,Binocular,3.1,0.517161198,3476,385100,55,5.994262545
LMH,3,,9/10/38,,Binocular,5.8,0.51250335,3476,388600,5,11.3169992
LMH,3,,9/10/38,,Binocular,5.2,0.51250335,3476,388600,16,10.14627515
LMH,3,,9/10/38,,Binocular,4.8,0.51250335,3476,388600,22,9.365792445
LMH,3,,9/10/38,,Binocular,4.4,0.51250335,3476,388600,32,8.585309741
LMH,3,,9/10/38,,Binocular,4.7,0.51250335,3476,388600,51,9.170671769
LMH,3,,09-11-1398,,Binocular,6.8,0.517161198,3476,385100,1,13.14870494
LMH,3,,09-11-1398,,Binocular,6.2,0.517161198,3476,385100,5,11.98852509
LMH,3,,09-11-1398,,Binocular,5.3,0.517161198,3476,385100,25,10.24825532
LMH,3,,09-11-1398,,Binocular,4.5,0.517161198,3476,385100,28,8.701348855
LMH,3,,09-11-1398,,Binocular,4.2,0.517161198,3476,385100,53,8.121258932
LMH,3,,09-11-1398,,Binocular,4.1,0.517161198,3476,385100,55,7.927895624
EGB,1,,6/9/41,,Binocular,3.8,0.547139055,3476,364000,2,6.945217972
EGB,1,,6/9/41,,Binocular,3.3,0.547139055,3476,364000,6,6.031373502
EGB,1,,6/9/41,,Binocular,2.8,0.547139055,3476,364000,9.5,5.117529032
EGB,1,,6/9/41,,Binocular,2.5,0.547139055,3476,364000,13,4.56922235
EGB,1,,6/9/41,,Binocular,2.7,0.547139055,3476,364000,18.5,4.934760138
EGB,1,,6/9/41,,Binocular,2.2,0.547139055,3476,364000,23.5,4.020915668
EGB,1,,6/9/41,,Binocular,2,0.547139055,3476,364000,27,3.65537788
Ve,4,,6/9/41,,Binocular,2.5,0.547139055,3476,364000,3,4.56922235
Ve,4,,6/9/41,,Binocular,2.2,0.547139055,3476,364000,7,4.020915668
Ve,4,,6/9/41,,Binocular,1.7,0.547139055,3476,364000,10.5,3.107071198
Ve,4,,6/9/41,,Binocular,1.6,0.547139055,3476,364000,14,2.924302304
Ve,4,,6/9/41,,Binocular,1.4,0.547139055,3476,364000,19,2.558764516
Ve,4,,6/9/41,,Binocular,1.3,0.547139055,3476,364000,24,2.375995622
Ve,4,,6/9/41,,Binocular,1.3,0.547139055,3476,364000,27.5,2.375995622
EGB,1,,6/9/41,,Monocular,2.4,0.547139055,3476,364000,4,4.386453456
EGB,1,,6/9/41,,Monocular,2.5,0.547139055,3476,364000,8,4.56922235
EGB,1,,6/9/41,,Monocular,2.2,0.547139055,3476,364000,11.5,4.020915668
EGB,1,,6/9/41,,Monocular,1.9,0.547139055,3476,364000,15.5,3.472608986
EGB,1,,6/9/41,,Monocular,2.1,0.547139055,3476,364000,21,3.838146774
EGB,1,,6/9/41,,Monocular,2,0.547139055,3476,364000,25,3.65537788
EGB,1,,7/9/41,,Monocular,1.6,0.5299297,3476,375821,2.5,3.019268404
EGB,1,,7/9/41,,Monocular,1.7,0.5299297,3476,375821,5,3.207972679
EGB,1,,7/9/41,,Monocular,1.8,0.5299297,3476,375821,7.5,3.396676955
EGB,1,,7/9/41,,Monocular,1.8,0.5299297,3476,375821,11.5,3.396676955
EGB,1,,7/9/41,,Monocular,1.9,0.5299297,3476,375821,15.5,3.58538123
EGB,1,,7/9/41,,Monocular,2,0.5299297,3476,375821,20,3.774085505
EGB,1,,7/9/41,,Monocular,1.9,0.5299297,3476,375821,25,3.58538123
Ve,4,,6/9/41,,Monocular,1.7,0.547139055,3476,364000,4.5,3.107071198
Ve,4,,6/9/41,,Monocular,1.2,0.547139055,3476,364000,8.5,2.193226728
Ve,4,,6/9/41,,Monocular,1.1,0.547139055,3476,364000,12,2.010457834
Ve,4,,6/9/41,,Monocular,1.2,0.547139055,3476,364000,16.5,2.193226728
Ve,4,,6/9/41,,Monocular,1.1,0.547139055,3476,364000,22,2.010457834
Ve,4,,6/9/41,,Monocular,1.1,0.547139055,3476,364000,25.5,2.010457834
DT,5,,4/11/41,,Monocular,1.1,0.559357133,3476,356049,5,1.966543261
DT,5,,4/11/41,,Monocular,1,0.559357133,3476,356049,11.5,1.787766601
DT,5,,4/11/41,,Monocular,1,0.559357133,3476,356049,18.5,1.787766601
DT,5,,4/11/41,,Monocular,1,0.559357133,3476,356049,24.5,1.787766601
DT,5,,4/11/41,,Monocular,1,0.559357133,3476,356049,31,1.787766601
DT,5,,4/11/41,,Binocular,2.3,0.559357133,3476,356049,7,4.111863182
DT,5,,4/11/41,,Binocular,2,0.559357133,3476,356049,15,3.575533202
DT,5,,4/11/41,,Binocular,1.8,0.559357133,3476,356049,21.5,3.217979882
DT,5,,4/11/41,,Binocular,1.7,0.559357133,3476,356049,27.5,3.039203222
DT,5,,4/11/41,,Binocular,1.7,0.559357133,3476,356049,33,3.039203222
RT,6,,4/11/41,,Binocular,1.8,0.559357133,3476,356049,6,3.217979882
RT,6,,4/11/41,,Binocular,1.6,0.559357133,3476,356049,13,2.860426561
RT,6,,4/11/41,,Binocular,1.4,0.559357133,3476,356049,20,2.502873241
RT,6,,4/11/41,,Binocular,1.3,0.559357133,3476,356049,26.5,2.324096581
RT,6,,4/11/41,,Binocular,1.3,0.559357133,3476,356049,32,2.324096581
RT,6,,4/11/41,,Monocular,1.1,0.559357133,3476,356049,3.5,1.966543261
RT,6,,4/11/41,,Monocular,1,0.559357133,3476,356049,9.5,1.787766601
RT,6,,4/11/41,,Monocular,1,0.559357133,3476,356049,16.5,1.787766601
RT,6,,4/11/41,,Monocular,1.1,0.559357133,3476,356049,23,1.966543261
RT,6,,4/11/41,,Monocular,1.1,0.559357133,3476,356049,29,1.966543261
Sm,7,,4/12/41,,Binocular,1,0.556596463,3476,357815,5,1.796633767
Sm,7,,4/12/41,,Binocular,0.9,0.556596463,3476,357815,10.5,1.616970391
Sm,7,,4/12/41,,Binocular,0.9,0.556596463,3476,357815,15.5,1.616970391
Sm,7,,4/12/41,,Binocular,0.9,0.556596463,3476,357815,20,1.616970391
Sm,7,,4/12/41,,Binocular,0.9,0.556596463,3476,357815,27,1.616970391
Sm,7,,4/12/41,,Monocular,1,0.556596463,3476,357815,3,1.796633767
Sm,7,,4/12/41,,Monocular,0.9,0.556596463,3476,357815,8,1.616970391
Sm,7,,4/12/41,,Monocular,1,0.556596463,3476,357815,13,1.796633767
Sm,7,,4/12/41,,Monocular,0.9,0.556596463,3476,357815,17.5,1.616970391
Sm,7,,4/12/41,,Monocular,0.9,0.556596463,3476,357815,23,1.616970391
Sm,7,,4/12/41,,Monocular,0.9,0.556596463,3476,357815,28.5,1.616970391
Bl,8,,4/10/41,,Permanently Monocular,0.8,0.558945837,3476,356311,19.5,1.431265692
Bl,8,,4/10/41,,Permanently Monocular,0.8,0.558945837,3476,356311,25,1.431265692
Bl,8,,4/10/41,,Permanently Monocular,0.8,0.558945837,3476,356311,30,1.431265692
Bl,8,,4/10/41,,Permanently Monocular,0.8,0.558945837,3476,356311,35,1.431265692
Bl,8,,4/12/41,,Permanently Monocular,0.8,0.556596463,3476,357815,1,1.437307014
Bl,8,,4/12/41,,Permanently Monocular,0.8,0.556596463,3476,357815,7,1.437307014
Bl,8,,4/12/41,,Permanently Monocular,0.8,0.556596463,3476,357815,12,1.437307014
Bl,8,,4/12/41,,Permanently Monocular,0.8,0.556596463,3476,357815,16.5,1.437307014
Bl,8,,4/12/41,,Permanently Monocular,0.8,0.556596463,3476,357815,21.5,1.437307014
Bl,8,,4/12/41,,Permanently Monocular,0.8,0.556596463,3476,357815,25.5,1.437307014
Gi,9,,4/10/41,,Permanently Monocular,0.8,0.558945837,3476,356311,17.5,1.431265692
Gi,9,,4/10/41,,Permanently Monocular,0.8,0.558945837,3476,356311,22.5,1.431265692
Gi,9,,4/10/41,,Permanently Monocular,0.8,0.558945837,3476,356311,27.5,1.431265692
Gi,9,,4/10/41,,Permanently Monocular,0.8,0.558945837,3476,356311,32.5,1.431265692
Gi,9,,4/10/41,,Permanently Monocular,0.8,0.558945837,3476,356311,37.5,1.431265692
Gi,9,,4/12/41,,Permanently Monocular,0.8,0.556596463,3476,357815,3.5,1.437307014
Gi,9,,4/12/41,,Permanently Monocular,0.8,0.556596463,3476,357815,9.5,1.437307014
Gi,9,,4/12/41,,Permanently Monocular,0.8,0.556596463,3476,357815,14,1.437307014
Gi,9,,4/12/41,,Permanently Monocular,0.8,0.556596463,3476,357815,18.5,1.437307014
Gi,9,,4/12/41,,Permanently Monocular,0.8,0.556596463,3476,357815,24.5,1.437307014
AHH,2,,9/10/38,,Binocular,2.9,0.51250335,3476,388600,-58,5.658499602
AHH,2,,9/10/38,,Binocular,3.3,0.51250335,3476,388600,-47,6.438982306
AHH,2,,9/10/38,,Binocular,3.5,0.51250335,3476,388600,-40,6.829223658
AHH,2,,9/10/38,,Binocular,4.8,0.51250335,3476,388600,-29,9.365792445
AHH,2,,9/10/38,,Binocular,4.7,0.51250335,3476,388600,-9,9.170671769
AHH,2,,09-11-1398,,Binocular,3.1,0.517161198,3476,385100,-57,5.994262545
AHH,2,,09-11-1398,,Binocular,3.1,0.517161198,3476,385100,-53,5.994262545
AHH,2,,09-11-1398,,Binocular,3.5,0.517161198,3476,385100,-34,6.767715776
AHH,2,,09-11-1398,,Binocular,3.9,0.517161198,3476,385100,-32,7.541169008
AHH,2,,09-11-1398,,Binocular,5.9,0.517161198,3476,385100,-7,11.40843517
AHH,2,,09-11-1398,,Binocular,5.1,0.517161198,3476,385100,-5,9.861528703
LMH,3,,9/10/38,,Binocular,5,0.51250335,3476,388600,-55,9.756033797
LMH,3,,9/10/38,,Binocular,4.9,0.51250335,3476,388600,-44,9.560913121
LMH,3,,9/10/38,,Binocular,5.3,0.51250335,3476,388600,-38,10.34139582
LMH,3,,9/10/38,,Binocular,4.7,0.51250335,3476,388600,-28,9.170671769
LMH,3,,9/10/38,,Binocular,6.5,0.51250335,3476,388600,-9,12.68284394
LMH,3,,09-11-1398,,Binocular,5,0.517161198,3476,385100,-59,9.668165395
LMH,3,,09-11-1398,,Binocular,4.9,0.517161198,3476,385100,-54,9.474802087
LMH,3,,09-11-1398,,Binocular,5.1,0.517161198,3476,385100,-35,9.861528703
LMH,3,,09-11-1398,,Binocular,5,0.517161198,3476,385100,-33,9.668165395
LMH,3,,09-11-1398,,Binocular,6.7,0.517161198,3476,385100,-7,12.95534163
LMH,3,,09-11-1398,,Binocular,6.6,0.517161198,3476,385100,-5,12.76197832