ID,Gender,Date,Time,Age,Distance,Real_Visual_Angle,Reported_Visual_Angle,Task,Ratio_Visual_Angle,Elevation,Session,Disparity_VA
5000,Female,01/12/0025,12:00:00 AM,20,379144,0.525285207,1.612663617,Perceptual,3.0700724,5,Lower,7.294711213
5000,Female,01/12/0025,12:00:00 AM,20,379144,0.525285207,0.788183479,Adjusted,1.500486722,5,Lower,7.294711213
5000,Female,01/12/0025,12:00:00 AM,20,379144,0.525285207,0.760681729,Perceptual,1.448130879,18,Higher,6.823631807
5000,Female,01/12/0025,12:00:00 AM,20,379144,0.525285207,1.258842542,Adjusted,2.396493418,18,Higher,6.823631807
6875341,Female,01/12/0025,04:35:00 PM,18,379144,0.525285207,0.981040607,Perceptual,1.867634179,6,Lower,7.488434886
6875341,Female,01/12/0025,04:35:00 PM,18,379144,0.525285207,0.633904286,Adjusted,1.206781149,6,Lower,7.488434886
6875341,Female,01/12/0025,04:35:00 PM,18,379144,0.525285207,0.729209169,Perceptual,1.388215695,17,Higher,8.621727701
6875341,Female,01/12/0025,04:35:00 PM,18,379144,0.525285207,0.827591315,Adjusted,1.575508512,17,Higher,8.621727701
32437,Female,01/12/0025,04:38:00 PM,19,379144,0.525285207,1.057738196,Perceptual,2.013645503,6,Lower,10.05881409
32437,Female,01/12/0025,04:38:00 PM,19,379144,0.525285207,0.64072032,Adjusted,1.219757021,6,Lower,10.05881409
32437,Female,01/12/0025,04:38:00 PM,19,379144,0.525285207,0.499892892,Perceptual,0.951659946,20,Higher,9.064201289
32437,Female,01/12/0025,04:38:00 PM,19,379144,0.525285207,0.846399532,Adjusted,1.611314236,20,Higher,9.064201289
6875476,Female,01/12/0025,04:40:00 PM,18,379144,0.525285207,0.904846579,Perceptual,1.722581497,7,Lower,8.004404646
6875476,Female,01/12/0025,04:40:00 PM,18,379144,0.525285207,0.58706492,Adjusted,1.11761175,7,Lower,8.004404646
6875476,Female,01/12/0025,04:40:00 PM,18,379144,0.525285207,0.364608276,Perceptual,0.694114874,21,Higher,8.804817396
6875476,Female,01/12/0025,04:40:00 PM,18,379144,0.525285207,1.122493654,Adjusted,2.136922263,21,Higher,8.804817396
6873834,Female,01/12/0025,04:42:00 PM,18,379144,0.525285207,2.739710793,Perceptual,5.21566333,7,Lower,3.109192103
6873834,Female,01/12/0025,04:42:00 PM,18,379144,0.525285207,3.624410704,Adjusted,6.899891058,7,Lower,3.109192103
6873834,Female,01/12/0025,04:42:00 PM,18,379144,0.525285207,2.379636412,Perceptual,4.530179757,21,Higher,7.09612632
6873834,Female,01/12/0025,04:42:00 PM,18,379144,0.525285207,3.038455149,Adjusted,5.784391237,21,Higher,7.09612632
5001,Female,01/12/0025,04:45:00 PM,19,379144,0.525285207,1.135429352,Perceptual,2.161548311,7,Lower,8.970083494
5001,Female,01/12/0025,04:45:00 PM,19,379144,0.525285207,0.61429938,Adjusted,1.169458747,7,Lower,8.970083494
5001,Female,01/12/0025,04:45:00 PM,19,379144,0.525285207,0.506694068,Perceptual,0.964607532,21,Higher,8.640005515
5001,Female,01/12/0025,04:45:00 PM,19,379144,0.525285207,0.94083587,Adjusted,1.791095308,21,Higher,8.640005515
5002,Male,01/12/0025,04:48:00 PM,18,379144,0.525285207,0.98218931,Perceptual,1.869820997,8,Lower,6.593008838
5002,Male,01/12/0025,04:48:00 PM,18,379144,0.525285207,0.551732873,Adjusted,1.050349153,8,Lower,6.593008838
5002,Male,01/12/0025,04:48:00 PM,18,379144,0.525285207,0.957523618,Perceptual,1.822864236,20,Higher,9.382955103
5002,Male,01/12/0025,04:48:00 PM,18,379144,0.525285207,0.808868159,Adjusted,1.53986472,20,Higher,9.382955103
5003,Female,01/12/0025,04:49:00 PM,19,379144,0.525285207,1.687356474,Perceptual,3.212267261,8,Lower,8.453419144
5003,Female,01/12/0025,04:49:00 PM,19,379144,0.525285207,0.902823906,Adjusted,1.718730878,8,Lower,8.453419144
5003,Female,01/12/0025,04:49:00 PM,19,379144,0.525285207,1.363324295,Perceptual,2.595398225,21,Higher,13.01196055
5003,Female,01/12/0025,04:49:00 PM,19,379144,0.525285207,1.45618934,Adjusted,2.772187985,21,Higher,13.01196055
5004,Female,01/12/0025,04:52:00 PM,18,379144,0.525285207,0.539738859,Perceptual,1.027515817,9,Lower,8.604622737
5004,Female,01/12/0025,04:52:00 PM,18,379144,0.525285207,0.654801782,Adjusted,1.246564291,9,Lower,8.604622737
5004,Female,01/12/0025,04:52:00 PM,18,379144,0.525285207,0.585143301,Perceptual,1.113953511,22,Higher,9.709832935
5004,Female,01/12/0025,04:52:00 PM,18,379144,0.525285207,1.064561922,Adjusted,2.02663602,22,Higher,9.709832935
5005,Female,01/12/0025,04:55:00 PM,20,379144,0.525285207,2.241722751,Perceptual,4.267629699,9,Lower,5.54066305
5005,Female,01/12/0025,04:55:00 PM,20,379144,0.525285207,1.412066927,Adjusted,2.688190925,9,Lower,5.54066305
5005,Female,01/12/0025,04:55:00 PM,20,379144,0.525285207,1.577610191,Perceptual,3.003340223,24,Higher,8.245107943
5005,Female,01/12/0025,04:55:00 PM,20,379144,0.525285207,2.098464735,Adjusted,3.994905445,24,Higher,8.245107943
5006,Female,01/12/0025,04:58:00 PM,20,379144,0.525285207,1.064561922,Perceptual,2.02663602,10,Lower,6.878678708
5006,Female,01/12/0025,04:58:00 PM,20,379144,0.525285207,0.993777987,Adjusted,1.891882682,10,Lower,6.878678708
5006,Female,01/12/0025,04:58:00 PM,20,379144,0.525285207,0.890438778,Perceptual,1.695152968,19,Higher,7.320547142
5006,Female,01/12/0025,04:58:00 PM,20,379144,0.525285207,1.294405148,Adjusted,2.464194936,19,Higher,7.320547142
5009,Male,01/12/0025,05:04:00 PM,18,379144,0.525285207,1.122493654,Perceptual,2.136922263,11,Lower,8.702106068
5009,Male,01/12/0025,05:04:00 PM,18,379144,0.525285207,0.677124059,Adjusted,1.289059828,11,Lower,8.702106068
5009,Male,01/12/0025,05:04:00 PM,18,379144,0.525285207,0.790830598,Perceptual,1.505526117,22,Higher,9.123037946
5009,Male,01/12/0025,05:04:00 PM,18,379144,0.525285207,0.798035456,Adjusted,1.519242204,22,Higher,9.123037946
5010,Female,01/12/0025,05:08:00 PM,20,379144,0.525285207,1.137975314,Perceptual,2.166395128,11,Lower,9.307174718
5010,Female,01/12/0025,05:08:00 PM,20,379144,0.525285207,0.800895705,Adjusted,1.524687339,11,Lower,9.307174718
5010,Female,01/12/0025,05:08:00 PM,20,379144,0.525285207,0.970821925,Perceptual,1.848180592,25,Higher,10.37838018
5010,Female,01/12/0025,05:08:00 PM,20,379144,0.525285207,0.901685461,Adjusted,1.71656359,25,Higher,10.37838018
5011,Female,01/12/0025,05:09:00 PM,26,379144,0.525285207,1.078476947,Perceptual,2.05312644,11,Lower,7.839444561
5011,Female,01/12/0025,05:09:00 PM,26,379144,0.525285207,1.131373567,Adjusted,2.153827199,11,Lower,7.839444561
5011,Female,01/12/0025,05:09:00 PM,26,379144,0.525285207,1.785158848,Perceptual,3.398456351,23,Higher,8.838179506
5011,Female,01/12/0025,05:09:00 PM,26,379144,0.525285207,1.204421668,Adjusted,2.292890894,23,Higher,8.838179506
5012,Female,01/12/0025,05:12:00 PM,20,379144,0.525285207,1.125170111,Perceptual,2.142017509,12,Lower,8.401760384
5012,Female,01/12/0025,05:12:00 PM,20,379144,0.525285207,0.884946922,Adjusted,1.68469797,12,Lower,8.401760384
5012,Female,01/12/0025,05:12:00 PM,20,379144,0.525285207,1.08277497,Perceptual,2.061308704,23,Higher,7.196731278
5012,Female,01/12/0025,05:12:00 PM,20,379144,0.525285207,1.079773117,Adjusted,2.055593994,23,Higher,7.196731278
5013,Female,01/12/0025,05:16:00 PM,18,379144,0.525285207,1.270589024,Perceptual,2.418855522,12,Lower,4.667972706
5013,Female,01/12/0025,05:16:00 PM,18,379144,0.525285207,1.650004408,Adjusted,3.141159098,12,Lower,4.667972706
5013,Female,01/12/0025,05:16:00 PM,18,379144,0.525285207,1.747182695,Perceptual,3.326160096,27,Higher,9.195393863
5013,Female,01/12/0025,05:16:00 PM,18,379144,0.525285207,1.764693051,Adjusted,3.359495046,27,Higher,9.195393863
5014,Female,01/12/0025,05:14:00 PM,18,379144,0.525285207,1.167361124,Perceptual,2.222337709,12,Lower,10.55509506
5014,Female,01/12/0025,05:14:00 PM,18,379144,0.525285207,1.07147426,Adjusted,2.039795229,12,Lower,10.55509506
5014,Female,01/12/0025,05:14:00 PM,18,379144,0.525285207,1.074964199,Perceptual,2.046439124,28,Higher,11.28669156
5014,Female,01/12/0025,05:14:00 PM,18,379144,0.525285207,0.961067961,Adjusted,1.829611699,28,Higher,11.28669156
5015,Female,01/12/0025,05:18:00 PM,19,379144,0.525285207,1.481032919,Perceptual,2.819483394,13,Lower,8.582254127
5015,Female,01/12/0025,05:18:00 PM,19,379144,0.525285207,0.841882021,Adjusted,1.602714124,13,Lower,8.582254127
5015,Female,01/12/0025,05:18:00 PM,19,379144,0.525285207,0.913717249,Perceptual,1.739468839,28,Higher,9.942949265
5015,Female,01/12/0025,05:18:00 PM,19,379144,0.525285207,1.095327131,Adjusted,2.085204601,28,Higher,9.942949265
5016,Female,01/12/0025,05:20:00 PM,19,379144,0.525285207,1.461155452,Perceptual,2.781642109,13,Lower,9.029614558
5016,Female,01/12/0025,05:20:00 PM,19,379144,0.525285207,1.039783757,Adjusted,1.979465142,13,Lower,9.029614558
5016,Female,01/12/0025,05:20:00 PM,19,379144,0.525285207,2.133527294,Perceptual,4.061655012,28,Higher,10.3041634
5016,Female,01/12/0025,05:20:00 PM,19,379144,0.525285207,1.12296133,Adjusted,2.137812591,28,Higher,10.3041634
31453,GNC,01/12/0025,05:26:00 PM,21,379144,0.525285207,1.539731404,Perceptual,2.931229327,14,Lower,8.362256297
31453,GNC,01/12/0025,05:26:00 PM,21,379144,0.525285207,0.987615502,Adjusted,1.88015099,14,Lower,8.362256297
31453,GNC,01/12/0025,05:26:00 PM,21,379144,0.525285207,0.91972829,Perceptual,1.750912223,29,Higher,10.0439734
31453,GNC,01/12/0025,05:26:00 PM,21,379144,0.525285207,1.095327131,Adjusted,2.085204601,29,Higher,10.0439734
5018,Female,01/12/0025,05:29:00 PM,21,379144,0.525285207,1.996964992,Perceptual,3.801677573,15,Lower,9.05918472
5018,Female,01/12/0025,05:29:00 PM,21,379144,0.525285207,0.876271312,Adjusted,1.668181971,15,Lower,9.05918472
5018,Female,01/12/0025,05:29:00 PM,21,379144,0.525285207,0.728519302,Perceptual,1.386902375,25,Higher,10.69461087
5018,Female,01/12/0025,05:29:00 PM,21,379144,0.525285207,0.932249743,Adjusted,1.774749661,25,Higher,10.69461087
5019,Female,01/12/0025,05:33:00 PM,18,379144,0.525285207,2.076264101,Perceptual,3.952641485,16,Lower,9.01469437
5019,Female,01/12/0025,05:33:00 PM,18,379144,0.525285207,0.896785197,Adjusted,1.707234822,16,Lower,9.01469437
5019,Female,01/12/0025,05:33:00 PM,18,379144,0.525285207,0.413801053,Perceptual,0.787764528,26,Higher,8.66662568
5019,Female,01/12/0025,05:33:00 PM,18,379144,0.525285207,0.859420579,Adjusted,1.636102763,26,Higher,8.66662568
5020,Female,01/12/0025,05:35:00 PM,20,379144,0.525285207,1.995909169,Perceptual,3.799667574,16,Lower,6.440853861
5020,Female,01/12/0025,05:35:00 PM,20,379144,0.525285207,1.1697482,Adjusted,2.226882051,16,Lower,6.440853861
5020,Female,01/12/0025,05:35:00 PM,20,379144,0.525285207,0.7483424,Perceptual,1.424640157,30,Higher,6.665833753
5020,Female,01/12/0025,05:35:00 PM,20,379144,0.525285207,1.27608052,Adjusted,2.429309835,30,Higher,6.665833753
5021,Female,01/12/0025,05:37:00 PM,19,379144,0.525285207,2.385473303,Perceptual,4.541291607,17,Lower,8.460368685
5021,Female,01/12/0025,05:37:00 PM,19,379144,0.525285207,1.633669955,Adjusted,3.110062748,17,Lower,8.460368685
5021,Female,01/12/0025,05:37:00 PM,19,379144,0.525285207,0.753678581,Perceptual,1.434798792,30,Higher,9.129727749
5021,Female,01/12/0025,05:37:00 PM,19,379144,0.525285207,1.268871617,Adjusted,2.415586046,30,Higher,9.129727749
5022,Female,01/12/0025,05:38:00 PM,18,379144,0.525285207,2.662564017,Perceptual,5.068796876,17,Lower,8.073656172
5022,Female,01/12/0025,05:38:00 PM,18,379144,0.525285207,1.000046399,Adjusted,1.903816032,17,Lower,8.073656172
5022,Female,01/12/0025,05:38:00 PM,18,379144,0.525285207,1.145877395,Perceptual,2.18143854,28,Higher,10.63061294
5022,Female,01/12/0025,05:38:00 PM,18,379144,0.525285207,1.145877395,Adjusted,2.18143854,28,Higher,10.63061294
5023,Male,01/13/0025,05:36:00 PM,NaN,381133,0.522543965,3.124449834,Perceptual,5.979305171,5,Lower,7.805264512
5023,Male,01/13/0025,05:36:00 PM,NaN,381133,0.522543965,1.18206047,Adjusted,2.262126344,5,Lower,7.805264512
5023,Male,01/13/0025,05:36:00 PM,NaN,381133,0.522543965,2.302230866,Perceptual,4.405812752,21,Higher,7.883432321
5023,Male,01/13/0025,05:36:00 PM,NaN,381133,0.522543965,1.412066927,Adjusted,2.702293053,21,Higher,7.883432321
32329,Female,01/13/0025,05:40:00 PM,NaN,381133,0.522543965,2.219288722,Perceptual,4.247085164,5,Lower,8.072103666
32329,Female,01/13/0025,05:40:00 PM,NaN,381133,0.522543965,1.18206047,Adjusted,2.262126344,5,Lower,8.072103666
32329,Female,01/13/0025,05:40:00 PM,NaN,381133,0.522543965,1.601952382,Perceptual,3.065679615,19,Higher,8.886691463
32329,Female,01/13/0025,05:40:00 PM,NaN,381133,0.522543965,1.208833143,Adjusted,2.313361598,19,Higher,8.886691463
5025,Male,01/13/0025,05:43:00 PM,NaN,381133,0.522543965,1.482331925,Perceptual,2.836760204,6,Lower,7.443212722
5025,Male,01/13/0025,05:43:00 PM,NaN,381133,0.522543965,1.30668921,Adjusted,2.50063018,6,Lower,7.443212722
5025,Male,01/13/0025,05:43:00 PM,NaN,381133,0.522543965,1.194843038,Perceptual,2.286588531,18,Higher,9.020182276
5025,Male,01/13/0025,05:43:00 PM,NaN,381133,0.522543965,1.405297723,Adjusted,2.689338728,18,Higher,9.020182276
5026,Female,01/13/0025,05:46:00 PM,18,381133,0.522543965,2.155428558,Perceptual,4.124875037,6,Lower,7.481683039
5026,Female,01/13/0025,05:46:00 PM,18,381133,0.522543965,0.912036007,Adjusted,1.745376596,6,Lower,7.481683039
5026,Female,01/13/0025,05:46:00 PM,18,381133,0.522543965,1.925429514,Perceptual,3.684722516,18,Higher,7.432905106
5026,Female,01/13/0025,05:46:00 PM,18,381133,0.522543965,0.98218931,Adjusted,1.879629993,18,Higher,7.432905106
5027,Female,01/13/0025,05:49:00 PM,NaN,381133,0.522543965,3.75251949,Perceptual,7.181251223,7,Lower,5.330144627
5027,Female,01/13/0025,05:49:00 PM,NaN,381133,0.522543965,1.979111942,Adjusted,3.787455359,7,Lower,5.330144627
5027,Female,01/13/0025,05:49:00 PM,NaN,381133,0.522543965,2.848374636,Perceptual,5.450976043,20,Higher,5.723554344
5027,Female,01/13/0025,05:49:00 PM,NaN,381133,0.522543965,1.344185479,Adjusted,2.572387336,20,Higher,5.723554344
1043,Female,01/13/0025,05:51:00 PM,18,381133,0.522543965,1.064033895,Perceptual,2.036257169,7,Lower,5.951066637
1043,Female,01/13/0025,05:51:00 PM,18,381133,0.522543965,0.950844305,Adjusted,1.819644601,7,Lower,5.951066637
1043,Female,01/13/0025,05:51:00 PM,18,381133,0.522543965,0.812544709,Perceptual,1.554978649,19,Higher,8.068296546
1043,Female,01/13/0025,05:51:00 PM,18,381133,0.522543965,0.950844305,Adjusted,1.819644601,19,Higher,8.068296546
5030,Female,01/13/0025,05:57:00 PM,NaN,381133,0.522543965,2.034589559,Perceptual,3.893623684,8,Lower,4.316689741
5030,Female,01/13/0025,05:57:00 PM,NaN,381133,0.522543965,1.279108462,Adjusted,2.4478485,8,Lower,4.316689741
5030,Female,01/13/0025,05:57:00 PM,NaN,381133,0.522543965,0.848005545,Perceptual,1.622840567,22,Higher,5.794398646
5030,Female,01/13/0025,05:57:00 PM,NaN,381133,0.522543965,1.131373567,Adjusted,2.165126079,22,Higher,5.794398646
5031,Female,01/13/0025,05:59:00 PM,18,381133,0.522543965,1.127396704,Perceptual,2.157515499,9,Lower,7.500227259
5031,Female,01/13/0025,05:59:00 PM,18,381133,0.522543965,1.009220664,Adjusted,1.931360289,9,Lower,7.500227259
5031,Female,01/13/0025,05:59:00 PM,18,381133,0.522543965,0.920469775,Perceptual,1.76151642,24,Higher,7.471797503
5031,Female,01/13/0025,05:59:00 PM,18,381133,0.522543965,0.94083587,Adjusted,1.800491312,24,Higher,7.471797503
5032,Male,01/13/0025,06:17:00 PM,19,381133,0.522543965,0.956568186,Perceptual,1.830598476,12,Lower,7.688830774
5032,Male,01/13/0025,06:17:00 PM,19,381133,0.522543965,0.937546381,Adjusted,1.79419617,12,Lower,7.688830774
5032,Male,01/13/0025,06:17:00 PM,19,381133,0.522543965,0.703781828,Perceptual,1.346837539,24,Higher,9.263107564
5032,Male,01/13/0025,06:17:00 PM,19,381133,0.522543965,0.792375811,Adjusted,1.516381134,24,Higher,9.263107564
5034,Male,01/13/0025,06:22:00 PM,23,381133,0.522543965,0.96495874,Perceptual,1.846655601,12,Lower,9.192167311
5034,Male,01/13/0025,06:22:00 PM,23,381133,0.522543965,0.770517836,Adjusted,1.474551209,12,Lower,9.192167311
5034,Male,01/13/0025,06:22:00 PM,23,381133,0.522543965,0.689663093,Perceptual,1.31981831,23,Higher,10.04854617
5034,Male,01/13/0025,06:22:00 PM,23,381133,0.522543965,1.163780508,Adjusted,2.227143715,23,Higher,10.04854617
5033,Female,01/13/0025,06:25:00 PM,18,381133,0.522543965,0.863827697,Perceptual,1.65311965,13,Lower,10.17366239
5033,Female,01/13/0025,06:25:00 PM,18,381133,0.522543965,0.856127902,Adjusted,1.638384441,13,Lower,10.17366239
5033,Female,01/13/0025,06:25:00 PM,18,381133,0.522543965,0.806678155,Perceptual,1.543751739,26,Higher,7.331719193
5033,Female,01/13/0025,06:25:00 PM,18,381133,0.522543965,1.002650554,Adjusted,1.918786973,26,Higher,7.331719193
5035,Male,01/13/0025,06:28:00 PM,20,381133,0.522543965,1.330680869,Perceptual,2.546543368,14,Lower,8.296783792
5035,Male,01/13/0025,06:28:00 PM,20,381133,0.522543965,1.134065002,Adjusted,2.170276717,14,Lower,8.296783792
5035,Male,01/13/0025,06:28:00 PM,20,381133,0.522543965,1.321318583,Perceptual,2.528626625,26,Higher,6.912068883
5035,Male,01/13/0025,06:28:00 PM,20,381133,0.522543965,1.755307858,Adjusted,3.359158224,26,Higher,6.912068883
5036,Female,01/13/0025,06:30:00 PM,22,381133,0.522543965,1.886518994,Perceptual,3.610258886,14,Lower,8.682716366
5036,Female,01/13/0025,06:30:00 PM,22,381133,0.522543965,0.96495874,Adjusted,1.846655601,14,Lower,8.682716366
5036,Female,01/13/0025,06:30:00 PM,22,381133,0.522543965,1.649923441,Perceptual,3.157482529,25,Higher,8.721918302
5036,Female,01/13/0025,06:30:00 PM,22,381133,0.522543965,0.884946922,Adjusted,1.693535819,25,Higher,8.721918302
5037,Female,01/13/0025,06:33:00 PM,18,381133,0.522543965,0.723726539,Perceptual,1.385006023,14,Lower,10.78182574
5037,Female,01/13/0025,06:33:00 PM,18,381133,0.522543965,0.784035275,Adjusted,1.500419728,14,Lower,10.78182574
5037,Female,01/13/0025,06:33:00 PM,18,381133,0.522543965,0.736649875,Perceptual,1.409737598,27,Higher,11.40799345
5037,Female,01/13/0025,06:33:00 PM,18,381133,0.522543965,1.19170925,Adjusted,2.280591355,27,Higher,11.40799345
5038,Female,01/13/0025,06:38:00 PM,18,381133,0.522543965,1.36366988,Perceptual,2.609674918,16,Lower,7.846581355
5038,Female,01/13/0025,06:38:00 PM,18,381133,0.522543965,1.27608052,Adjusted,2.442053884,16,Lower,7.846581355
5038,Female,01/13/0025,06:38:00 PM,18,381133,0.522543965,1.159178552,Perceptual,2.218336885,32,Higher,10.28229982
5038,Female,01/13/0025,06:38:00 PM,18,381133,0.522543965,1.386348751,Adjusted,2.653075804,32,Higher,10.28229982
5039,Female,01/13/0025,06:41:00 PM,18,381133,0.522543965,2.455157664,Perceptual,4.698470994,16,Lower,4.821233155
5039,Female,01/13/0025,06:41:00 PM,18,381133,0.522543965,4.547570131,Adjusted,8.702751218,16,Lower,4.821233155
5039,Female,01/13/0025,06:41:00 PM,18,381133,0.522543965,2.225861768,Perceptual,4.259664096,27,Higher,5.909418544
5039,Female,01/13/0025,06:41:00 PM,18,381133,0.522543965,3.468966017,Adjusted,6.638610811,27,Higher,5.909418544
5040,Female,01/13/0025,06:43:00 PM,19,381133,0.522543965,1.997265272,Perceptual,3.822195651,17,Lower,7.766693994
5040,Female,01/13/0025,06:43:00 PM,19,381133,0.522543965,1.559622134,Adjusted,2.984671602,17,Lower,7.766693994
5040,Female,01/13/0025,06:43:00 PM,19,381133,0.522543965,1.344185479,Perceptual,2.572387336,31,Higher,7.872824899
5040,Female,01/13/0025,06:43:00 PM,19,381133,0.522543965,1.896781612,Adjusted,3.629898608,31,Higher,7.872824899
1034,Female,05/13/0025,10:21:00 PM,19,404420,0.492455624,2.267661881,Perceptual,4.604804514,5,Lower,6.910528146
1034,Female,05/13/0025,10:21:00 PM,19,404420,0.492455624,0.950844305,Adjusted,1.930822309,5,Lower,6.910528146
1034,Female,05/13/0025,10:21:00 PM,19,404420,0.492455624,1.761976611,Perceptual,3.577939868,17,Higher,7.244246153
1034,Female,05/13/0025,10:21:00 PM,19,404420,0.492455624,0.841882021,Adjusted,1.709559156,17,Higher,7.244246153
5050,Male,05/13/0025,10:31:00 PM,25,404420,0.492455624,1.697914289,Perceptual,3.447852365,7,Lower,7.723728656
5050,Male,05/13/0025,10:31:00 PM,25,404420,0.492455624,0.793313504,Adjusted,1.61093399,7,Lower,7.723728656
5050,Male,05/13/0025,10:31:00 PM,25,404420,0.492455624,1.755701011,Perceptual,3.565196385,17,Higher,9.027068767
5050,Male,05/13/0025,10:31:00 PM,25,404420,0.492455624,0.89738543,Adjusted,1.822266589,17,Higher,9.027068767
5051,Female,05/13/0025,10:39:00 PM,NaN,404420,0.492455624,1.194843038,Perceptual,2.426295852,8,Lower,7.149056538
5051,Female,05/13/0025,10:39:00 PM,NaN,404420,0.492455624,0.908328699,Adjusted,1.844488427,8,Lower,7.149056538
5051,Female,05/13/0025,10:39:00 PM,NaN,404420,0.492455624,1.184717974,Perceptual,2.405735494,19,Higher,7.612745714
5051,Female,05/13/0025,10:39:00 PM,NaN,404420,0.492455624,0.876271312,Adjusted,1.779391419,19,Higher,7.612745714
6006,Male,08/07/0025,07:57:00 PM,21,386624,0.515122672,1.1896658,Perceptual,2.309480563,3,Lower,8.143438746
6006,Male,08/07/0025,07:57:00 PM,21,386624,0.515122672,0.615568569,Adjusted,1.19499413,3,Lower,8.143438746
6006,Male,08/07/0025,07:57:00 PM,21,386624,0.515122672,1.443716461,Perceptual,2.802665342,12,Higher,3.697490841
6006,Male,08/07/0025,07:57:00 PM,21,386624,0.515122672,0.76003491,Adjusted,1.475444492,12,Higher,3.697490841
6006,Male,08/07/0025,09:30:00 PM,21,386624,0.515122672,1.443716461,Perceptual,2.802665342,16,Lower,3.443480453
6006,Male,08/07/0025,09:30:00 PM,21,386624,0.515122672,0.76003491,Adjusted,1.475444492,16,Lower,3.443480453
6041,Female,08/07/0025,08:04:00 PM,19,386624,0.515122672,0.912152348,Perceptual,1.770747819,4,Lower,9.480785337
6041,Female,08/07/0025,08:04:00 PM,19,386624,0.515122672,0.654801782,Adjusted,1.271156982,4,Lower,9.480785337
6041,Female,08/07/0025,08:04:00 PM,19,386624,0.515122672,0.484449233,Perceptual,0.940454108,17,Higher,3.120523847
6041,Female,08/07/0025,08:04:00 PM,19,386624,0.515122672,1.020308836,Adjusted,1.980710403,17,Higher,3.120523847
1028,Male,08/07/0025,08:54:00 PM,56,386624,0.515122672,3.273154083,Perceptual,6.354125452,2.5,Lower,3.687841757
1028,Male,08/07/0025,08:54:00 PM,56,386624,0.515122672,1.306501348,Adjusted,2.536291681,2.5,Lower,3.687841757
1028,Male,08/07/0025,08:54:00 PM,56,386624,0.515122672,2.537519012,Perceptual,4.926048004,19,Higher,3.110285114
1028,Male,08/07/0025,08:54:00 PM,56,386624,0.515122672,1.294405148,Adjusted,2.512809506,19,Higher,3.110285114
6044,Female,08/07/0025,07:55:00 PM,NaN,386624,0.515122672,1.636910923,Perceptual,3.177710886,2.5,Lower,11.01603282
6044,Female,08/07/0025,07:55:00 PM,NaN,386624,0.515122672,1.207479263,Adjusted,2.344061576,2.5,Lower,11.01603282
6044,Female,08/07/0025,07:55:00 PM,NaN,386624,0.515122672,1.472980707,Perceptual,2.859475589,17,Higher,10.33857329
6044,Female,08/07/0025,07:55:00 PM,NaN,386624,0.515122672,1.079453771,Adjusted,2.095527588,17,Higher,10.33857329
6045,Male,08/07/0025,07:58:00 PM,NaN,386624,0.515122672,1.386709134,Perceptual,2.691997865,3,Lower,8.208416511
6045,Male,08/07/0025,07:58:00 PM,NaN,386624,0.515122672,0.675895187,Adjusted,1.312105297,3,Lower,8.208416511
6045,Male,08/07/0025,07:58:00 PM,NaN,386624,0.515122672,1.368192402,Perceptual,2.656051608,16,Higher,8.418535801
6045,Male,08/07/0025,07:58:00 PM,NaN,386624,0.515122672,0.899552939,Adjusted,1.746288772,16,Higher,8.418535801
6043,Female,08/07/0025,08:01:00 PM,NaN,386624,0.515122672,2.008866972,Perceptual,3.899783643,3.5,Lower,7.043923556
6043,Female,08/07/0025,08:01:00 PM,NaN,386624,0.515122672,0.859420579,Adjusted,1.668380417,3.5,Lower,7.043923556
6043,Female,08/07/0025,08:01:00 PM,NaN,386624,0.515122672,1.117930962,Perceptual,2.170222787,19,Higher,7.043175575
6043,Female,08/07/0025,08:01:00 PM,NaN,386624,0.515122672,1.333925451,Adjusted,2.589529685,19,Higher,7.043175575
6046,Female,08/07/0025,08:03:00 PM,NaN,386624,0.515122672,3.345528299,Perceptual,6.494624444,4,Lower,7.128315684
6046,Female,08/07/0025,08:03:00 PM,NaN,386624,0.515122672,1.003696017,Adjusted,1.948460184,4,Lower,7.128315684
6046,Female,08/07/0025,08:03:00 PM,NaN,386624,0.515122672,1.793296441,Perceptual,3.48129977,18,Higher,9.222821428
6046,Female,08/07/0025,08:03:00 PM,NaN,386624,0.515122672,0.904651408,Adjusted,1.756186355,18,Higher,9.222821428
6028,Female,08/09/0025,09:22:00 PM,49,379992,0.524112984,1.005741815,Perceptual,1.918940852,7,Lower,4.493715705
6028,Female,08/09/0025,09:22:00 PM,49,379992,0.524112984,1.093876804,Adjusted,2.087101138,7,Lower,4.493715705
6028,Female,08/09/0025,09:22:00 PM,49,379992,0.524112984,1.153889984,Perceptual,2.201605418,20,Higher,8.246819987
6028,Female,08/09/0025,09:22:00 PM,49,379992,0.524112984,1.215621372,Adjusted,2.319388013,20,Higher,8.246819987
6014,Female,08/09/0025,09:35:00 PM,NaN,379992,0.524112984,1.057738196,Perceptual,2.018149195,9,Lower,6.071073887
6014,Female,08/09/0025,09:35:00 PM,NaN,379992,0.524112984,0.921981154,Adjusted,1.759126721,9,Lower,6.071073887
6014,Female,08/09/0025,09:35:00 PM,NaN,379992,0.524112984,0.994297251,Perceptual,1.897104789,23,Higher,5.595587975
6014,Female,08/09/0025,09:35:00 PM,NaN,379992,0.524112984,0.932701395,Adjusted,1.779580785,23,Higher,5.595587975
6047,Female,08/09/0025,09:13:00 PM,26,379992,0.524112984,1.389695566,Perceptual,2.651519062,5,Lower,9.462712259
6047,Female,08/09/0025,09:13:00 PM,26,379992,0.524112984,1.068006907,Adjusted,2.037741747,5,Lower,9.462712259
6047,Female,08/09/0025,09:13:00 PM,26,379992,0.524112984,0.873743705,Perceptual,1.667090364,21,Higher,9.087302033
6047,Female,08/09/0025,09:13:00 PM,26,379992,0.524112984,0.908328699,Adjusted,1.733078035,21,Higher,9.087302033
6048,Male,08/09/0025,09:18:00 PM,NaN,379992,0.524112984,2.333949709,Perceptual,4.453142323,6,Lower,10.87525635
6048,Male,08/09/0025,09:18:00 PM,NaN,379992,0.524112984,0.889837327,Adjusted,1.697796763,6,Lower,10.87525635
6048,Male,08/09/0025,09:18:00 PM,NaN,379992,0.524112984,1.528270748,Perceptual,2.915918506,21,Higher,7.596401426
6048,Male,08/09/0025,09:18:00 PM,NaN,379992,0.524112984,0.888575862,Adjusted,1.695389907,21,Higher,7.596401426
6,Male,08/09/0025,09:25:00 PM,NaN,379992,0.524112984,2.411328622,Perceptual,4.600780171,7,Lower,9.119658095
6,Male,08/09/0025,09:25:00 PM,NaN,379992,0.524112984,1.093876804,Adjusted,2.087101138,7,Lower,9.119658095
6,Male,08/09/0025,09:25:00 PM,NaN,379992,0.524112984,1.530168996,Perceptual,2.919540335,22,Higher,10.98118629
6,Male,08/09/0025,09:25:00 PM,NaN,379992,0.524112984,0.929613115,Adjusted,1.773688392,22,Higher,10.98118629
6049,Female,08/09/0025,09:30:00 PM,NaN,379992,0.524112984,1.584498443,Perceptual,3.023200135,8,Lower,7.807634388
6049,Female,08/09/0025,09:30:00 PM,NaN,379992,0.524112984,1.481444214,Adjusted,2.826574155,8,Lower,7.807634388
6049,Female,08/09/0025,09:30:00 PM,NaN,379992,0.524112984,0.977610561,Perceptual,1.865266827,23,Higher,7.696211246
6049,Female,08/09/0025,09:30:00 PM,NaN,379992,0.524112984,1.267439599,Adjusted,2.418256442,23,Higher,7.696211246
