ID,Gender,Date,Time,Age,Distance,Real_Visual_Angle,Reported_Visual_Angle,Task,Ratio_Visual_Angle,Elevation,Session,Disparity_VA
1000,Female,5/22/24,9:19:00 PM,19,395236,0.503898546,3.003846561,Perceptual,5.961212991,12,Lower,
1000,Female,5/22/24,9:19:00 PM,19,395236,0.503898546,0.924416053,Adjusted,1.83452812,12,Lower,
1000,Female,5/22/24,9:19:00 PM,19,395236,0.503898546,2.565944512,Perceptual,5.092184786,25,Higher,
1000,Female,5/22/24,9:19:00 PM,19,395236,0.503898546,0.993777987,Adjusted,1.972178713,25,Higher,
1001,Male,5/22/24,9:25:00 PM,24,395236,0.503898546,2.767684755,Perceptual,5.492543637,13,Lower,
1001,Male,5/22/24,9:25:00 PM,24,395236,0.503898546,1.517475181,Adjusted,3.011469653,13,Lower,
1001,Male,5/22/24,9:25:00 PM,24,395236,0.503898546,2.142761195,Perceptual,4.252366296,21,Higher,
1001,Male,5/22/24,9:25:00 PM,24,395236,0.503898546,1.138579295,Adjusted,2.259540741,21,Higher,
1002,Male,5/22/24,9:30:00 PM,19,395236,0.503898546,1.020879608,Perceptual,2.025962597,14,Lower,
1002,Male,5/22/24,9:30:00 PM,19,395236,0.503898546,1.117232299,Adjusted,2.217177063,14,Lower,
1002,Male,5/22/24,9:30:00 PM,19,395236,0.503898546,0.924416053,Perceptual,1.83452812,24,Higher,
1002,Male,5/22/24,9:30:00 PM,19,395236,0.503898546,0.916712916,Adjusted,1.819241041,24,Higher,
1003,Female,5/22/24,9:45:00 PM,19,395236,0.503898546,1.582816629,Perceptual,3.141141486,16,Lower,
1003,Female,5/22/24,9:45:00 PM,19,395236,0.503898546,1.666668781,Adjusted,3.3075483,16,Lower,
1003,Female,5/22/24,9:45:00 PM,19,395236,0.503898546,1.909682508,Perceptual,3.789815472,21,Higher,
1003,Female,5/22/24,9:45:00 PM,19,395236,0.503898546,1.248180116,Adjusted,2.477046472,21,Higher,
1004,Female,5/22/24,9:48:00 PM,18,395236,0.503898546,1.926579182,Perceptual,3.823347371,16,Lower,
1004,Female,5/22/24,9:48:00 PM,18,395236,0.503898546,1.201022629,Adjusted,2.38346119,16,Lower,
1004,Female,5/22/24,9:48:00 PM,18,395236,0.503898546,1.426474292,Perceptual,2.830875982,22,Higher,
1004,Female,5/22/24,9:48:00 PM,18,395236,0.503898546,1.083789326,Adjusted,2.150808597,22,Higher,
1005,Male,5/22/24,9:52:00 PM,19,395236,0.503898546,2.134301817,Perceptual,4.235578435,16,Lower,
1005,Male,5/22/24,9:52:00 PM,19,395236,0.503898546,3.34275657,Adjusted,6.633788872,16,Lower,
1005,Male,5/22/24,9:52:00 PM,19,395236,0.503898546,1.270872456,Perceptual,2.52208002,24,Higher,
1005,Male,5/22/24,9:52:00 PM,19,395236,0.503898546,1.666668781,Adjusted,3.3075483,24,Higher,
1006,Female,5/22/24,9:56:00 PM,18,395236,0.503898546,1.853903911,Perceptual,3.67912137,17,Lower,
1006,Female,5/22/24,9:56:00 PM,18,395236,0.503898546,2.153515502,Adjusted,4.273708503,17,Lower,
1006,Female,5/22/24,9:56:00 PM,18,395236,0.503898546,0.921438037,Perceptual,1.828618169,23,Higher,
1006,Female,5/22/24,9:56:00 PM,18,395236,0.503898546,1.752440156,Adjusted,3.477763864,23,Higher,
1007,Female,5/22/24,10:00:00 PM,18,395236,0.503898546,1.697914289,Perceptual,3.369555838,17.5,Lower,
1007,Female,5/22/24,10:00:00 PM,18,395236,0.503898546,2.229608397,Adjusted,4.424716865,17.5,Lower,
1007,Female,5/22/24,10:00:00 PM,18,395236,0.503898546,1.189758966,Perceptual,2.361108153,22.5,Higher,
1007,Female,5/22/24,10:00:00 PM,18,395236,0.503898546,1.25469542,Adjusted,2.489976263,22.5,Higher,
1008,Female,5/22/24,10:03:00 PM,19,395236,0.503898546,1.136561932,Perceptual,2.255537232,18,Lower,
1008,Female,5/22/24,10:03:00 PM,19,395236,0.503898546,1.039290294,Adjusted,2.062499092,18,Lower,
1008,Female,5/22/24,10:03:00 PM,19,395236,0.503898546,0.928076632,Perceptual,1.841792635,23,Higher,
1008,Female,5/22/24,10:03:00 PM,19,395236,0.503898546,1.057738196,Adjusted,2.09910944,23,Higher,
1009,Male,5/22/24,10:07:00 PM,18,395236,0.503898546,2.160900419,Perceptual,4.288364065,18,Lower,
1009,Male,5/22/24,10:07:00 PM,18,395236,0.503898546,1.901557694,Adjusted,3.773691565,18,Lower,
1009,Male,5/22/24,10:07:00 PM,18,395236,0.503898546,1.596343233,Perceptual,3.16798539,24,Higher,
1009,Male,5/22/24,10:07:00 PM,18,395236,0.503898546,1.934478898,Adjusted,3.839024565,24,Higher,
1010,Female,5/22/24,10:12:00 PM,18,395236,0.503898546,0.863572212,Perceptual,1.713781908,19,Lower,
1010,Female,5/22/24,10:12:00 PM,18,395236,0.503898546,2.291525676,Adjusted,4.547593345,19,Lower,
1010,Female,5/22/24,10:12:00 PM,18,395236,0.503898546,0.948322287,Perceptual,1.881970674,23,Higher,
1010,Female,5/22/24,10:12:00 PM,18,395236,0.503898546,1.460401583,Adjusted,2.898205588,23,Higher,
1011,Female,5/22/24,10:17:00 PM,21,395236,0.503898546,1.713489173,Perceptual,3.400464607,19,Lower,
1011,Female,5/22/24,10:17:00 PM,21,395236,0.503898546,2.661002958,Adjusted,5.280830787,19,Lower,
1011,Female,5/22/24,10:17:00 PM,21,395236,0.503898546,1.127396704,Perceptual,2.237348594,25,Higher,
1011,Female,5/22/24,10:17:00 PM,21,395236,0.503898546,2.613038694,Adjusted,5.185644437,25,Higher,
1012,Male,7/20/24,9:25:00 PM,17,374538,0.531744977,1.311532863,Perceptual,2.46646968,7.5,Lower,
1012,Male,7/20/24,9:25:00 PM,17,374538,0.531744977,1.215621372,Adjusted,2.286098458,7.5,Lower,
1012,Male,7/20/24,9:25:00 PM,17,374538,0.531744977,1.182136805,Perceptual,2.223127358,16,Higher,
1012,Male,7/20/24,9:25:00 PM,17,374538,0.531744977,1.069490163,Adjusted,2.011283999,16,Higher,
1013,Female,7/20/24,9:30:00 PM,16,374538,0.531744977,2.218797309,Perceptual,4.172671874,8,Lower,
1013,Female,7/20/24,9:30:00 PM,16,374538,0.531744977,0.793313504,Adjusted,1.491905967,8,Lower,
1013,Female,7/20/24,9:30:00 PM,16,374538,0.531744977,1.212839393,Perceptual,2.280866668,17,Higher,
1013,Female,7/20/24,9:30:00 PM,16,374538,0.531744977,1.170256088,Adjusted,2.200784472,17,Higher,
1014,Female,7/20/24,9:32:00 PM,17,374538,0.531744977,1.13018147,Perceptual,2.125420115,9,Lower,
1014,Female,7/20/24,9:32:00 PM,17,374538,0.531744977,1.13018147,Adjusted,2.125420115,9,Lower,
1014,Female,7/20/24,9:32:00 PM,17,374538,0.531744977,0.884803315,Perceptual,1.663961774,19,Higher,
1014,Female,7/20/24,9:32:00 PM,17,374538,0.531744977,1.31882575,Adjusted,2.480184689,19,Higher,
1015,Female,7/20/24,9:39:00 PM,17,374538,0.531744977,1.250040148,Perceptual,2.350826435,10,Lower,
1015,Female,7/20/24,9:39:00 PM,17,374538,0.531744977,0.677124059,Adjusted,1.27340001,10,Lower,
1015,Female,7/20/24,9:39:00 PM,17,374538,0.531744977,0.99855831,Perceptual,1.877889503,19,Higher,
1015,Female,7/20/24,9:39:00 PM,17,374538,0.531744977,0.841882021,Adjusted,1.583243957,19,Higher,
1016,Female,7/20/24,9:45:00 PM,16,374538,0.531744977,1.838438161,Perceptual,3.457368178,10,Lower,
1016,Female,7/20/24,9:45:00 PM,16,374538,0.531744977,1.738875801,Adjusted,3.27013113,10,Lower,
1016,Female,7/20/24,9:45:00 PM,16,374538,0.531744977,1.343709929,Perceptual,2.526981895,19,Higher,
1016,Female,7/20/24,9:45:00 PM,16,374538,0.531744977,4.627444996,Adjusted,8.702376512,19,Higher,
1017,Female,7/21/24,10:21:00 PM,22,370233,0.537927917,2.241722751,Perceptual,4.167329261,10,Lower,
1017,Female,7/21/24,10:21:00 PM,22,370233,0.537927917,1.090255721,Adjusted,2.026769175,10,Lower,
1017,Female,7/21/24,10:21:00 PM,22,370233,0.537927917,0.984494805,Perceptual,1.830161205,19,Higher,
1017,Female,7/21/24,10:21:00 PM,22,370233,0.537927917,1.079773117,Adjusted,2.007282169,19,Higher,
1018,Male,7/21/24,10:26:00 PM,21,370233,0.537927917,1.162015415,Perceptual,2.160169378,11,Lower,
1018,Male,7/21/24,10:26:00 PM,21,370233,0.537927917,0.93103593,Adjusted,1.73078195,11,Lower,
1018,Male,7/21/24,10:26:00 PM,21,370233,0.537927917,0.89124971,Perceptual,1.656819959,19,Higher,
1018,Male,7/21/24,10:26:00 PM,21,370233,0.537927917,0.921833997,Adjusted,1.713675693,19,Higher,
1019,Female,7/21/24,10:30:00 PM,17,370233,0.537927917,2.259999153,Perceptual,4.201304821,11,Lower,
1019,Female,7/21/24,10:30:00 PM,17,370233,0.537927917,1.064033895,Adjusted,1.97802319,11,Lower,
1019,Female,7/21/24,10:30:00 PM,17,370233,0.537927917,1.48650981,Perceptual,2.763399633,17,Higher,
1019,Female,7/21/24,10:30:00 PM,17,370233,0.537927917,0.871147116,Adjusted,1.619449536,17,Higher,
1020,Female,7/21/24,10:33:00 PM,17,370233,0.537927917,1.279290968,Perceptual,2.378182887,12,Lower,
1020,Female,7/21/24,10:33:00 PM,17,370233,0.537927917,0.792375811,Adjusted,1.473014851,12,Lower,
1020,Female,7/21/24,10:33:00 PM,17,370233,0.537927917,1.044349851,Perceptual,1.941430844,20,Higher,
1020,Female,7/21/24,10:33:00 PM,17,370233,0.537927917,0.866082501,Adjusted,1.610034492,20,Higher,
1021,Male,8/19/24,9:10:00 PM,20,363196,0.548350228,1.441804455,Perceptual,2.629349605,9,Lower,
1021,Male,8/19/24,9:10:00 PM,20,363196,0.548350228,0.977824236,Adjusted,1.783211142,9,Lower,
1021,Male,8/19/24,9:10:00 PM,20,363196,0.548350228,1.441804455,Perceptual,2.629349605,20,Higher,
1021,Male,8/19/24,9:10:00 PM,20,363196,0.548350228,0.973497789,Adjusted,1.775321208,20,Higher,
1022,Female,8/19/24,9:18:00 PM,21,363196,0.548350228,3.227077866,Perceptual,5.885067063,10,Lower,
1022,Female,8/19/24,9:18:00 PM,21,363196,0.548350228,1.145877395,Adjusted,2.089681625,10,Lower,
1022,Female,8/19/24,9:18:00 PM,21,363196,0.548350228,2.035293909,Perceptual,3.711667845,20,Higher,
1022,Female,8/19/24,9:18:00 PM,21,363196,0.548350228,1.205142653,Adjusted,2.197760831,20,Higher,
1023,Male,8/19/24,9:25:00 PM,20,363196,0.548350228,1.653387617,Perceptual,3.015203664,11,Lower,
1023,Male,8/19/24,9:25:00 PM,20,363196,0.548350228,1.011682974,Adjusted,1.844957698,11,Lower,
1023,Male,8/19/24,9:25:00 PM,20,363196,0.548350228,1.315324211,Perceptual,2.398693653,23,Higher,
1023,Male,8/19/24,9:25:00 PM,20,363196,0.548350228,0.948322287,Adjusted,1.729409853,23,Higher,
53,Female,8/19/24,9:32:00 PM,22,363196,0.548350228,0.802127812,Perceptual,1.462802003,13,Lower,
53,Female,8/19/24,9:32:00 PM,22,363196,0.548350228,1.306501348,Adjusted,2.382603821,13,Lower,
53,Female,8/19/24,9:32:00 PM,22,363196,0.548350228,0.639574153,Perceptual,1.166360695,23.5,Higher,
53,Female,8/19/24,9:32:00 PM,22,363196,0.548350228,1.231685623,Adjusted,2.246165972,23.5,Higher,
1025,Female,8/20/24,9:11:00 PM,25,360805,0.551984006,1.149869732,Perceptual,2.0831577,4,Lower,
1025,Female,8/20/24,9:11:00 PM,25,360805,0.551984006,1.145877395,Adjusted,2.075924997,4,Lower,
1025,Female,8/20/24,9:11:00 PM,25,360805,0.551984006,0.662077196,Perceptual,1.199449964,16,Higher,
1025,Female,8/20/24,9:11:00 PM,25,360805,0.551984006,0.936891242,Adjusted,1.697315922,16,Higher,
1026,Female,8/20/24,9:17:00 PM,26,360805,0.551984006,2.090289812,Perceptual,3.78686663,5,Lower,
1026,Female,8/20/24,9:17:00 PM,26,360805,0.551984006,1.220929361,Adjusted,2.211892642,5,Lower,
1026,Female,8/20/24,9:17:00 PM,26,360805,0.551984006,1.319480846,Perceptual,2.390433115,17,Higher,
1026,Female,8/20/24,9:17:00 PM,26,360805,0.551984006,1.128603987,Adjusted,2.044631684,17,Higher,
1027,Male,8/20/24,9:20:00 PM,33,360805,0.551984006,1.831062194,Perceptual,3.317237773,5,Lower,
1027,Male,8/20/24,9:20:00 PM,33,360805,0.551984006,1.195694611,Adjusted,2.166176191,5,Lower,
1027,Male,8/20/24,9:20:00 PM,33,360805,0.551984006,0.901685461,Perceptual,1.633535486,17.5,Higher,
1027,Male,8/20/24,9:20:00 PM,33,360805,0.551984006,1.208833143,Adjusted,2.189978568,17.5,Higher,
1028,Male,8/20/24,9:26:00 PM,55,360805,0.551984006,3.510578126,Perceptual,6.359927261,6,Lower,
1028,Male,8/20/24,9:26:00 PM,55,360805,0.551984006,3.053543676,Adjusted,5.53194231,6,Lower,
1028,Male,8/20/24,9:26:00 PM,55,360805,0.551984006,2.487882882,Perceptual,4.507164801,19,Higher,
1028,Male,8/20/24,9:26:00 PM,55,360805,0.551984006,1.48716865,Adjusted,2.69422417,19,Higher,
1029,Male,8/20/24,9:30:00 PM,32,360805,0.551984006,1.212839393,Perceptual,2.197236479,7,Lower,
1029,Male,8/20/24,9:30:00 PM,32,360805,0.551984006,1.259424081,Adjusted,2.281631474,7,Lower,
1029,Male,8/20/24,9:30:00 PM,32,360805,0.551984006,1.784478379,Perceptual,3.232844359,18.5,Higher,
1029,Male,8/20/24,9:30:00 PM,32,360805,0.551984006,1.002650554,Adjusted,1.816448562,18.5,Higher,
1030,Male,8/20/24,9:35:00 PM,24,360805,0.551984006,1.79346056,Perceptual,3.249116897,8,Lower,
1030,Male,8/20/24,9:35:00 PM,24,360805,0.551984006,1.090255721,Adjusted,1.975158175,8,Lower,
1030,Male,8/20/24,9:35:00 PM,24,360805,0.551984006,0.715042048,Perceptual,1.295403563,18,Higher,
1030,Male,8/20/24,9:35:00 PM,24,360805,0.551984006,0.833378464,Adjusted,1.50978734,18,Higher,
1031,Female,8/20/24,9:40:00 PM,23,360805,0.551984006,1.672108365,Perceptual,3.029269593,9,Lower,
1031,Female,8/20/24,9:40:00 PM,23,360805,0.551984006,1.282530867,Adjusted,2.323492808,9,Lower,
1031,Female,8/20/24,9:40:00 PM,23,360805,0.551984006,1.341498429,Perceptual,2.430321195,19,Higher,
1031,Female,8/20/24,9:40:00 PM,23,360805,0.551984006,1.114049502,Adjusted,2.018264099,19,Higher,
1032,Male,8/19/24,10:11:00 PM,16,363196,0.548350228,2.890949217,Perceptual,5.272085375,14,Lower,
1032,Male,8/19/24,10:11:00 PM,16,363196,0.548350228,1.384107953,Adjusted,2.524131262,14,Lower,
1032,Male,8/19/24,10:11:00 PM,16,363196,0.548350228,2.019080122,Perceptual,3.68209954,25,Higher,
1032,Male,8/19/24,10:11:00 PM,16,363196,0.548350228,0.966262677,Adjusted,1.762126881,25,Higher,
1033,Male,8/19/24,10:17:00 PM,49,363196,0.548350228,1.594214483,Perceptual,2.907292459,15,Lower,
1033,Male,8/19/24,10:17:00 PM,49,363196,0.548350228,1.002650554,Adjusted,1.828485705,15,Lower,
1033,Male,8/19/24,10:17:00 PM,49,363196,0.548350228,1.184717974,Perceptual,2.160513325,27,Higher,
1033,Male,8/19/24,10:17:00 PM,49,363196,0.548350228,1.037781973,Adjusted,1.892553189,27,Higher,
1034,Female,8/19/24,10:18:00 PM,19,363196,0.548350228,1.893079607,Perceptual,3.452318447,15,Lower,
1034,Female,8/19/24,10:18:00 PM,19,363196,0.548350228,1.489606357,Adjusted,2.716523639,15,Lower,
1034,Female,8/19/24,10:18:00 PM,19,363196,0.548350228,1.736833778,Perceptual,3.167380425,25,Higher,
1034,Female,8/19/24,10:18:00 PM,19,363196,0.548350228,1.655096307,Adjusted,3.018319721,25,Higher,
1035,Female,8/19/24,10:20:00 PM,51,363196,0.548350228,2.034589559,Perceptual,3.710383356,15,Lower,
1035,Female,8/19/24,10:20:00 PM,51,363196,0.548350228,2.654695251,Adjusted,4.841240353,15,Lower,
1035,Female,8/19/24,10:20:00 PM,51,363196,0.548350228,2.239458961,Perceptual,4.083993854,27,Higher,
1035,Female,8/19/24,10:20:00 PM,51,363196,0.548350228,3.240870528,Adjusted,5.910220079,27,Higher,
1036,Female,10/16/24,7:30:00 PM,23,357488,0.557105583,2.565944512,Perceptual,4.605849577,16,Lower,
1036,Female,10/16/24,7:30:00 PM,23,357488,0.557105583,0.928076632,Adjusted,1.665890023,16,Lower,
1036,Female,10/16/24,7:30:00 PM,23,357488,0.557105583,0.785758375,Perceptual,1.410429907,39,Higher,
1036,Female,10/16/24,7:30:00 PM,23,357488,0.557105583,1.01856481,Adjusted,1.828315569,39,Higher,
1037,Female,10/16/24,7:33:00 PM,18,357488,0.557105583,1.710788522,Perceptual,3.070851515,16,Lower,
1037,Female,10/16/24,7:33:00 PM,18,357488,0.557105583,0.876271312,Adjusted,1.572899895,16,Lower,
1037,Female,10/16/24,7:33:00 PM,18,357488,0.557105583,1.330680869,Perceptual,2.388561363,41,Higher,
1037,Female,10/16/24,7:33:00 PM,18,357488,0.557105583,0.98218931,Adjusted,1.763021841,41,Higher,
1038,Female,10/16/24,7:39:00 PM,20,357488,0.557105583,1.769501139,Perceptual,3.176240185,11,Lower,
1038,Female,10/16/24,7:39:00 PM,20,357488,0.557105583,0.859420579,Adjusted,1.542652965,11,Lower,
1038,Female,10/16/24,7:39:00 PM,20,357488,0.557105583,1.327525743,Perceptual,2.382897937,28,Higher,
1038,Female,10/16/24,7:39:00 PM,20,357488,0.557105583,0.859420579,Adjusted,1.542652965,28,Higher,
1039,Female,10/16/24,7:40:00 PM,20,357488,0.557105583,0.896146487,Perceptual,1.608575673,18,Lower,
1039,Female,10/16/24,7:40:00 PM,20,357488,0.557105583,0.948322287,Adjusted,1.70223081,18,Lower,
1039,Female,10/16/24,7:40:00 PM,20,357488,0.557105583,0.723726539,Perceptual,1.299083266,29,Higher,
1039,Female,10/16/24,7:40:00 PM,20,357488,0.557105583,0.912036007,Adjusted,1.637097232,29,Higher,
1040,Female,10/16/24,7:43:00 PM,18,357488,0.557105583,3.227077866,Perceptual,5.792578583,18,Lower,
1040,Female,10/16/24,7:43:00 PM,18,357488,0.557105583,1.905785916,Adjusted,3.420870254,18,Lower,
1040,Female,10/16/24,7:43:00 PM,18,357488,0.557105583,1.07147426,Perceptual,1.923287602,34,Higher,
1040,Female,10/16/24,7:43:00 PM,18,357488,0.557105583,1.519494654,Adjusted,2.727480573,34,Higher,
1041,Female,10/16/24,7:45:00 PM,18,357488,0.557105583,1.360710805,Perceptual,2.442464854,19,Lower,
1041,Female,10/16/24,7:45:00 PM,18,357488,0.557105583,1.48716865,Adjusted,2.669455659,19,Lower,
1041,Female,10/16/24,7:45:00 PM,18,357488,0.557105583,1.334112871,Perceptual,2.394721778,33,Higher,
1041,Female,10/16/24,7:45:00 PM,18,357488,0.557105583,2.075153586,Adjusted,3.724883848,33,Higher,
1042,Male,10/16/24,7:48:00 PM,18,357488,0.557105583,1.251237409,Perceptual,2.245960997,19,Lower,
1042,Male,10/16/24,7:48:00 PM,18,357488,0.557105583,1.164974047,Adjusted,2.091118961,19,Lower,
1042,Male,10/16/24,7:48:00 PM,18,357488,0.557105583,1.152950237,Perceptual,2.069536319,33,Higher,
1042,Male,10/16/24,7:48:00 PM,18,357488,0.557105583,1.31882575,Adjusted,2.367281519,33,Higher,
1043,Female,10/16/24,7:50:00 PM,18,357488,0.557105583,0.953803666,Perceptual,1.712069841,20,Lower,
1043,Female,10/16/24,7:50:00 PM,18,357488,0.557105583,1.057738196,Adjusted,1.898631478,20,Lower,
1043,Female,10/16/24,7:50:00 PM,18,357488,0.557105583,1.718744487,Perceptual,3.085132408,35,Higher,
1043,Female,10/16/24,7:50:00 PM,18,357488,0.557105583,1.222263609,Adjusted,2.19395326,35,Higher,
1044,Female,10/16/24,7:52:00 PM,20,357488,0.557105583,1.279290968,Perceptual,2.296316907,20,Lower,
1044,Female,10/16/24,7:52:00 PM,20,357488,0.557105583,1.397947666,Adjusted,2.509304717,20,Lower,
1044,Female,10/16/24,7:52:00 PM,20,357488,0.557105583,1.228796591,Perceptual,2.205679909,36,Higher,
1044,Female,10/16/24,7:52:00 PM,20,357488,0.557105583,1.247725442,Adjusted,2.239657044,36,Higher,
1045,Male,10/16/24,7:56:00 PM,19,357488,0.557105583,0.723726539,Perceptual,1.299083266,21,Lower,
1045,Male,10/16/24,7:56:00 PM,19,357488,0.557105583,0.913717249,Adjusted,1.640115048,21,Lower,
1045,Male,10/16/24,7:56:00 PM,19,357488,0.557105583,0.688947084,Perceptual,1.236654426,37,Higher,
1045,Male,10/16/24,7:56:00 PM,19,357488,0.557105583,1.247725442,Adjusted,2.239657044,37,Higher,
1046,GNC,10/16/24,7:59:00 PM,18,357488,0.557105583,1.624696813,Perceptual,2.916317596,22,Lower,
1046,GNC,10/16/24,7:59:00 PM,18,357488,0.557105583,1.718744487,Adjusted,3.085132408,22,Lower,
1046,GNC,10/16/24,7:59:00 PM,18,357488,0.557105583,1.482331925,Perceptual,2.660773778,36,Higher,
1046,GNC,10/16/24,7:59:00 PM,18,357488,0.557105583,1.426474292,Adjusted,2.56050978,36,Higher,
1047,Male,10/16/24,8:01:00 PM,23,357488,0.557105583,0.925818941,Perceptual,1.661837487,22,Lower,
1047,Male,10/16/24,8:01:00 PM,23,357488,0.557105583,1.282530867,Adjusted,2.3021325,22,Lower,
1047,Male,10/16/24,8:01:00 PM,23,357488,0.557105583,0.862957156,Perceptual,1.549001092,39,Higher,
1047,Male,10/16/24,8:01:00 PM,23,357488,0.557105583,1.250040148,Adjusted,2.243811922,39,Higher,
1048,Female,10/16/24,8:03:00 PM,18,357488,0.557105583,1.579206761,Perceptual,2.834663321,22,Lower,
1048,Female,10/16/24,8:03:00 PM,18,357488,0.557105583,1.089984395,Adjusted,1.956513144,22,Lower,
1048,Female,10/16/24,8:03:00 PM,18,357488,0.557105583,0.822348836,Perceptual,1.476109487,39.5,Higher,
1048,Female,10/16/24,8:03:00 PM,18,357488,0.557105583,0.916712916,Adjusted,1.645492246,39.5,Higher,
1049,Male,10/16/24,8:04:00 PM,18,357488,0.557105583,2.700586663,Perceptual,4.847531146,22,Lower,
1049,Male,10/16/24,8:04:00 PM,18,357488,0.557105583,2.368622722,Adjusted,4.251658566,22,Lower,
1049,Male,10/16/24,8:04:00 PM,18,357488,0.557105583,1.644612978,Perceptual,2.952066951,41,Higher,
1049,Male,10/16/24,8:04:00 PM,18,357488,0.557105583,2.075153586,Adjusted,3.724883848,41,Higher,
1050,Male,10/16/24,8:06:00 PM,22,357488,0.557105583,0.842163765,Perceptual,1.511677125,23,Lower,
1050,Male,10/16/24,8:06:00 PM,22,357488,0.557105583,0.920469775,Adjusted,1.652235777,23,Lower,
1050,Male,10/16/24,8:06:00 PM,22,357488,0.557105583,0.832138361,Perceptual,1.493681605,40,Higher,
1050,Male,10/16/24,8:06:00 PM,22,357488,0.557105583,1.002650554,Adjusted,1.799749608,40,Higher,
1051,Female,10/16/24,8:08:00 PM,21,357488,0.557105583,1.704773025,Perceptual,3.060053747,23,Lower,
1051,Female,10/16/24,8:08:00 PM,21,357488,0.557105583,0.971513854,Adjusted,1.743859484,23,Lower,
1051,Female,10/16/24,8:08:00 PM,21,357488,0.557105583,0.884946922,Perceptual,1.588472545,42,Higher,
1051,Female,10/16/24,8:08:00 PM,21,357488,0.557105583,0.970634698,Adjusted,1.742281406,42,Higher,
1052,Female,10/16/24,8:10:00 PM,18,357488,0.557105583,2.274680665,Perceptual,4.083033336,24,Lower,
1052,Female,10/16/24,8:10:00 PM,18,357488,0.557105583,1.059401211,Adjusted,1.901616578,24,Lower,
1052,Female,10/16/24,8:10:00 PM,18,357488,0.557105583,1.122493654,Perceptual,2.014867,45,Higher,
1052,Female,10/16/24,8:10:00 PM,18,357488,0.557105583,1.309560805,Adjusted,2.350651018,45,Higher,
1053,Female,10/16/24,8:12:00 PM,21,357488,0.557105583,0.931990796,Perceptual,1.672915917,24,Lower,
1053,Female,10/16/24,8:12:00 PM,21,357488,0.557105583,1.12296133,Adjusted,2.015706474,24,Lower,
1053,Female,10/16/24,8:12:00 PM,21,357488,0.557105583,0.7483424,Perceptual,1.343268536,44,Higher,
1053,Female,10/16/24,8:12:00 PM,21,357488,0.557105583,1.625492152,Adjusted,2.917745223,44,Higher,
1054,Female,10/17/24,7:16:00 PM,21,357252,0.5574736,2.554658749,Perceptual,4.58256454,7,Lower,
1054,Female,10/17/24,7:16:00 PM,21,357252,0.5574736,1.624102038,Adjusted,2.913325473,7,Lower,
1054,Female,10/17/24,7:16:00 PM,21,357252,0.5574736,1.311532863,Perceptual,2.352636723,36,Higher,
1054,Female,10/17/24,7:16:00 PM,21,357252,0.5574736,2.150542905,Adjusted,3.857658743,36,Higher,
1055,Female,10/17/24,7:24:00 PM,22,357252,0.5574736,1.343913456,Perceptual,2.410721256,8,Lower,
1055,Female,10/17/24,7:24:00 PM,22,357252,0.5574736,0.98218931,Adjusted,1.76185798,8,Lower,
1055,Female,10/17/24,7:24:00 PM,22,357252,0.5574736,0.680596408,Perceptual,1.220858546,36,Higher,
1055,Female,10/17/24,7:24:00 PM,22,357252,0.5574736,0.950844305,Adjusted,1.705631093,36,Higher,
1056,Female,10/17/24,7:30:00 PM,18,357252,0.5574736,2.002819223,Perceptual,3.592670979,10,Lower,
1056,Female,10/17/24,7:30:00 PM,18,357252,0.5574736,1.089154297,Adjusted,1.953732513,10,Lower,
1056,Female,10/17/24,7:30:00 PM,18,357252,0.5574736,0.515658535,Perceptual,0.924991848,37,Higher,
1056,Female,10/17/24,7:30:00 PM,18,357252,0.5574736,1.057738196,Adjusted,1.897378093,37,Higher,
1057,Male,10/17/24,7:35:00 PM,23,357252,0.5574736,2.06242534,Perceptual,3.699592844,11,Lower,
1057,Male,10/17/24,7:35:00 PM,23,357252,0.5574736,1.650004408,Adjusted,2.959789323,11,Lower,
1057,Male,10/17/24,7:35:00 PM,23,357252,0.5574736,1.299788804,Perceptual,2.33157015,32,Higher,
1057,Male,10/17/24,7:35:00 PM,23,357252,0.5574736,1.45618934,Adjusted,2.612122514,32,Higher,
1058,Female,10/17/24,7:46:00 PM,,357252,0.5574736,1.945707392,Perceptual,3.490223382,13,Lower,
1058,Female,10/17/24,7:46:00 PM,,357252,0.5574736,1.413720234,Perceptual,2.535941136,34,Higher,
1058,Female,10/17/24,7:46:00 PM,,357252,0.5574736,1.392436484,Adjusted,2.497762199,34,Higher,
1059,Female,10/17/24,7:40:00 PM,18,357252,0.5574736,2.055686836,Perceptual,3.687505269,11,Lower,
1059,Female,10/17/24,7:40:00 PM,18,357252,0.5574736,2.034589559,Adjusted,3.649660829,11,Lower,
1059,Female,10/17/24,7:40:00 PM,18,357252,0.5574736,1.909682508,Perceptual,3.425601695,36,Higher,
1059,Female,10/17/24,7:40:00 PM,18,357252,0.5574736,2.340792235,Adjusted,4.198929306,36,Higher,
1060,Female,10/17/24,7:42:00 PM,,357252,0.5574736,1.391862914,Perceptual,2.496733326,12,Lower,
1060,Female,10/17/24,7:42:00 PM,,357252,0.5574736,2.267661881,Adjusted,4.067747572,12,Lower,
1060,Female,10/17/24,7:42:00 PM,,357252,0.5574736,1.270589024,Perceptual,2.279191382,34,Higher,
1060,Female,10/17/24,7:42:00 PM,,357252,0.5574736,1.853903911,Adjusted,3.325545661,34,Higher,
1061,Female,10/17/24,7:45:00 PM,19,357252,0.5574736,1.968844299,Perceptual,3.531726525,12,Lower,
1061,Female,10/17/24,7:45:00 PM,19,357252,0.5574736,1.620759362,Perceptual,2.907329357,29,Higher,
1061,Female,10/17/24,7:45:00 PM,19,357252,0.5574736,1.433788784,Adjusted,2.57194024,29,Higher,
1062,Female,10/17/24,7:54:00 PM,19,357252,0.5574736,1.880532325,Perceptual,3.373311895,14,Lower,
1062,Female,10/17/24,7:54:00 PM,19,357252,0.5574736,1.813165646,Adjusted,3.252469081,14,Lower,
1062,Female,10/17/24,7:54:00 PM,19,357252,0.5574736,1.600807345,Perceptual,2.87153929,36,Higher,
1062,Female,10/17/24,7:54:00 PM,19,357252,0.5574736,2.329707334,Adjusted,4.179045134,36,Higher,
1063,Female,10/17/24,7:55:00 PM,21,357252,0.5574736,1.386709134,Perceptual,2.487488439,14,Lower,
1063,Female,10/17/24,7:55:00 PM,21,357252,0.5574736,1.234015239,Adjusted,2.213585074,14,Lower,
1063,Female,10/17/24,7:55:00 PM,21,357252,0.5574736,0.726115012,Perceptual,1.302510132,39,Higher,
1063,Female,10/17/24,7:55:00 PM,21,357252,0.5574736,0.994022326,Adjusted,1.783084126,39,Higher,
1064,Female,10/17/24,8:06:00 PM,20,357252,0.5574736,1.258469416,Perceptual,2.257451145,16,Lower,
1064,Female,10/17/24,8:06:00 PM,20,357252,0.5574736,2.122305503,Adjusted,3.807006295,16,Lower,
1064,Female,10/17/24,8:06:00 PM,20,357252,0.5574736,1.811406843,Perceptual,3.249314128,45,Higher,
1064,Female,10/17/24,8:06:00 PM,20,357252,0.5574736,1.358058596,Adjusted,2.436094906,45,Higher,
1065,Female,10/17/24,8:00:00 PM,18,357252,0.5574736,1.253535508,Perceptual,2.248600666,15,Lower,
1065,Female,10/17/24,8:00:00 PM,18,357252,0.5574736,0.887142733,Adjusted,1.591362772,15,Lower,
1065,Female,10/17/24,8:00:00 PM,18,357252,0.5574736,0.769274434,Perceptual,1.379929802,35,Higher,
1065,Female,10/17/24,8:00:00 PM,18,357252,0.5574736,0.927012614,Adjusted,1.662881641,35,Higher,
1066,Female,10/17/24,8:03:00 PM,20,357252,0.5574736,1.851517033,Perceptual,3.321264064,16,Lower,
1066,Female,10/17/24,8:03:00 PM,20,357252,0.5574736,0.8505609,Adjusted,1.525742027,16,Lower,
1066,Female,10/17/24,8:03:00 PM,20,357252,0.5574736,1.041055553,Perceptual,1.867452654,38,Higher,
1066,Female,10/17/24,8:03:00 PM,20,357252,0.5574736,1.182838598,Adjusted,2.12178406,38,Higher,
1067,Female,10/17/24,8:05:00 PM,23,357252,0.5574736,1.360710805,Perceptual,2.440852457,16,Lower,
1067,Female,10/17/24,8:05:00 PM,23,357252,0.5574736,0.943673859,Adjusted,1.692768697,16,Lower,
1067,Female,10/17/24,8:05:00 PM,23,357252,0.5574736,0.98218931,Perceptual,1.76185798,40,Higher,
1067,Female,10/17/24,8:05:00 PM,23,357252,0.5574736,1.057738196,Adjusted,1.897378093,40,Higher,
1068,Female,10/17/24,8:09:00 PM,22,357252,0.5574736,1.511884227,Perceptual,2.712028387,17,Lower,
1068,Female,10/17/24,8:09:00 PM,22,357252,0.5574736,1.290746879,Adjusted,2.315350681,17,Lower,
1068,Female,10/17/24,8:09:00 PM,22,357252,0.5574736,1.352259972,Perceptual,2.425693295,40,Higher,
1068,Female,10/17/24,8:09:00 PM,22,357252,0.5574736,1.117232299,Adjusted,2.004099028,40,Higher,
1069,Female,10/17/24,8:12:00 PM,38,357252,0.5574736,1.011682974,Perceptual,1.814763919,17,Lower,
1069,Female,10/17/24,8:12:00 PM,38,357252,0.5574736,1.604177026,Adjusted,2.877583847,17,Lower,
1069,Female,10/17/24,8:12:00 PM,38,357252,0.5574736,0.5888052,Perceptual,1.056202842,37,Higher,
1069,Female,10/17/24,8:12:00 PM,38,357252,0.5574736,1.432319891,Adjusted,2.56930533,37,Higher,
1070,Female,10/17/24,8:15:00 PM,23,357252,0.5574736,1.436726568,Perceptual,2.577210058,18,Lower,
1070,Female,10/17/24,8:15:00 PM,23,357252,0.5574736,1.896514697,Adjusted,3.401981184,18,Lower,
1070,Female,10/17/24,8:15:00 PM,23,357252,0.5574736,0.862957156,Perceptual,1.547978516,38,Higher,
1070,Female,10/17/24,8:15:00 PM,23,357252,0.5574736,1.644612978,Adjusted,2.950118139,38,Higher,
1071,Female,10/17/24,8:17:00 PM,21,357252,0.5574736,1.670199359,Perceptual,2.996015166,18,Lower,
1071,Female,10/17/24,8:17:00 PM,21,357252,0.5574736,1.385422376,Adjusted,2.485180243,18,Lower,
1071,Female,10/17/24,8:17:00 PM,21,357252,0.5574736,0.976377821,Perceptual,1.751433291,41,Higher,
1071,Female,10/17/24,8:17:00 PM,21,357252,0.5574736,1.536190407,Adjusted,2.755628981,41,Higher,
1072,Female,10/17/24,8:20:00 PM,18,357252,0.5574736,1.829709697,Perceptual,3.282145914,19,Lower,
1072,Female,10/17/24,8:20:00 PM,18,357252,0.5574736,2.24547677,Adjusted,4.027951765,19,Lower,
1072,Female,10/17/24,8:20:00 PM,18,357252,0.5574736,0.709719291,Perceptual,1.273099374,39,Higher,
1072,Female,10/17/24,8:20:00 PM,18,357252,0.5574736,1.419384137,Adjusted,2.546101086,39,Higher,
1073,Female,10/17/24,8:23:00 PM,,357252,0.5574736,1.83253705,Perceptual,3.287217639,20,Lower,
1073,Female,10/17/24,8:23:00 PM,,357252,0.5574736,1.799527184,Adjusted,3.228004313,20,Lower,
1073,Female,10/17/24,8:23:00 PM,,357252,0.5574736,0.957523618,Perceptual,1.717612491,35,Higher,
1073,Female,10/17/24,8:23:00 PM,,357252,0.5574736,1.848711805,Adjusted,3.316232026,35,Higher,
1074,Female,10/17/24,8:26:00 PM,20,357252,0.5574736,2.01923239,Perceptual,3.622113031,20,Lower,
1074,Female,10/17/24,8:26:00 PM,20,357252,0.5574736,1.636910923,Adjusted,2.93630214,20,Lower,
1074,Female,10/17/24,8:26:00 PM,20,357252,0.5574736,0.674568933,Perceptual,1.210046419,44,Higher,
1074,Female,10/17/24,8:26:00 PM,20,357252,0.5574736,1.556619766,Adjusted,2.792275305,44,Higher,
52,Female,10/17/24,8:28:00 PM,19,357252,0.5574736,0.580205467,Perceptual,1.040776581,21,Lower,
52,Female,10/17/24,8:28:00 PM,19,357252,0.5574736,0.938859412,Adjusted,1.68413251,21,Lower,
52,Female,10/17/24,8:28:00 PM,19,357252,0.5574736,0.584187201,Perceptual,1.047919042,46,Higher,
52,Female,10/17/24,8:28:00 PM,19,357252,0.5574736,0.98218931,Adjusted,1.76185798,46,Higher,
1076,GNC,10/17/24,8:30:00 PM,23,357252,0.5574736,1.086038351,Perceptual,1.948143108,21,Lower,
1076,GNC,10/17/24,8:30:00 PM,23,357252,0.5574736,0.999766758,Adjusted,1.793388527,21,Lower,
1077,Female,10/17/24,8:33:00 PM,18,357252,0.5574736,1.905785916,Perceptual,3.418611961,21,Lower,
1077,Female,10/17/24,8:33:00 PM,18,357252,0.5574736,0.91972829,Perceptual,1.649814969,43,Higher,
1077,Female,10/17/24,8:33:00 PM,18,357252,0.5574736,1.336840871,Adjusted,2.398034404,43,Higher,
1078,Female,10/17/24,8:35:00 PM,,357252,0.5574736,0.739902102,Perceptual,1.327241509,22,Lower,
1078,Female,10/17/24,8:35:00 PM,,357252,0.5574736,1.103440166,Adjusted,1.979358604,22,Lower,
1078,Female,10/17/24,8:35:00 PM,,357252,0.5574736,0.729634352,Perceptual,1.308823149,44,Higher,
1078,Female,10/17/24,8:35:00 PM,,357252,0.5574736,1.057738196,Adjusted,1.897378093,44,Higher,
1079,Female,10/17/24,8:37:00 PM,18,357252,0.5574736,1.099036285,Perceptual,1.971458891,22,Lower,
1079,Female,10/17/24,8:37:00 PM,18,357252,0.5574736,1.011075753,Adjusted,1.813674681,22,Lower,
1079,Female,10/17/24,8:37:00 PM,18,357252,0.5574736,0.670772196,Perceptual,1.203235807,43,Higher,
1079,Female,10/17/24,8:37:00 PM,18,357252,0.5574736,1.103440166,Adjusted,1.979358604,43,Higher,
1080,Female,10/17/24,8:40:00 PM,22,357252,0.5574736,1.287254341,Perceptual,2.309085743,23,Lower,
1080,Female,10/17/24,8:40:00 PM,22,357252,0.5574736,0.906486325,Adjusted,1.626061441,23,Lower,
1080,Female,10/17/24,8:40:00 PM,22,357252,0.5574736,0.751157989,Perceptual,1.347432398,43,Higher,
1080,Female,10/17/24,8:40:00 PM,22,357252,0.5574736,1.145877395,Adjusted,2.0554828,43,Higher,
54,Female,10/17/24,8:42:00 PM,23,357252,0.5574736,0.812452388,Perceptual,1.457382715,23,Lower,
54,Female,10/17/24,8:42:00 PM,23,357252,0.5574736,1.141123032,Adjusted,2.046954391,23,Lower,
54,Female,10/17/24,8:42:00 PM,23,357252,0.5574736,0.964126919,Perceptual,1.729457537,44,Higher,
54,Female,10/17/24,8:42:00 PM,23,357252,0.5574736,1.111843602,Adjusted,1.994432746,44,Higher,
1082,Female,10/17/24,8:45:00 PM,18,357252,0.5574736,1.17275113,Perceptual,2.10368909,24,Lower,
1082,Female,10/17/24,8:45:00 PM,18,357252,0.5574736,1.203543234,Adjusted,2.158924181,24,Lower,
1082,Female,10/17/24,8:45:00 PM,18,357252,0.5574736,0.838042729,Perceptual,1.503286846,45,Higher,
1082,Female,10/17/24,8:45:00 PM,18,357252,0.5574736,1.336840871,Adjusted,2.398034404,45,Higher,
32131,Female,11/15/24,5:10:00 PM,21,361929,0.550269801,1.511884227,Perceptual,2.747532619,4,Lower,
32131,Female,11/15/24,5:10:00 PM,21,361929,0.550269801,0.950844305,Adjusted,1.727960182,4,Lower,
32131,Female,11/15/24,5:10:00 PM,21,361929,0.550269801,0.677124059,Perceptual,1.230531019,23,Higher,
32131,Female,11/15/24,5:10:00 PM,21,361929,0.550269801,1.117232299,Adjusted,2.030335478,23,Higher,
31948,Male,11/15/24,5:12:00 PM,19,361929,0.550269801,1.600807345,Perceptual,2.909131743,5,Lower,
31948,Male,11/15/24,5:12:00 PM,19,361929,0.550269801,1.222263609,Adjusted,2.221207864,5,Lower,
1083,Female,11/15/24,5:14:00 PM,22,361929,0.550269801,1.471027043,Perceptual,2.673283252,5,Lower,
1083,Female,11/15/24,5:14:00 PM,22,361929,0.550269801,1.3524933,Adjusted,2.457873025,5,Lower,
32002,Male,11/15/24,5:16:00 PM,20,361929,0.550269801,0.913717249,Perceptual,1.660489542,5,Lower,
32002,Male,11/15/24,5:16:00 PM,20,361929,0.550269801,0.932249743,Adjusted,1.694168464,5,Lower,
32245,Female,11/15/24,5:18:00 PM,20,361929,0.550269801,0.732624576,Perceptual,1.331391573,6,Lower,
32245,Female,11/15/24,5:18:00 PM,20,361929,0.550269801,1.279108462,Adjusted,2.324511467,6,Lower,
32245,Female,11/15/24,5:18:00 PM,20,361929,0.550269801,0.634654453,Perceptual,1.153351414,23,Higher,
32245,Female,11/15/24,5:18:00 PM,20,361929,0.550269801,1.103440166,Adjusted,2.005271167,23,Higher,
31924,Female,11/15/24,5:20:00 PM,19,361929,0.550269801,1.759660617,Perceptual,3.197814262,6,Lower,
31924,Female,11/15/24,5:20:00 PM,19,361929,0.550269801,1.057738196,Adjusted,1.922217418,6,Lower,
31924,Female,11/15/24,5:20:00 PM,19,361929,0.550269801,1.212839393,Perceptual,2.204081327,24,Higher,
31924,Female,11/15/24,5:20:00 PM,19,361929,0.550269801,1.1697482,Adjusted,2.125772117,24,Higher,
1084,Female,11/15/24,5:22:00 PM,20,361929,0.550269801,1.36366988,Perceptual,2.478184116,6,Lower,
1084,Female,11/15/24,5:22:00 PM,20,361929,0.550269801,1.519494654,Adjusted,2.761362974,6,Lower,
1084,Female,11/15/24,5:22:00 PM,20,361929,0.550269801,1.414960213,Perceptual,2.571393544,25,Higher,
1084,Female,11/15/24,5:22:00 PM,20,361929,0.550269801,1.704773025,Adjusted,3.09806757,25,Higher,
31504,Female,11/15/24,5:24:00 PM,20,361929,0.550269801,1.118432995,Perceptual,2.03251749,7,Lower,
31504,Female,11/15/24,5:24:00 PM,20,361929,0.550269801,1.030244973,Adjusted,1.87225425,7,Lower,
31504,Female,11/15/24,5:24:00 PM,20,361929,0.550269801,0.522185768,Perceptual,0.948963159,23,Higher,
31504,Female,11/15/24,5:24:00 PM,20,361929,0.550269801,0.971513854,Adjusted,1.765522753,23,Higher,
1085,Male,11/15/24,5:26:00 PM,19,361929,0.550269801,1.715230198,Perceptual,3.11707129,7,Lower,
1085,Male,11/15/24,5:26:00 PM,19,361929,0.550269801,1.357234609,Adjusted,2.466489359,7,Lower,
1066,Female,11/15/24,5:37:00 PM,18,361929,0.550269801,1.772318034,Perceptual,3.220816464,9,Lower,
1066,Female,11/15/24,5:37:00 PM,18,361929,0.550269801,1.633669955,Adjusted,2.968852648,9,Lower,
1066,Female,11/15/24,5:37:00 PM,18,361929,0.550269801,1.414960213,Perceptual,2.571393544,24,Higher,
1066,Female,11/15/24,5:37:00 PM,18,361929,0.550269801,1.079773117,Adjusted,1.962261268,24,Higher,
1072,Female,11/15/24,5:39:00 PM,18,361929,0.550269801,0.912986599,Perceptual,1.659161737,10,Lower,
1072,Female,11/15/24,5:39:00 PM,18,361929,0.550269801,1.234015239,Adjusted,2.242563988,10,Lower,
1072,Female,11/15/24,5:39:00 PM,18,361929,0.550269801,1.027926119,Perceptual,1.868040218,22,Higher,
1072,Female,11/15/24,5:39:00 PM,18,361929,0.550269801,1.27608052,Adjusted,2.319008817,22,Higher,
1056,Female,11/15/24,5:51:00 PM,18,361929,0.550269801,0.738803762,Perceptual,1.342620949,11,Lower,
1056,Female,11/15/24,5:51:00 PM,18,361929,0.550269801,0.955928799,Adjusted,1.737200183,11,Lower,
1056,Female,11/15/24,5:51:00 PM,18,361929,0.550269801,0.710748657,Perceptual,1.291636677,24,Higher,
1056,Female,11/15/24,5:51:00 PM,18,361929,0.550269801,1.015671312,Adjusted,1.845769675,24,Higher,
1087,Female,11/15/24,5:59:00 PM,18,361929,0.550269801,1.986670705,Perceptual,3.610357504,13,Lower,
1087,Female,11/15/24,5:59:00 PM,18,361929,0.550269801,1.321114733,Adjusted,2.400849059,13,Lower,
1087,Female,11/15/24,5:59:00 PM,18,361929,0.550269801,1.482331925,Perceptual,2.693827506,,Higher,
1087,Female,11/15/24,5:59:00 PM,18,361929,0.550269801,1.625492152,Adjusted,2.953991205,,Higher,
1088,Male,11/15/24,6:03:00 PM,18,361929,0.550269801,2.148339997,Perceptual,3.904157549,14,Lower,
1088,Male,11/15/24,6:03:00 PM,18,361929,0.550269801,1.384107953,Adjusted,2.515326029,14,Lower,
1088,Male,11/15/24,6:03:00 PM,18,361929,0.550269801,0.738803762,Perceptual,1.342620949,30,Higher,
1088,Male,11/15/24,6:03:00 PM,18,361929,0.550269801,1.039783757,Adjusted,1.88958899,30,Higher,
1089,Female,11/15/24,6:07:00 PM,19,361929,0.550269801,1.373347782,Perceptual,2.495771673,14,Lower,
1089,Female,11/15/24,6:07:00 PM,19,361929,0.550269801,0.884946922,Adjusted,1.608205504,14,Lower,
1089,Female,11/15/24,6:07:00 PM,19,361929,0.550269801,1.213277051,Perceptual,2.204876678,,Higher,
1089,Female,11/15/24,6:07:00 PM,19,361929,0.550269801,0.916712916,Adjusted,1.665933538,,Higher,
1090,Female,11/15/24,6:01:00 PM,18,361929,0.550269801,1.098697162,Perceptual,1.996651752,13,Lower,
1090,Female,11/15/24,6:01:00 PM,18,361929,0.550269801,1.370539568,Adjusted,2.490668333,13,Lower,
1090,Female,11/15/24,6:01:00 PM,18,361929,0.550269801,1.395597419,Perceptual,2.536205725,29,Higher,
1090,Female,11/15/24,6:01:00 PM,18,361929,0.550269801,1.755307858,Adjusted,3.189904036,29,Higher,
1082,Female,11/15/24,6:11:00 PM,18,361929,0.550269801,1.013029421,Perceptual,1.840968593,15,Lower,
1082,Female,11/15/24,6:11:00 PM,18,361929,0.550269801,1.002650554,Adjusted,1.822107177,15,Lower,
1082,Female,11/15/24,6:11:00 PM,18,361929,0.550269801,0.884803315,Perceptual,1.607944527,31,Higher,
1082,Female,11/15/24,6:11:00 PM,18,361929,0.550269801,1.057738196,Adjusted,1.922217418,31,Higher,
1091,Male,11/15/24,6:15:00 PM,19,361929,0.550269801,2.812137243,Perceptual,5.110469879,16,Lower,
1091,Male,11/15/24,6:15:00 PM,19,361929,0.550269801,1.45618934,Adjusted,2.646318839,16,Lower,
1091,Male,11/15/24,6:15:00 PM,19,361929,0.550269801,1.270872456,Perceptual,2.309544253,,Higher,
1091,Male,11/15/24,6:15:00 PM,19,361929,0.550269801,1.426474292,Adjusted,2.592317969,,Higher,
1092,Female,11/15/24,6:20:00 PM,,361929,0.550269801,1.792183375,Perceptual,3.256917556,17,Lower,
1092,Female,11/15/24,6:20:00 PM,,361929,0.550269801,2.852506626,Adjusted,5.18383277,17,Lower,
1092,Female,11/15/24,6:20:00 PM,,361929,0.550269801,1.642366547,Perceptual,2.98465688,32,Higher,
1092,Female,11/15/24,6:20:00 PM,,361929,0.550269801,2.176977684,Adjusted,3.956200541,32,Higher,
31459,Female,11/15/24,6:22:00 PM,,361929,0.550269801,1.162015415,Perceptual,2.111719402,17,Lower,
31459,Female,11/15/24,6:22:00 PM,,361929,0.550269801,0.912036007,Adjusted,1.657434237,17,Lower,
31459,Female,11/15/24,6:22:00 PM,,361929,0.550269801,0.905624111,Perceptual,1.64578196,,Higher,
31459,Female,11/15/24,6:22:00 PM,,361929,0.550269801,0.93103593,Adjusted,1.691962612,,Higher,
5000,Female,1/12/25,12:00:00 AM,20,379144,0.525285207,1.612663617,Perceptual,3.0700724,5,Lower,7.294711213
5000,Female,1/12/25,12:00:00 AM,20,379144,0.525285207,0.788183479,Adjusted,1.500486722,5,Lower,7.294711213
5000,Female,1/12/25,12:00:00 AM,20,379144,0.525285207,0.760681729,Perceptual,1.448130879,18,Higher,6.823631807
5000,Female,1/12/25,12:00:00 AM,20,379144,0.525285207,1.258842542,Adjusted,2.396493418,18,Higher,6.823631807
6875341,Female,1/12/25,4:35:00 PM,18,379144,0.525285207,0.981040607,Perceptual,1.867634179,6,Lower,7.488434886
6875341,Female,1/12/25,4:35:00 PM,18,379144,0.525285207,0.633904286,Adjusted,1.206781149,6,Lower,7.488434886
6875341,Female,1/12/25,4:35:00 PM,18,379144,0.525285207,0.729209169,Perceptual,1.388215695,17,Higher,8.621727701
6875341,Female,1/12/25,4:35:00 PM,18,379144,0.525285207,0.827591315,Adjusted,1.575508512,17,Higher,8.621727701
32437,Female,1/12/25,4:38:00 PM,19,379144,0.525285207,1.057738196,Perceptual,2.013645503,6,Lower,10.05881409
32437,Female,1/12/25,4:38:00 PM,19,379144,0.525285207,0.64072032,Adjusted,1.219757021,6,Lower,10.05881409
32437,Female,1/12/25,4:38:00 PM,19,379144,0.525285207,0.499892892,Perceptual,0.951659946,20,Higher,9.064201289
32437,Female,1/12/25,4:38:00 PM,19,379144,0.525285207,0.846399532,Adjusted,1.611314236,20,Higher,9.064201289
6875476,Female,1/12/25,4:40:00 PM,18,379144,0.525285207,0.904846579,Perceptual,1.722581497,7,Lower,8.004404646
6875476,Female,1/12/25,4:40:00 PM,18,379144,0.525285207,0.58706492,Adjusted,1.11761175,7,Lower,8.004404646
6875476,Female,1/12/25,4:40:00 PM,18,379144,0.525285207,0.364608276,Perceptual,0.694114874,21,Higher,8.804817396
6875476,Female,1/12/25,4:40:00 PM,18,379144,0.525285207,1.122493654,Adjusted,2.136922263,21,Higher,8.804817396
6873834,Female,1/12/25,4:42:00 PM,18,379144,0.525285207,2.739710793,Perceptual,5.21566333,7,Lower,3.109192103
6873834,Female,1/12/25,4:42:00 PM,18,379144,0.525285207,3.624410704,Adjusted,6.899891058,7,Lower,3.109192103
6873834,Female,1/12/25,4:42:00 PM,18,379144,0.525285207,2.379636412,Perceptual,4.530179757,21,Higher,7.09612632
6873834,Female,1/12/25,4:42:00 PM,18,379144,0.525285207,3.038455149,Adjusted,5.784391237,21,Higher,7.09612632
5001,Female,1/12/25,4:45:00 PM,19,379144,0.525285207,1.135429352,Perceptual,2.161548311,7,Lower,8.970083494
5001,Female,1/12/25,4:45:00 PM,19,379144,0.525285207,0.61429938,Adjusted,1.169458747,7,Lower,8.970083494
5001,Female,1/12/25,4:45:00 PM,19,379144,0.525285207,0.506694068,Perceptual,0.964607532,21,Higher,8.640005515
5001,Female,1/12/25,4:45:00 PM,19,379144,0.525285207,0.94083587,Adjusted,1.791095308,21,Higher,8.640005515
5002,Male,1/12/25,4:48:00 PM,18,379144,0.525285207,0.98218931,Perceptual,1.869820997,8,Lower,6.593008838
5002,Male,1/12/25,4:48:00 PM,18,379144,0.525285207,0.551732873,Adjusted,1.050349153,8,Lower,6.593008838
5002,Male,1/12/25,4:48:00 PM,18,379144,0.525285207,0.957523618,Perceptual,1.822864236,20,Higher,9.382955103
5002,Male,1/12/25,4:48:00 PM,18,379144,0.525285207,0.808868159,Adjusted,1.53986472,20,Higher,9.382955103
5003,Female,1/12/25,4:49:00 PM,19,379144,0.525285207,1.687356474,Perceptual,3.212267261,8,Lower,8.453419144
5003,Female,1/12/25,4:49:00 PM,19,379144,0.525285207,0.902823906,Adjusted,1.718730878,8,Lower,8.453419144
5003,Female,1/12/25,4:49:00 PM,19,379144,0.525285207,1.363324295,Perceptual,2.595398225,21,Higher,13.01196055
5003,Female,1/12/25,4:49:00 PM,19,379144,0.525285207,1.45618934,Adjusted,2.772187985,21,Higher,13.01196055
5004,Female,1/12/25,4:52:00 PM,18,379144,0.525285207,0.539738859,Perceptual,1.027515817,9,Lower,8.604622737
5004,Female,1/12/25,4:52:00 PM,18,379144,0.525285207,0.654801782,Adjusted,1.246564291,9,Lower,8.604622737
5004,Female,1/12/25,4:52:00 PM,18,379144,0.525285207,0.585143301,Perceptual,1.113953511,22,Higher,9.709832935
5004,Female,1/12/25,4:52:00 PM,18,379144,0.525285207,1.064561922,Adjusted,2.02663602,22,Higher,9.709832935
5005,Female,1/12/25,4:55:00 PM,20,379144,0.525285207,2.241722751,Perceptual,4.267629699,9,Lower,5.54066305
5005,Female,1/12/25,4:55:00 PM,20,379144,0.525285207,1.412066927,Adjusted,2.688190925,9,Lower,5.54066305
5005,Female,1/12/25,4:55:00 PM,20,379144,0.525285207,1.577610191,Perceptual,3.003340223,24,Higher,8.245107943
5005,Female,1/12/25,4:55:00 PM,20,379144,0.525285207,2.098464735,Adjusted,3.994905445,24,Higher,8.245107943
5006,Female,1/12/25,4:58:00 PM,20,379144,0.525285207,1.064561922,Perceptual,2.02663602,10,Lower,6.878678708
5006,Female,1/12/25,4:58:00 PM,20,379144,0.525285207,0.993777987,Adjusted,1.891882682,10,Lower,6.878678708
5006,Female,1/12/25,4:58:00 PM,20,379144,0.525285207,0.890438778,Perceptual,1.695152968,19,Higher,7.320547142
5006,Female,1/12/25,4:58:00 PM,20,379144,0.525285207,1.294405148,Adjusted,2.464194936,19,Higher,7.320547142
5007,Female,1/12/25,,19,379144,0.525285207,0.90663957,Perceptual,1.725994865,29,Higher,7.95552899
5007,Female,1/12/25,,19,379144,0.525285207,1.075366139,Adjusted,2.047204308,29,Higher,7.95552899
5008,Male,1/12/25,5:01:00 PM,19,379144,0.525285207,0.812786963,Perceptual,1.547325056,10,Lower,7.050341244
5008,Male,1/12/25,5:01:00 PM,19,379144,0.525285207,0.739953146,Adjusted,1.408669301,10,Lower,7.050341244
5009,Male,1/12/25,5:04:00 PM,18,379144,0.525285207,1.122493654,Perceptual,2.136922263,11,Lower,8.702106068
5009,Male,1/12/25,5:04:00 PM,18,379144,0.525285207,0.677124059,Adjusted,1.289059828,11,Lower,8.702106068
5009,Male,1/12/25,5:04:00 PM,18,379144,0.525285207,0.790830598,Perceptual,1.505526117,22,Higher,9.123037946
5009,Male,1/12/25,5:04:00 PM,18,379144,0.525285207,0.798035456,Adjusted,1.519242204,22,Higher,9.123037946
5010,Female,1/12/25,5:08:00 PM,20,379144,0.525285207,1.137975314,Perceptual,2.166395128,11,Lower,9.307174718
5010,Female,1/12/25,5:08:00 PM,20,379144,0.525285207,0.800895705,Adjusted,1.524687339,11,Lower,9.307174718
5010,Female,1/12/25,5:08:00 PM,20,379144,0.525285207,0.970821925,Perceptual,1.848180592,25,Higher,10.37838018
5010,Female,1/12/25,5:08:00 PM,20,379144,0.525285207,0.901685461,Adjusted,1.71656359,25,Higher,10.37838018
5011,Female,1/12/25,5:09:00 PM,26,379144,0.525285207,1.078476947,Perceptual,2.05312644,11,Lower,7.839444561
5011,Female,1/12/25,5:09:00 PM,26,379144,0.525285207,1.131373567,Adjusted,2.153827199,11,Lower,7.839444561
5011,Female,1/12/25,5:09:00 PM,26,379144,0.525285207,1.785158848,Perceptual,3.398456351,23,Higher,8.838179506
5011,Female,1/12/25,5:09:00 PM,26,379144,0.525285207,1.204421668,Adjusted,2.292890894,23,Higher,8.838179506
5012,Female,1/12/25,5:12:00 PM,20,379144,0.525285207,1.125170111,Perceptual,2.142017509,12,Lower,8.401760384
5012,Female,1/12/25,5:12:00 PM,20,379144,0.525285207,0.884946922,Adjusted,1.68469797,12,Lower,8.401760384
5012,Female,1/12/25,5:12:00 PM,20,379144,0.525285207,1.08277497,Perceptual,2.061308704,23,Higher,7.196731278
5012,Female,1/12/25,5:12:00 PM,20,379144,0.525285207,1.079773117,Adjusted,2.055593994,23,Higher,7.196731278
5013,Female,1/12/25,5:16:00 PM,18,379144,0.525285207,1.270589024,Perceptual,2.418855522,12,Lower,4.667972706
5013,Female,1/12/25,5:16:00 PM,18,379144,0.525285207,1.650004408,Adjusted,3.141159098,12,Lower,4.667972706
5013,Female,1/12/25,5:16:00 PM,18,379144,0.525285207,1.747182695,Perceptual,3.326160096,27,Higher,9.195393863
5013,Female,1/12/25,5:16:00 PM,18,379144,0.525285207,1.764693051,Adjusted,3.359495046,27,Higher,9.195393863
5014,Female,1/12/25,5:14:00 PM,18,379144,0.525285207,1.167361124,Perceptual,2.222337709,12,Lower,10.55509506
5014,Female,1/12/25,5:14:00 PM,18,379144,0.525285207,1.07147426,Adjusted,2.039795229,12,Lower,10.55509506
5014,Female,1/12/25,5:14:00 PM,18,379144,0.525285207,1.074964199,Perceptual,2.046439124,28,Higher,11.28669156
5014,Female,1/12/25,5:14:00 PM,18,379144,0.525285207,0.961067961,Adjusted,1.829611699,28,Higher,11.28669156
5015,Female,1/12/25,5:18:00 PM,19,379144,0.525285207,1.481032919,Perceptual,2.819483394,13,Lower,8.582254127
5015,Female,1/12/25,5:18:00 PM,19,379144,0.525285207,0.841882021,Adjusted,1.602714124,13,Lower,8.582254127
5015,Female,1/12/25,5:18:00 PM,19,379144,0.525285207,0.913717249,Perceptual,1.739468839,28,Higher,9.942949265
5015,Female,1/12/25,5:18:00 PM,19,379144,0.525285207,1.095327131,Adjusted,2.085204601,28,Higher,9.942949265
5016,Female,1/12/25,5:20:00 PM,19,379144,0.525285207,1.461155452,Perceptual,2.781642109,13,Lower,9.029614558
5016,Female,1/12/25,5:20:00 PM,19,379144,0.525285207,1.039783757,Adjusted,1.979465142,13,Lower,9.029614558
5016,Female,1/12/25,5:20:00 PM,19,379144,0.525285207,2.133527294,Perceptual,4.061655012,28,Higher,10.3041634
5016,Female,1/12/25,5:20:00 PM,19,379144,0.525285207,1.12296133,Adjusted,2.137812591,28,Higher,10.3041634
31453,GNC,1/12/25,5:26:00 PM,21,379144,0.525285207,1.539731404,Perceptual,2.931229327,14,Lower,8.362256297
31453,GNC,1/12/25,5:26:00 PM,21,379144,0.525285207,0.987615502,Adjusted,1.88015099,14,Lower,8.362256297
31453,GNC,1/12/25,5:26:00 PM,21,379144,0.525285207,0.91972829,Perceptual,1.750912223,29,Higher,10.0439734
31453,GNC,1/12/25,5:26:00 PM,21,379144,0.525285207,1.095327131,Adjusted,2.085204601,29,Higher,10.0439734
5018,Female,1/12/25,5:29:00 PM,21,379144,0.525285207,1.996964992,Perceptual,3.801677573,15,Lower,9.05918472
5018,Female,1/12/25,5:29:00 PM,21,379144,0.525285207,0.876271312,Adjusted,1.668181971,15,Lower,9.05918472
5018,Female,1/12/25,5:29:00 PM,21,379144,0.525285207,0.728519302,Perceptual,1.386902375,25,Higher,10.69461087
5018,Female,1/12/25,5:29:00 PM,21,379144,0.525285207,0.932249743,Adjusted,1.774749661,25,Higher,10.69461087
5019,Female,1/12/25,5:33:00 PM,18,379144,0.525285207,2.076264101,Perceptual,3.952641485,16,Lower,9.01469437
5019,Female,1/12/25,5:33:00 PM,18,379144,0.525285207,0.896785197,Adjusted,1.707234822,16,Lower,9.01469437
5019,Female,1/12/25,5:33:00 PM,18,379144,0.525285207,0.413801053,Perceptual,0.787764528,26,Higher,8.66662568
5019,Female,1/12/25,5:33:00 PM,18,379144,0.525285207,0.859420579,Adjusted,1.636102763,26,Higher,8.66662568
5020,Female,1/12/25,5:35:00 PM,20,379144,0.525285207,1.995909169,Perceptual,3.799667574,16,Lower,6.440853861
5020,Female,1/12/25,5:35:00 PM,20,379144,0.525285207,1.1697482,Adjusted,2.226882051,16,Lower,6.440853861
5020,Female,1/12/25,5:35:00 PM,20,379144,0.525285207,0.7483424,Perceptual,1.424640157,30,Higher,6.665833753
5020,Female,1/12/25,5:35:00 PM,20,379144,0.525285207,1.27608052,Adjusted,2.429309835,30,Higher,6.665833753
5021,Female,1/12/25,5:37:00 PM,19,379144,0.525285207,2.385473303,Perceptual,4.541291607,17,Lower,8.460368685
5021,Female,1/12/25,5:37:00 PM,19,379144,0.525285207,1.633669955,Adjusted,3.110062748,17,Lower,8.460368685
5021,Female,1/12/25,5:37:00 PM,19,379144,0.525285207,0.753678581,Perceptual,1.434798792,30,Higher,9.129727749
5021,Female,1/12/25,5:37:00 PM,19,379144,0.525285207,1.268871617,Adjusted,2.415586046,30,Higher,9.129727749
5022,Female,1/12/25,5:38:00 PM,18,379144,0.525285207,2.662564017,Perceptual,5.068796876,17,Lower,8.073656172
5022,Female,1/12/25,5:38:00 PM,18,379144,0.525285207,1.000046399,Adjusted,1.903816032,17,Lower,8.073656172
5022,Female,1/12/25,5:38:00 PM,18,379144,0.525285207,1.145877395,Perceptual,2.18143854,28,Higher,10.63061294
5022,Female,1/12/25,5:38:00 PM,18,379144,0.525285207,1.145877395,Adjusted,2.18143854,28,Higher,10.63061294
5023,Male,1/13/25,5:36:00 PM,,381133,0.522543965,3.124449834,Perceptual,5.979305171,5,Lower,7.805264512
5023,Male,1/13/25,5:36:00 PM,,381133,0.522543965,1.18206047,Adjusted,2.262126344,5,Lower,7.805264512
5023,Male,1/13/25,5:36:00 PM,,381133,0.522543965,2.302230866,Perceptual,4.405812752,21,Higher,7.883432321
5023,Male,1/13/25,5:36:00 PM,,381133,0.522543965,1.412066927,Adjusted,2.702293053,21,Higher,7.883432321
32329,Female,1/13/25,5:40:00 PM,,381133,0.522543965,2.219288722,Perceptual,4.247085164,5,Lower,8.072103666
32329,Female,1/13/25,5:40:00 PM,,381133,0.522543965,1.18206047,Adjusted,2.262126344,5,Lower,8.072103666
32329,Female,1/13/25,5:40:00 PM,,381133,0.522543965,1.601952382,Perceptual,3.065679615,19,Higher,8.886691463
32329,Female,1/13/25,5:40:00 PM,,381133,0.522543965,1.208833143,Adjusted,2.313361598,19,Higher,8.886691463
5025,Male,1/13/25,5:43:00 PM,,381133,0.522543965,1.482331925,Perceptual,2.836760204,6,Lower,7.443212722
5025,Male,1/13/25,5:43:00 PM,,381133,0.522543965,1.30668921,Adjusted,2.50063018,6,Lower,7.443212722
5025,Male,1/13/25,5:43:00 PM,,381133,0.522543965,1.194843038,Perceptual,2.286588531,18,Higher,9.020182276
5025,Male,1/13/25,5:43:00 PM,,381133,0.522543965,1.405297723,Adjusted,2.689338728,18,Higher,9.020182276
5026,Female,1/13/25,5:46:00 PM,18,381133,0.522543965,2.155428558,Perceptual,4.124875037,6,Lower,7.481683039
5026,Female,1/13/25,5:46:00 PM,18,381133,0.522543965,0.912036007,Adjusted,1.745376596,6,Lower,7.481683039
5026,Female,1/13/25,5:46:00 PM,18,381133,0.522543965,1.925429514,Perceptual,3.684722516,18,Higher,7.432905106
5026,Female,1/13/25,5:46:00 PM,18,381133,0.522543965,0.98218931,Adjusted,1.879629993,18,Higher,7.432905106
5027,Female,1/13/25,5:49:00 PM,,381133,0.522543965,3.75251949,Perceptual,7.181251223,7,Lower,5.330144627
5027,Female,1/13/25,5:49:00 PM,,381133,0.522543965,1.979111942,Adjusted,3.787455359,7,Lower,5.330144627
5027,Female,1/13/25,5:49:00 PM,,381133,0.522543965,2.848374636,Perceptual,5.450976043,20,Higher,5.723554344
5027,Female,1/13/25,5:49:00 PM,,381133,0.522543965,1.344185479,Adjusted,2.572387336,20,Higher,5.723554344
1043,Female,1/13/25,5:51:00 PM,18,381133,0.522543965,1.064033895,Perceptual,2.036257169,7,Lower,5.951066637
1043,Female,1/13/25,5:51:00 PM,18,381133,0.522543965,0.950844305,Adjusted,1.819644601,7,Lower,5.951066637
1043,Female,1/13/25,5:51:00 PM,18,381133,0.522543965,0.812544709,Perceptual,1.554978649,19,Higher,8.068296546
1043,Female,1/13/25,5:51:00 PM,18,381133,0.522543965,0.950844305,Adjusted,1.819644601,19,Higher,8.068296546
5029,Female,1/13/25,5:53:00 PM,20,381133,0.522543965,1.601952382,Perceptual,3.065679615,8,Lower,1.962439873
5029,Female,1/13/25,5:53:00 PM,20,381133,0.522543965,1.182838598,Adjusted,2.263615459,8,Lower,1.962439873
5030,Female,1/13/25,5:57:00 PM,,381133,0.522543965,2.034589559,Perceptual,3.893623684,8,Lower,4.316689741
5030,Female,1/13/25,5:57:00 PM,,381133,0.522543965,1.279108462,Adjusted,2.4478485,8,Lower,4.316689741
5030,Female,1/13/25,5:57:00 PM,,381133,0.522543965,0.848005545,Perceptual,1.622840567,22,Higher,5.794398646
5030,Female,1/13/25,5:57:00 PM,,381133,0.522543965,1.131373567,Adjusted,2.165126079,22,Higher,5.794398646
5031,Female,1/13/25,5:59:00 PM,18,381133,0.522543965,1.127396704,Perceptual,2.157515499,9,Lower,7.500227259
5031,Female,1/13/25,5:59:00 PM,18,381133,0.522543965,1.009220664,Adjusted,1.931360289,9,Lower,7.500227259
5031,Female,1/13/25,5:59:00 PM,18,381133,0.522543965,0.920469775,Perceptual,1.76151642,24,Higher,7.471797503
5031,Female,1/13/25,5:59:00 PM,18,381133,0.522543965,0.94083587,Adjusted,1.800491312,24,Higher,7.471797503
5032,Male,1/13/25,6:17:00 PM,19,381133,0.522543965,0.956568186,Perceptual,1.830598476,12,Lower,7.688830774
5032,Male,1/13/25,6:17:00 PM,19,381133,0.522543965,0.937546381,Adjusted,1.79419617,12,Lower,7.688830774
5032,Male,1/13/25,6:17:00 PM,19,381133,0.522543965,0.703781828,Perceptual,1.346837539,24,Higher,9.263107564
5032,Male,1/13/25,6:17:00 PM,19,381133,0.522543965,0.792375811,Adjusted,1.516381134,24,Higher,9.263107564
5034,Male,1/13/25,6:22:00 PM,23,381133,0.522543965,0.96495874,Perceptual,1.846655601,12,Lower,9.192167311
5034,Male,1/13/25,6:22:00 PM,23,381133,0.522543965,0.770517836,Adjusted,1.474551209,12,Lower,9.192167311
5034,Male,1/13/25,6:22:00 PM,23,381133,0.522543965,0.689663093,Perceptual,1.31981831,23,Higher,10.04854617
5034,Male,1/13/25,6:22:00 PM,23,381133,0.522543965,1.163780508,Adjusted,2.227143715,23,Higher,10.04854617
5033,Female,1/13/25,6:25:00 PM,18,381133,0.522543965,0.863827697,Perceptual,1.65311965,13,Lower,10.17366239
5033,Female,1/13/25,6:25:00 PM,18,381133,0.522543965,0.856127902,Adjusted,1.638384441,13,Lower,10.17366239
5033,Female,1/13/25,6:25:00 PM,18,381133,0.522543965,0.806678155,Perceptual,1.543751739,26,Higher,7.331719193
5033,Female,1/13/25,6:25:00 PM,18,381133,0.522543965,1.002650554,Adjusted,1.918786973,26,Higher,7.331719193
5035,Male,1/13/25,6:28:00 PM,20,381133,0.522543965,1.330680869,Perceptual,2.546543368,14,Lower,8.296783792
5035,Male,1/13/25,6:28:00 PM,20,381133,0.522543965,1.134065002,Adjusted,2.170276717,14,Lower,8.296783792
5035,Male,1/13/25,6:28:00 PM,20,381133,0.522543965,1.321318583,Perceptual,2.528626625,26,Higher,6.912068883
5035,Male,1/13/25,6:28:00 PM,20,381133,0.522543965,1.755307858,Adjusted,3.359158224,26,Higher,6.912068883
5036,Female,1/13/25,6:30:00 PM,22,381133,0.522543965,1.886518994,Perceptual,3.610258886,14,Lower,8.682716366
5036,Female,1/13/25,6:30:00 PM,22,381133,0.522543965,0.96495874,Adjusted,1.846655601,14,Lower,8.682716366
5036,Female,1/13/25,6:30:00 PM,22,381133,0.522543965,1.649923441,Perceptual,3.157482529,25,Higher,8.721918302
5036,Female,1/13/25,6:30:00 PM,22,381133,0.522543965,0.884946922,Adjusted,1.693535819,25,Higher,8.721918302
5037,Female,1/13/25,6:33:00 PM,18,381133,0.522543965,0.723726539,Perceptual,1.385006023,14,Lower,10.78182574
5037,Female,1/13/25,6:33:00 PM,18,381133,0.522543965,0.784035275,Adjusted,1.500419728,14,Lower,10.78182574
5037,Female,1/13/25,6:33:00 PM,18,381133,0.522543965,0.736649875,Perceptual,1.409737598,27,Higher,11.40799345
5037,Female,1/13/25,6:33:00 PM,18,381133,0.522543965,1.19170925,Adjusted,2.280591355,27,Higher,11.40799345
5038,Female,1/13/25,6:38:00 PM,18,381133,0.522543965,1.36366988,Perceptual,2.609674918,16,Lower,7.846581355
5038,Female,1/13/25,6:38:00 PM,18,381133,0.522543965,1.27608052,Adjusted,2.442053884,16,Lower,7.846581355
5038,Female,1/13/25,6:38:00 PM,18,381133,0.522543965,1.159178552,Perceptual,2.218336885,32,Higher,10.28229982
5038,Female,1/13/25,6:38:00 PM,18,381133,0.522543965,1.386348751,Adjusted,2.653075804,32,Higher,10.28229982
5039,Female,1/13/25,6:41:00 PM,18,381133,0.522543965,2.455157664,Perceptual,4.698470994,16,Lower,4.821233155
5039,Female,1/13/25,6:41:00 PM,18,381133,0.522543965,4.547570131,Adjusted,8.702751218,16,Lower,4.821233155
5039,Female,1/13/25,6:41:00 PM,18,381133,0.522543965,2.225861768,Perceptual,4.259664096,27,Higher,5.909418544
5039,Female,1/13/25,6:41:00 PM,18,381133,0.522543965,3.468966017,Adjusted,6.638610811,27,Higher,5.909418544
5040,Female,1/13/25,6:43:00 PM,19,381133,0.522543965,1.997265272,Perceptual,3.822195651,17,Lower,7.766693994
5040,Female,1/13/25,6:43:00 PM,19,381133,0.522543965,1.559622134,Adjusted,2.984671602,17,Lower,7.766693994
5040,Female,1/13/25,6:43:00 PM,19,381133,0.522543965,1.344185479,Perceptual,2.572387336,31,Higher,7.872824899
5040,Female,1/13/25,6:43:00 PM,19,381133,0.522543965,1.896781612,Adjusted,3.629898608,31,Higher,7.872824899
1034,Female,5/13/25,10:21:00 PM,19,404420,0.492455624,2.267661881,Perceptual,4.604804514,5,Lower,6.910528146
1034,Female,5/13/25,10:21:00 PM,19,404420,0.492455624,0.950844305,Adjusted,1.930822309,5,Lower,6.910528146
1034,Female,5/13/25,10:21:00 PM,19,404420,0.492455624,1.761976611,Perceptual,3.577939868,17,Higher,7.244246153
1034,Female,5/13/25,10:21:00 PM,19,404420,0.492455624,0.841882021,Adjusted,1.709559156,17,Higher,7.244246153
5050,Male,5/13/25,10:31:00 PM,25,404420,0.492455624,1.697914289,Perceptual,3.447852365,7,Lower,7.723728656
5050,Male,5/13/25,10:31:00 PM,25,404420,0.492455624,0.793313504,Adjusted,1.61093399,7,Lower,7.723728656
5050,Male,5/13/25,10:31:00 PM,25,404420,0.492455624,1.755701011,Perceptual,3.565196385,17,Higher,9.027068767
5050,Male,5/13/25,10:31:00 PM,25,404420,0.492455624,0.89738543,Adjusted,1.822266589,17,Higher,9.027068767
5051,Female,5/13/25,10:39:00 PM,,404420,0.492455624,1.194843038,Perceptual,2.426295852,8,Lower,7.149056538
5051,Female,5/13/25,10:39:00 PM,,404420,0.492455624,0.908328699,Adjusted,1.844488427,8,Lower,7.149056538
5051,Female,5/13/25,10:39:00 PM,,404420,0.492455624,1.184717974,Perceptual,2.405735494,19,Higher,7.612745714
5051,Female,5/13/25,10:39:00 PM,,404420,0.492455624,0.876271312,Adjusted,1.779391419,19,Higher,7.612745714
6006,Male,8/7/25,7:57:00 PM,21,386624,0.515122672,1.1896658,Perceptual,2.309480563,3,Lower,8.143438746
6006,Male,8/7/25,7:57:00 PM,21,386624,0.515122672,0.615568569,Adjusted,1.19499413,3,Lower,8.143438746
6006,Male,8/7/25,7:57:00 PM,21,386624,0.515122672,1.443716461,Perceptual,2.802665342,12,Higher,3.697490841
6006,Male,8/7/25,7:57:00 PM,21,386624,0.515122672,0.76003491,Adjusted,1.475444492,12,Higher,3.697490841
6006,Male,8/7/25,9:30:00 PM,21,386624,0.515122672,1.443716461,Perceptual,2.802665342,16,Lower,3.443480453
6006,Male,8/7/25,9:30:00 PM,21,386624,0.515122672,0.76003491,Adjusted,1.475444492,16,Lower,3.443480453
6041,Female,8/7/25,8:04:00 PM,19,386624,0.515122672,0.912152348,Perceptual,1.770747819,4,Lower,9.480785337
6041,Female,8/7/25,8:04:00 PM,19,386624,0.515122672,0.654801782,Adjusted,1.271156982,4,Lower,9.480785337
6041,Female,8/7/25,8:04:00 PM,19,386624,0.515122672,0.484449233,Perceptual,0.940454108,17,Higher,3.120523847
6041,Female,8/7/25,8:04:00 PM,19,386624,0.515122672,1.020308836,Adjusted,1.980710403,17,Higher,3.120523847
1028,Male,8/7/25,8:54:00 PM,56,386624,0.515122672,3.273154083,Perceptual,6.354125452,2.5,Lower,3.687841757
1028,Male,8/7/25,8:54:00 PM,56,386624,0.515122672,1.306501348,Adjusted,2.536291681,2.5,Lower,3.687841757
1028,Male,8/7/25,8:54:00 PM,56,386624,0.515122672,2.537519012,Perceptual,4.926048004,19,Higher,3.110285114
1028,Male,8/7/25,8:54:00 PM,56,386624,0.515122672,1.294405148,Adjusted,2.512809506,19,Higher,3.110285114
6044,Female,8/7/25,7:55:00 PM,,386624,0.515122672,1.636910923,Perceptual,3.177710886,2.5,Lower,11.01603282
6044,Female,8/7/25,7:55:00 PM,,386624,0.515122672,1.207479263,Adjusted,2.344061576,2.5,Lower,11.01603282
6044,Female,8/7/25,7:55:00 PM,,386624,0.515122672,1.472980707,Perceptual,2.859475589,17,Higher,10.33857329
6044,Female,8/7/25,7:55:00 PM,,386624,0.515122672,1.079453771,Adjusted,2.095527588,17,Higher,10.33857329
6045,Male,8/7/25,7:58:00 PM,,386624,0.515122672,1.386709134,Perceptual,2.691997865,3,Lower,8.208416511
6045,Male,8/7/25,7:58:00 PM,,386624,0.515122672,0.675895187,Adjusted,1.312105297,3,Lower,8.208416511
6045,Male,8/7/25,7:58:00 PM,,386624,0.515122672,1.368192402,Perceptual,2.656051608,16,Higher,8.418535801
6045,Male,8/7/25,7:58:00 PM,,386624,0.515122672,0.899552939,Adjusted,1.746288772,16,Higher,8.418535801
6043,Female,8/7/25,8:01:00 PM,,386624,0.515122672,2.008866972,Perceptual,3.899783643,3.5,Lower,7.043923556
6043,Female,8/7/25,8:01:00 PM,,386624,0.515122672,0.859420579,Adjusted,1.668380417,3.5,Lower,7.043923556
6043,Female,8/7/25,8:01:00 PM,,386624,0.515122672,1.117930962,Perceptual,2.170222787,19,Higher,7.043175575
6043,Female,8/7/25,8:01:00 PM,,386624,0.515122672,1.333925451,Adjusted,2.589529685,19,Higher,7.043175575
6046,Female,8/7/25,8:03:00 PM,,386624,0.515122672,3.345528299,Perceptual,6.494624444,4,Lower,7.128315684
6046,Female,8/7/25,8:03:00 PM,,386624,0.515122672,1.003696017,Adjusted,1.948460184,4,Lower,7.128315684
6046,Female,8/7/25,8:03:00 PM,,386624,0.515122672,1.793296441,Perceptual,3.48129977,18,Higher,9.222821428
6046,Female,8/7/25,8:03:00 PM,,386624,0.515122672,0.904651408,Adjusted,1.756186355,18,Higher,9.222821428
6028,Female,8/9/25,9:22:00 PM,49,379992,0.524112984,1.005741815,Perceptual,1.918940852,7,Lower,4.493715705
6028,Female,8/9/25,9:22:00 PM,49,379992,0.524112984,1.093876804,Adjusted,2.087101138,7,Lower,4.493715705
6028,Female,8/9/25,9:22:00 PM,49,379992,0.524112984,1.153889984,Perceptual,2.201605418,20,Higher,8.246819987
6028,Female,8/9/25,9:22:00 PM,49,379992,0.524112984,1.215621372,Adjusted,2.319388013,20,Higher,8.246819987
6014,Female,8/9/25,9:35:00 PM,,379992,0.524112984,1.057738196,Perceptual,2.018149195,9,Lower,6.071073887
6014,Female,8/9/25,9:35:00 PM,,379992,0.524112984,0.921981154,Adjusted,1.759126721,9,Lower,6.071073887
6014,Female,8/9/25,9:35:00 PM,,379992,0.524112984,0.994297251,Perceptual,1.897104789,23,Higher,5.595587975
6014,Female,8/9/25,9:35:00 PM,,379992,0.524112984,0.932701395,Adjusted,1.779580785,23,Higher,5.595587975
6047,Female,8/9/25,9:13:00 PM,26,379992,0.524112984,1.389695566,Perceptual,2.651519062,5,Lower,9.462712259
6047,Female,8/9/25,9:13:00 PM,26,379992,0.524112984,1.068006907,Adjusted,2.037741747,5,Lower,9.462712259
6047,Female,8/9/25,9:13:00 PM,26,379992,0.524112984,0.873743705,Perceptual,1.667090364,21,Higher,9.087302033
6047,Female,8/9/25,9:13:00 PM,26,379992,0.524112984,0.908328699,Adjusted,1.733078035,21,Higher,9.087302033
6048,Male,8/9/25,9:18:00 PM,,379992,0.524112984,2.333949709,Perceptual,4.453142323,6,Lower,10.87525635
6048,Male,8/9/25,9:18:00 PM,,379992,0.524112984,0.889837327,Adjusted,1.697796763,6,Lower,10.87525635
6048,Male,8/9/25,9:18:00 PM,,379992,0.524112984,1.528270748,Perceptual,2.915918506,21,Higher,7.596401426
6048,Male,8/9/25,9:18:00 PM,,379992,0.524112984,0.888575862,Adjusted,1.695389907,21,Higher,7.596401426
6,Male,8/9/25,9:25:00 PM,,379992,0.524112984,2.411328622,Perceptual,4.600780171,7,Lower,9.119658095
6,Male,8/9/25,9:25:00 PM,,379992,0.524112984,1.093876804,Adjusted,2.087101138,7,Lower,9.119658095
6,Male,8/9/25,9:25:00 PM,,379992,0.524112984,1.530168996,Perceptual,2.919540335,22,Higher,10.98118629
6,Male,8/9/25,9:25:00 PM,,379992,0.524112984,0.929613115,Adjusted,1.773688392,22,Higher,10.98118629
6049,Female,8/9/25,9:30:00 PM,,379992,0.524112984,1.584498443,Perceptual,3.023200135,8,Lower,7.807634388
6049,Female,8/9/25,9:30:00 PM,,379992,0.524112984,1.481444214,Adjusted,2.826574155,8,Lower,7.807634388
6049,Female,8/9/25,9:30:00 PM,,379992,0.524112984,0.977610561,Perceptual,1.865266827,23,Higher,7.696211246
6049,Female,8/9/25,9:30:00 PM,,379992,0.524112984,1.267439599,Adjusted,2.418256442,23,Higher,7.696211246