"ID","Gender","Date","Age","Distance","Real_Visual_Angle","Reported_Visual_Angle","Time","Task","Ratio_Visual_Angle","Elevation","Session","Template_Distance","Template_Size"
1000,"Female","5/22/2024",19,395236,0.503898546412973,3.00384656121308,"9:19:00 PM","Perceptual",5.96121299137714,12,"Lower",41,2.15
1000,"Female","5/22/2024",19,395236,0.503898546412973,2.56594451159336,"11:25:00 PM","Perceptual",5.09218478572554,25,"Higher",48,2.15
1001,"Male","5/22/2024",24,395236,0.503898546412973,2.76768475472488,"9:25:00 PM","Perceptual",5.49254363686258,13,"Lower",44.5,2.15
1001,"Male","5/22/2024",24,395236,0.503898546412973,2.14276119520801,"10:35:00 PM","Perceptual",4.25236629567868,21,"Higher",38.5,1.44
1002,"Male","5/22/2024",19,395236,0.503898546412973,1.02087960763189,"9:30:00 PM","Perceptual",2.02596259683437,14,"Lower",55,0.98
1002,"Male","5/22/2024",19,395236,0.503898546412973,0.92441605306587,"11:07:00 PM","Perceptual",1.83452812008761,24,"Higher",59.5,0.96
1003,"Female","5/22/2024",19,395236,0.503898546412973,1.58281662878821,"9:45:00 PM","Perceptual",3.14114148583196,16,"Lower",59,1.63
1003,"Female","5/22/2024",19,395236,0.503898546412973,1.90968250774438,"10:38:00 PM","Perceptual",3.7898154724568,21,"Higher",57,1.9
1004,"Female","5/22/2024",18,395236,0.503898546412973,1.92657918245142,"9:48:00 PM","Perceptual",3.82334737054883,16,"Lower",56.5,1.9
1004,"Female","5/22/2024",18,395236,0.503898546412973,1.42647429247901,"10:43:00 PM","Perceptual",2.83087598214648,22,"Higher",49,1.22
1005,"Male","5/22/2024",19,395236,0.503898546412973,2.13430181664235,"9:52:00 PM","Perceptual",4.23557843505499,16,"Lower",51,1.9
1005,"Male","5/22/2024",19,395236,0.503898546412973,1.27087245618219,"11:02:00 PM","Perceptual",2.5220800203314,24,"Higher",55,1.22
1006,"Female","5/22/2024",18,395236,0.503898546412973,1.85390391059879,"9:56:00 PM","Perceptual",3.67912137035499,17,"Lower",44.5,1.44
1006,"Female","5/22/2024",18,395236,0.503898546412973,0.92143803714611,"10:51:00 PM","Perceptual",1.82861816868775,23,"Higher",48.5,0.78
1007,"Female","5/22/2024",18,395236,0.503898546412973,1.69791428859007,"10:00:00 PM","Perceptual",3.36955583753269,17.5,"Lower",55,1.63
1007,"Female","5/22/2024",18,395236,0.503898546412973,1.18975896599639,"10:48:00 PM","Perceptual",2.3611081525552,22.5,"Higher",58.75,1.22
1008,"Female","5/22/2024",19,395236,0.503898546412973,1.13656193244754,"10:03:00 PM","Perceptual",2.25553723172693,18,"Lower",61.5,1.22
1008,"Female","5/22/2024",19,395236,0.503898546412973,0.928076631804784,"10:53:00 PM","Perceptual",1.8417926354647,23,"Higher",60.5,0.98
1009,"Male","5/22/2024",18,395236,0.503898546412973,2.16090041902653,"10:07:00 PM","Perceptual",4.28836406536397,18,"Lower",57,2.15
1009,"Male","5/22/2024",18,395236,0.503898546412973,1.59634323327247,"11:10:00 PM","Perceptual",3.16798539038487,24,"Higher",58.5,1.63
1010,"Female","5/22/2024",18,395236,0.503898546412973,0.863572212223388,"10:12:00 PM","Perceptual",1.71378190782801,19,"Lower",51.75,0.78
1010,"Female","5/22/2024",18,395236,0.503898546412973,0.948322286999679,"10:57:00 PM","Perceptual",1.88197067395879,23,"Higher",43.5,0.72
1011,"Female","5/22/2024",21,395236,0.503898546412973,1.7134891725895,"10:17:00 PM","Perceptual",3.40046460698698,19,"Lower",54.5,1.63
1011,"Female","5/22/2024",21,395236,0.503898546412973,1.12739670426841,"11:15:00 PM","Perceptual",2.23734859386643,25,"Higher",62,1.22
1012,"Male","7/20/2024",17,374538,0.531744976718754,1.31153286256249,"9:25:00 PM","Perceptual",2.46646967998754,7.5,"Lower",83,1.9
1012,"Male","7/20/2024",17,374538,0.531744976718754,1.18213680506133,"10:30:00 PM","Perceptual",2.22312735769683,16,"Higher",79,1.63
1013,"Female","7/20/2024",16,374538,0.531744976718754,2.21879730851814,"9:30:00 PM","Perceptual",4.17267187404328,8,"Lower",63,2.44
1013,"Female","7/20/2024",16,374538,0.531744976718754,1.21283939314558,"10:35:00 PM","Perceptual",2.28086666775804,17,"Higher",77,1.63
1014,"Female","7/20/2024",17,374538,0.531744976718754,1.13018146971724,"9:32:00 PM","Perceptual",2.12542011528019,9,"Lower",73,1.44
1014,"Female","7/20/2024",17,374538,0.531744976718754,0.884803314550749,"10:56:00 PM","Perceptual",1.6639617735754,19,"Higher",79,1.22
1015,"Female","7/20/2024",17,374538,0.531744976718754,1.25004014803499,"9:39:00 PM","Perceptual",2.35082643516189,10,"Lower",66,1.44
1015,"Female","7/20/2024",17,374538,0.531744976718754,0.998558309879495,"11:00:00 PM","Perceptual",1.87788950267346,19,"Higher",70,1.22
1016,"Female","7/20/2024",16,374538,0.531744976718754,1.8384381612317,"9:45:00 PM","Perceptual",3.45736817783625,10,"Lower",67,2.15
1016,"Female","7/20/2024",16,374538,0.531744976718754,1.34370992898351,"10:53:00 PM","Perceptual",2.52698189510912,19,"Higher",69.5,1.63
1017,"Female","7/21/2024",22,370233,0.537927917429303,2.24172275062063,"10:21:00 PM","Perceptual",4.16732926101619,10,"Lower",69,2.7
1017,"Female","7/21/2024",22,370233,0.537927917429303,0.984494805327187,"11:27:00 PM","Perceptual",1.83016120455688,19,"Higher",71,1.22
1018,"Male","7/21/2024",21,370233,0.537927917429303,1.16201541492958,"10:26:00 PM","Perceptual",2.16016937823699,11,"Lower",71,1.44
1018,"Male","7/21/2024",21,370233,0.537927917429303,0.891249709902549,"11:23:00 PM","Perceptual",1.65681995863262,19,"Higher",63,0.98
1019,"Female","7/21/2024",17,370233,0.537927917429303,2.25999915301493,"10:30:00 PM","Perceptual",4.20130482131362,11,"Lower",54.5,2.15
1019,"Female","7/21/2024",17,370233,0.537927917429303,1.48650980969647,"11:12:00 PM","Perceptual",2.7633996331708,17,"Higher",55.5,1.44
1020,"Female","7/21/2024",17,370233,0.537927917429303,1.27929096791041,"10:33:00 PM","Perceptual",2.37818288744708,12,"Lower",73,1.63
1020,"Female","7/21/2024",17,370233,0.537927917429303,1.04434985062509,"11:32:00 PM","Perceptual",1.94143084377536,20,"Higher",79,1.44
1021,"Male","8/19/2024",20,363196,0.54835022801984,1.44180445535242,"9:10:00 PM","Perceptual",2.62934960483001,9,"Lower",75.5,1.9
1021,"Male","8/19/2024",20,363196,0.54835022801984,1.44180445535242,"10:15:00 PM","Perceptual",2.62934960483001,20,"Higher",75.5,1.9
1022,"Female","8/19/2024",21,363196,0.54835022801984,3.22707786576236,"9:18:00 PM","Perceptual",5.88506706273423,10,"Lower",71,4
1022,"Female","8/19/2024",21,363196,0.54835022801984,2.03529390911587,"10:20:00 PM","Perceptual",3.71166784495661,20,"Higher",76,2.7
1023,"Male","8/19/2024",20,363196,0.54835022801984,1.65338761680617,"9:25:00 PM","Perceptual",3.01520366422888,11,"Lower",74.5,2.15
1023,"Male","8/19/2024",20,363196,0.54835022801984,1.31532421137466,"10:37:00 PM","Perceptual",2.39869365263959,23,"Higher",71,1.63
53,"Female","8/19/2024",22,363196,0.54835022801984,0.802127811933412,"9:32:00 PM","Perceptual",1.46280200307383,13,"Lower",70,0.98
53,"Female","8/19/2024",22,363196,0.54835022801984,0.639574153287337,"10:40:00 PM","Perceptual",1.16636069542073,23.5,"Higher",86,0.96
1025,"Female","8/20/2024",25,360805,0.55198400576911,1.14986973198893,"9:11:00 PM","Perceptual",2.0831577001706,4,"Lower",71.75,1.44
1025,"Female","8/20/2024",25,360805,0.55198400576911,0.662077196016189,"10:17:00 PM","Perceptual",1.19944996430409,16,"Higher",67.5,0.78
1026,"Female","8/20/2024",26,360805,0.55198400576911,2.09028981160228,"9:17:00 PM","Perceptual",3.78686662974911,5,"Lower",74,2.7
1026,"Female","8/20/2024",26,360805,0.55198400576911,1.3194808461178,"10:21:00 PM","Perceptual",2.39043311459594,17,"Higher",82.5,1.9
1027,"Male","8/20/2024",33,360805,0.55198400576911,1.83106219380955,"9:20:00 PM","Perceptual",3.31723777260218,5,"Lower",51,1.63
1027,"Male","8/20/2024",33,360805,0.55198400576911,0.901685460893871,"10:24:00 PM","Perceptual",1.63353548557535,17.5,"Higher",61,0.96
1028,"Male","8/20/2024",55,360805,0.55198400576911,3.5105781256542,"9:26:00 PM","Perceptual",6.35992726050588,6,"Lower",62,3.8
1028,"Male","8/20/2024",55,360805,0.55198400576911,2.4878828815711,"10:32:00 PM","Perceptual",4.50716480109707,19,"Higher",87.5,3.8
1029,"Male","8/20/2024",32,360805,0.55198400576911,1.21283939314558,"9:30:00 PM","Perceptual",2.19723647871946,7,"Lower",77,1.63
1029,"Male","8/20/2024",32,360805,0.55198400576911,1.78447837938828,"10:29:00 PM","Perceptual",3.23284435914383,18.5,"Higher",61,1.9
1030,"Male","8/20/2024",24,360805,0.55198400576911,1.79346056011619,"9:35:00 PM","Perceptual",3.24911689717759,8,"Lower",46,1.44
1030,"Male","8/20/2024",24,360805,0.55198400576911,0.715042047745884,"10:26:00 PM","Perceptual",1.29540356291588,18,"Higher",62.5,0.78
1031,"Female","8/20/2024",23,360805,0.55198400576911,1.6721083646812,"9:40:00 PM","Perceptual",3.02926959333063,9,"Lower",65.1,1.9
1031,"Female","8/20/2024",23,360805,0.55198400576911,1.3414984285074,"10:35:00 PM","Perceptual",2.43032119497415,19,"Higher",61.5,1.44
1032,"Male","8/19/2024",16,363196,0.54835022801984,2.89094921726655,"10:11:00 PM","Perceptual",5.27208537453541,14,"Lower",53.5,2.7
1032,"Male","8/19/2024",16,363196,0.54835022801984,2.01908012219808,"11:25:00 PM","Perceptual",3.68209953972158,25,"Higher",46.25,1.63
1033,"Male","8/19/2024",49,363196,0.54835022801984,1.59421448277288,"10:17:00 PM","Perceptual",2.90729245892682,15,"Lower",51.75,1.44
1033,"Male","8/19/2024",49,363196,0.54835022801984,1.18471797443858,"11:45:00 PM","Perceptual",2.16051332506369,27,"Higher",59,1.22
1034,"Female","8/19/2024",19,363196,0.54835022801984,1.89307960735111,"10:18:00 PM","Perceptual",3.45231844652869,15,"Lower",57.5,1.9
1034,"Female","8/19/2024",19,363196,0.54835022801984,1.73683377826231,"11:28:00 PM","Perceptual",3.16738042497807,25,"Higher",47.5,1.44
1035,"Female","8/19/2024",51,363196,0.54835022801984,2.03458955947317,"10:20:00 PM","Perceptual",3.7103833563092,15,"Lower",53.5,1.9
1035,"Female","8/19/2024",51,363196,0.54835022801984,2.23945896100241,"11:43:00 PM","Perceptual",4.08399385387213,27,"Higher",55,2.15
1036,"Female","10/16/2024",23,357488,0.557105582520147,2.56594451159336,"7:30:00 PM","Perceptual",4.60584957699749,16,"Lower",48,2.15
1036,"Female","10/16/2024",23,357488,0.557105582520147,0.78575837505971,"9:32:00 PM","Perceptual",1.41042990720936,39,"Higher",70,0.96
1037,"Female","10/16/2024",18,357488,0.557105582520147,1.71078852195229,"7:33:00 PM","Perceptual",3.07085151474033,16,"Lower",72,2.15
1037,"Female","10/16/2024",18,357488,0.557105582520147,1.33068086928785,"9:41:00 PM","Perceptual",2.38856136258466,41,"Higher",62,1.44
1038,"Female","10/16/2024",20,357488,0.557105582520147,1.76950113864261,"7:39:00 PM","Perceptual",3.17624018527695,11,"Lower",79,2.44
1038,"Female","10/16/2024",20,357488,0.557105582520147,1.32752574337253,"8:36:00 PM","Perceptual",2.38289793716888,28,"Higher",82,1.9
1039,"Female","10/16/2024",20,357488,0.557105582520147,0.896146487219218,"7:40:00 PM","Perceptual",1.60857567279324,18,"Lower",78,1.22
1039,"Female","10/16/2024",20,357488,0.557105582520147,0.723726539416115,"8:40:00 PM","Perceptual",1.29908326558537,29,"Higher",76,0.96
1040,"Female","10/16/2024",18,357488,0.557105582520147,3.22707786576236,"7:43:00 PM","Perceptual",5.79257858297562,18,"Lower",71,4
1040,"Female","10/16/2024",18,357488,0.557105582520147,1.07147425973608,"9:03:00 PM","Perceptual",1.92328760176683,34,"Higher",77,1.44
1041,"Female","10/16/2024",18,357488,0.557105582520147,1.36071080534582,"7:45:00 PM","Perceptual",2.44246485413133,19,"Lower",80,1.9
1041,"Female","10/16/2024",18,357488,0.557105582520147,1.33411287130862,"8:58:00 PM","Perceptual",2.39472177836303,33,"Higher",70,1.63
1042,"Male","10/16/2024",18,357488,0.557105582520147,1.25123740937504,"7:48:00 PM","Perceptual",2.24596099668377,19,"Lower",87,1.9
1042,"Male","10/16/2024",18,357488,0.557105582520147,1.15295023673421,"8:59:00 PM","Perceptual",2.06953631934304,33,"Higher",81,1.63
1043,"Female","10/16/2024",18,357488,0.557105582520147,0.953803666266298,"7:50:00 PM","Perceptual",1.71206984132457,20,"Lower",86.5,1.44
1043,"Female","10/16/2024",18,357488,0.557105582520147,1.71874448728936,"9:11:00 PM","Perceptual",3.08513240796183,35,"Higher",48,1.44
1044,"Female","10/16/2024",20,357488,0.557105582520147,1.27929096791041,"7:52:00 PM","Perceptual",2.29631690661464,20,"Lower",73,1.63
1044,"Female","10/16/2024",20,357488,0.557105582520147,1.22879659082724,"9:18:00 PM","Perceptual",2.20567990948609,36,"Higher",76,1.63
1045,"Male","10/16/2024",19,357488,0.557105582520147,0.723726539416115,"7:56:00 PM","Perceptual",1.29908326558537,21,"Lower",76,0.96
1045,"Male","10/16/2024",19,357488,0.557105582520147,0.688947084423157,"9:21:00 PM","Perceptual",1.2366544260903,37,"Higher",81.5,0.98
1046,"GNC","10/16/2024",18,357488,0.557105582520147,1.62469681337902,"7:59:00 PM","Perceptual",2.916317596441,22,"Lower",67,1.9
1046,"GNC","10/16/2024",18,357488,0.557105582520147,1.48233192547313,"9:14:00 PM","Perceptual",2.66077377786736,36,"Higher",63,1.63
1047,"Male","10/16/2024",23,357488,0.557105582520147,0.925818941369154,"8:01:00 PM","Perceptual",1.66183748721576,22,"Lower",75.5,1.22
1047,"Male","10/16/2024",23,357488,0.557105582520147,0.862957155563023,"9:34:00 PM","Perceptual",1.54900109178463,39,"Higher",81,1.22
1048,"Female","10/16/2024",18,357488,0.557105582520147,1.5792067606097,"8:03:00 PM","Perceptual",2.83466332084832,22,"Lower",78,2.15
1048,"Female","10/16/2024",18,357488,0.557105582520147,0.822348835742584,"9:35:00 PM","Perceptual",1.47610948722246,39.5,"Higher",85,1.22
1049,"Male","10/16/2024",18,357488,0.557105582520147,2.70058666288484,"8:04:00 PM","Perceptual",4.84753114601428,22,"Lower",70,3.3
1049,"Male","10/16/2024",18,357488,0.557105582520147,1.64461297834099,"9:43:00 PM","Perceptual",2.95206695093836,41,"Higher",85,2.44
1050,"Male","10/16/2024",22,357488,0.557105582520147,0.84216376522285,"8:06:00 PM","Perceptual",1.51167712485163,23,"Lower",83,1.22
1050,"Male","10/16/2024",22,357488,0.557105582520147,0.832138360694079,"9:38:00 PM","Perceptual",1.49368160507346,40,"Higher",84,1.22
1051,"Female","10/16/2024",21,357488,0.557105582520147,1.70477302501102,"8:08:00 PM","Perceptual",3.06005374654341,23,"Lower",41,1.22
1051,"Female","10/16/2024",21,357488,0.557105582520147,0.884946922429134,"9:50:00 PM","Perceptual",1.58847254487372,42,"Higher",50.5,0.78
1052,"Female","10/16/2024",18,357488,0.557105582520147,2.27468066507516,"8:10:00 PM","Perceptual",4.08303333595279,24,"Lower",68,2.7
1052,"Female","10/16/2024",18,357488,0.557105582520147,1.12249365388949,"10:08:00 PM","Perceptual",2.01486700027619,45,"Higher",73.5,1.44
1053,"Female","10/16/2024",21,357488,0.557105582520147,0.931990796366406,"8:12:00 PM","Perceptual",1.67291591685442,24,"Lower",75,1.22
1053,"Female","10/16/2024",21,357488,0.557105582520147,0.748342400000073,"10:02:00 PM","Perceptual",1.3432685355886,44,"Higher",73.5,0.96
1054,"Female","10/17/2024",21,357252,0.557473599616555,2.55465874937243,"7:16:00 PM","Perceptual",4.58256453961155,7,"Lower",74,3.3
1054,"Female","10/17/2024",21,357252,0.557473599616555,1.31153286256249,"9:50:00 PM","Perceptual",2.35263672300284,36,"Higher",83,1.9
1055,"Female","10/17/2024",22,357252,0.557473599616555,1.34391345647425,"7:24:00 PM","Perceptual",2.41072125639425,8,"Lower",81,1.9
1055,"Female","10/17/2024",22,357252,0.557473599616555,0.680596408263859,"9:45:00 PM","Perceptual",1.22085854600467,36,"Higher",82.5,0.98
1056,"Female","10/17/2024",18,357252,0.557473599616555,2.00281922303184,"7:30:00 PM","Perceptual",3.59267097923458,10,"Lower",61.5,2.15
1056,"Female","10/17/2024",18,357252,0.557473599616555,0.515658534941426,"9:53:00 PM","Perceptual",0.924991847678723,37,"Higher",80,0.72
1057,"Male","10/17/2024",23,357252,0.557473599616555,2.06242533977591,"7:35:00 PM","Perceptual",3.69959284384856,11,"Lower",75,2.7
1057,"Male","10/17/2024",23,357252,0.557473599616555,1.29978880408272,"9:29:00 PM","Perceptual",2.33157014964789,32,"Higher",83.75,1.9
1058,"Female","10/17/2024",NA,357252,0.557473599616555,1.94570739228996,"7:46:00 PM","Perceptual",3.49022338210862,13,"Lower",79.5,2.7
1058,"Female","10/17/2024",NA,357252,0.557473599616555,1.41372023374187,"9:38:00 PM","Perceptual",2.53594113643097,34,"Higher",77,1.9
1059,"Female","10/17/2024",18,357252,0.557473599616555,2.0556868359813,"7:40:00 PM","Perceptual",3.68750526911993,11,"Lower",68,2.44
1059,"Female","10/17/2024",18,357252,0.557473599616555,1.90968250774438,"9:48:00 PM","Perceptual",3.4256016949644,36,"Higher",64.5,2.15
1060,"Female","10/17/2024",NA,357252,0.557473599616555,1.39186291432886,"7:42:00 PM","Perceptual",2.49673332564308,12,"Lower",88.5,2.15
1060,"Female","10/17/2024",NA,357252,0.557473599616555,1.27058902397887,"9:35:00 PM","Perceptual",2.27919138207229,34,"Higher",73.5,1.63
1061,"Female","10/17/2024",19,357252,0.557473599616555,1.96884429884139,"7:45:00 PM","Perceptual",3.53172652515853,12,"Lower",71,2.44
1061,"Female","10/17/2024",19,357252,0.557473599616555,1.62075936214186,"9:12:00 PM","Perceptual",2.90732935740215,29,"Higher",76,2.15
1062,"Female","10/17/2024",19,357252,0.557473599616555,1.88053232451094,"7:54:00 PM","Perceptual",3.37331189459809,14,"Lower",65.5,2.15
1062,"Female","10/17/2024",19,357252,0.557473599616555,1.60080734471083,"9:47:00 PM","Perceptual",2.8715392904918,36,"Higher",68,1.9
1063,"Female","10/17/2024",21,357252,0.557473599616555,1.38670913421823,"7:55:00 PM","Perceptual",2.48748843922303,14,"Lower",78.5,1.9
1063,"Female","10/17/2024",21,357252,0.557473599616555,0.726115012019391,"10:03:00 PM","Perceptual",1.30251013235216,39,"Higher",75.75,0.96
1064,"Female","10/17/2024",20,357252,0.557473599616555,1.25846941569747,"8:06:00 PM","Perceptual",2.25745114488486,16,"Lower",86.5,1.9
1064,"Female","10/17/2024",20,357252,0.557473599616555,1.81140684305761,"10:32:00 PM","Perceptual",3.24931412770675,45,"Higher",68,2.15
1065,"Female","10/17/2024",18,357252,0.557473599616555,1.25353550755739,"8:00:00 PM","Perceptual",2.24860066632681,15,"Lower",74.5,1.63
1065,"Female","10/17/2024",18,357252,0.557473599616555,0.76927443419462,"9:43:00 PM","Perceptual",1.37992980245835,35,"Higher",71.5,0.96
1066,"Female","10/17/2024",20,357252,0.557473599616555,1.85151703285572,"8:03:00 PM","Perceptual",3.32126406367807,16,"Lower",75.5,2.44
1066,"Female","10/17/2024",20,357252,0.557473599616555,1.0410555531599,"9:57:00 PM","Perceptual",1.86745265403772,38,"Higher",79.25,1.44
1067,"Female","10/17/2024",23,357252,0.557473599616555,1.36071080534582,"8:05:00 PM","Perceptual",2.44085245701636,16,"Lower",80,1.9
1067,"Female","10/17/2024",23,357252,0.557473599616555,0.982189309936894,"10:07:00 PM","Perceptual",1.76185797966481,40,"Higher",84,1.44
1068,"Female","10/17/2024",22,357252,0.557473599616555,1.51188422710866,"8:09:00 PM","Perceptual",2.71202838690222,17,"Lower",72,1.9
1068,"Female","10/17/2024",22,357252,0.557473599616555,1.35225997249456,"10:09:00 PM","Perceptual",2.42569329457876,40,"Higher",80.5,1.9
1069,"Female","10/17/2024",38,357252,0.557473599616555,1.01168297412184,"8:12:00 PM","Perceptual",1.81476391853839,17,"Lower",55.5,0.98
1069,"Female","10/17/2024",38,357252,0.557473599616555,0.588805200400641,"9:55:00 PM","Perceptual",1.0562028422613,37,"Higher",63.25,0.65
1070,"Female","10/17/2024",23,357252,0.557473599616555,1.43672656793162,"8:15:00 PM","Perceptual",2.5772100578751,18,"Lower",65,1.63
1070,"Female","10/17/2024",23,357252,0.557473599616555,0.862957155563023,"9:58:00 PM","Perceptual",1.5479785162142,38,"Higher",81,1.22
1071,"Female","10/17/2024",21,357252,0.557473599616555,1.67019935894835,"8:17:00 PM","Perceptual",2.99601516573549,18,"Lower",73.75,2.15
1071,"Female","10/17/2024",21,357252,0.557473599616555,0.976377820990968,"10:15:00 PM","Perceptual",1.7514332905855,41,"Higher",84.5,1.44
1072,"Female","10/17/2024",18,357252,0.557473599616555,1.82970969742114,"8:20:00 PM","Perceptual",3.28214591449651,19,"Lower",38.2,1.22
1072,"Female","10/17/2024",18,357252,0.557473599616555,0.709719290720392,"10:01:00 PM","Perceptual",1.27309937404848,39,"Higher",77.5,0.96
1073,"Female","10/17/2024",NA,357252,0.557473599616555,1.83253704985183,"8:23:00 PM","Perceptual",3.28721763884837,20,"Lower",59.4,1.9
1073,"Female","10/17/2024",NA,357252,0.557473599616555,0.957523618089764,"9:40:00 PM","Perceptual",1.71761249097423,35,"Higher",73,1.22
1074,"Female","10/17/2024",20,357252,0.557473599616555,2.01923238978901,"8:26:00 PM","Perceptual",3.62211303132182,20,"Lower",61,2.15
1074,"Female","10/17/2024",20,357252,0.557473599616555,0.674568932661517,"10:27:00 PM","Perceptual",1.21004641856673,44,"Higher",66.25,0.78
52,"Female","10/17/2024",19,357252,0.557473599616555,0.580205467256331,"8:28:00 PM","Perceptual",1.04077658144782,21,"Lower",71.1,0.72
52,"Female","10/17/2024",19,357252,0.557473599616555,0.584187200727894,"10:41:00 PM","Perceptual",1.04791904249764,46,"Higher",76.5,0.78
1076,"GNC","10/17/2024",23,357252,0.557473599616555,1.08603835085711,"8:30:00 PM","Perceptual",1.94814310777069,21,"Lower",51.7,0.98
1077,"Female","10/17/2024",18,357252,0.557473599616555,1.90578591584785,"8:33:00 PM","Perceptual",3.41861196146095,21,"Lower",49,1.63
1077,"Female","10/17/2024",18,357252,0.557473599616555,0.919728289724227,"10:25:00 PM","Perceptual",1.64981496945656,43,"Higher",76,1.22
1078,"Female","10/17/2024",NA,357252,0.557473599616555,0.739902101826902,"8:35:00 PM","Perceptual",1.32724150943798,22,"Lower",60.4,0.78
1078,"Female","10/17/2024",NA,357252,0.557473599616555,0.729634352133488,"10:26:00 PM","Perceptual",1.30882314899818,44,"Higher",61.25,0.78
1079,"Female","10/17/2024",18,357252,0.557473599616555,1.09903628470716,"8:37:00 PM","Perceptual",1.97145889144007,22,"Lower",63.6,1.22
1079,"Female","10/17/2024",18,357252,0.557473599616555,0.670772196376542,"10:22:00 PM","Perceptual",1.20323580675016,43,"Higher",82,0.96
1080,"Female","10/17/2024",22,357252,0.557473599616555,1.28725434122201,"8:40:00 PM","Perceptual",2.30908574344582,23,"Lower",54.3,1.22
1080,"Female","10/17/2024",22,357252,0.557473599616555,0.75115798905909,"10:21:00 PM","Perceptual",1.3474323978315,43,"Higher",74.75,0.98
54,"Female","10/17/2024",23,357252,0.557473599616555,0.81245238826416,"8:42:00 PM","Perceptual",1.45738271520478,23,"Lower",67.7,0.96
54,"Female","10/17/2024",23,357252,0.557473599616555,0.964126918680438,"10:28:00 PM","Perceptual",1.72945753726022,44,"Higher",72.5,1.22
1082,"Female","10/17/2024",18,357252,0.557473599616555,1.17275112953019,"8:45:00 PM","Perceptual",2.10368909009654,24,"Lower",46.9,0.96
1082,"Female","10/17/2024",18,357252,0.557473599616555,0.838042729434726,"10:36:00 PM","Perceptual",1.50328684624914,45,"Higher",67,0.98
32131,"Female","11/15/2024",21,361929,0.55026980085631,1.51188422710866,"5:10:00 PM","Perceptual",2.74753261900966,4,"Lower",72,1.9
32131,"Female","11/15/2024",21,361929,0.55026980085631,0.677124058646317,"6:52:00 PM","Perceptual",1.23053101877043,23,"Higher",66,0.78
31948,"Male","11/15/2024",19,361929,0.55026980085631,1.60080734471083,"5:12:00 PM","Perceptual",2.90913174268279,5,"Lower",68,1.9
1083,"Female","11/15/2024",22,361929,0.55026980085631,1.47102704255262,"5:14:00 PM","Perceptual",2.673283251713,5,"Lower",74,1.9
32002,"Male","11/15/2024",20,361929,0.55026980085631,0.913717249345349,"5:16:00 PM","Perceptual",1.66048954153663,5,"Lower",76.5,1.22
32245,"Female","11/15/2024",20,361929,0.55026980085631,0.732624575536509,"5:18:00 PM","Perceptual",1.3313915726366,6,"Lower",61,0.78
32245,"Female","11/15/2024",20,361929,0.55026980085631,0.634654453103939,"6:55:00 PM","Perceptual",1.15335141437221,23,"Higher",65,0.72
31924,"Female","11/15/2024",19,361929,0.55026980085631,1.75966061702245,"5:20:00 PM","Perceptual",3.19781426181144,6,"Lower",70,2.15
31924,"Female","11/15/2024",19,361929,0.55026980085631,1.21283939314558,"7:00:00 PM","Perceptual",2.20408132748373,24,"Higher",77,1.63
1084,"Female","11/15/2024",20,361929,0.55026980085631,1.36366987990534,"5:22:00 PM","Perceptual",2.47818411583418,6,"Lower",60.5,1.44
1084,"Female","11/15/2024",20,361929,0.55026980085631,1.4149602132169,"7:01:00 PM","Perceptual",2.57139354370345,25,"Higher",66,1.63
31504,"Female","11/15/2024",20,361929,0.55026980085631,1.11843299459047,"5:24:00 PM","Perceptual",2.03251749023844,7,"Lower",83.5,1.63
31504,"Female","11/15/2024",20,361929,0.55026980085631,0.52218576837107,"6:54:00 PM","Perceptual",0.948963158724072,23,"Higher",79,0.72
1085,"Male","11/15/2024",19,361929,0.55026980085631,1.71523019789084,"5:26:00 PM","Perceptual",3.11707128979577,7,"Lower",81.5,2.44
1066,"Female","11/15/2024",18,361929,0.55026980085631,1.77231803439102,"5:37:00 PM","Perceptual",3.22081646427445,9,"Lower",75.5,2.44
1066,"Female","11/15/2024",18,361929,0.55026980085631,1.4149602132169,"6:58:00 PM","Perceptual",2.57139354370345,24,"Higher",79.25,1.44
1072,"Female","11/15/2024",18,361929,0.55026980085631,0.912986598751953,"5:39:00 PM","Perceptual",1.6591617372627,10,"Lower",38.2,1.22
1072,"Female","11/15/2024",18,361929,0.55026980085631,1.0279261189529,"6:48:00 PM","Perceptual",1.86804021836793,22,"Higher",77.5,0.96
1056,"Female","11/15/2024",18,361929,0.55026980085631,0.738803762095228,"5:51:00 PM","Perceptual",1.34262094875192,11,"Lower",61.5,2.15
1056,"Female","11/15/2024",18,361929,0.55026980085631,0.710748656770106,"6:57:00 PM","Perceptual",1.29163667652498,24,"Higher",80,0.72
1087,"Female","11/15/2024",18,361929,0.55026980085631,1.98667070455893,"5:59:00 PM","Perceptual",3.61035750365975,13,"Lower",62,2.15
1087,"Female","11/15/2024",18,361929,0.55026980085631,1.48233192547313,"","Perceptual",2.69382750637302,NA,"Higher",63,1.63
1088,"Male","11/15/2024",18,361929,0.55026980085631,2.14833999674524,"6:03:00 PM","Perceptual",3.90415754853723,14,"Lower",72,2.7
1088,"Male","11/15/2024",18,361929,0.55026980085631,0.738803762095228,"7:31:00 PM","Perceptual",1.34262094875192,30,"Higher",76,0.98
1089,"Female","11/15/2024",19,361929,0.55026980085631,1.37334778162488,"6:07:00 PM","Perceptual",2.49577167325506,14,"Lower",68,1.63
1089,"Female","11/15/2024",19,361929,0.55026980085631,1.21327705058698,"","Perceptual",2.20487667812938,NA,"Higher",68,1.44
1090,"Female","11/15/2024",18,361929,0.55026980085631,1.09869716218595,"6:01:00 PM","Perceptual",1.99665175242435,13,"Lower",85,1.63
1090,"Female","11/15/2024",18,361929,0.55026980085631,1.3955974191686,"7:25:00 PM","Perceptual",2.53620572489498,29,"Higher",78,1.9
1082,"Female","11/15/2024",18,361929,0.55026980085631,1.01302942083891,"6:11:00 PM","Perceptual",1.84096859261125,15,"Lower",46.9,0.96
1082,"Female","11/15/2024",18,361929,0.55026980085631,0.884803314550749,"7:34:00 PM","Perceptual",1.60794452680094,31,"Higher",67,0.98
1091,"Male","11/15/2024",19,361929,0.55026980085631,2.81213724254563,"6:15:00 PM","Perceptual",5.11046987890211,16,"Lower",55,2.7
1091,"Male","11/15/2024",19,361929,0.55026980085631,1.27087245618219,"","Perceptual",2.30954425302735,NA,"Higher",55,1.22
1092,"Female","11/15/2024",NA,361929,0.55026980085631,1.79218337492071,"6:20:00 PM","Perceptual",3.25691755595488,17,"Lower",78,2.44
1092,"Female","11/15/2024",NA,361929,0.55026980085631,1.64236654717519,"7:38:00 PM","Perceptual",2.98465688035106,32,"Higher",75,2.15
31459,"Female","11/15/2024",NA,361929,0.55026980085631,1.16201541492958,"6:22:00 PM","Perceptual",2.11171940223013,17,"Lower",71,1.44
31459,"Female","11/15/2024",NA,361929,0.55026980085631,0.90562411142188,"","Perceptual",1.64578196007228,NA,"Higher",62,0.98
5000,"Female","1/12/2025",20,379144,0.525285207232985,1.61266361705449,"12:00:00 AM","Perceptual",3.07007240038117,5,"Lower",67.5,1.9
5000,"Female","1/12/2025",20,379144,0.525285207232985,0.76068172894929,"5:44:00 PM","Perceptual",1.44813087913952,18,"Higher",58.75,0.78
6875341,"Female","1/12/2025",18,379144,0.525285207232985,0.981040606673591,"4:35:00 PM","Perceptual",1.86763417885183,6,"Lower",71.25,1.22
6875341,"Female","1/12/2025",18,379144,0.525285207232985,0.729209168771621,"5:40:00 PM","Perceptual",1.38821569450401,17,"Higher",77,0.98
32437,"Female","1/12/2025",19,379144,0.525285207232985,1.05773819557891,"4:38:00 PM","Perceptual",2.01364550346029,6,"Lower",78,1.44
32437,"Female","1/12/2025",19,379144,0.525285207232985,0.49989289178231,"6:01:00 PM","Perceptual",0.951659945680876,20,"Higher",74.5,0.65
6875476,"Female","1/12/2025",18,379144,0.525285207232985,0.90484657863897,"4:40:00 PM","Perceptual",1.72258149702212,7,"Lower",77.25,1.22
6875476,"Female","1/12/2025",18,379144,0.525285207232985,0.364608275568288,"6:05:00 PM","Perceptual",0.694114874258337,21,"Higher",77,0.49
6873834,"Female","1/12/2025",18,379144,0.525285207232985,2.73971079323711,"4:42:00 PM","Perceptual",5.21566333015341,7,"Lower",69,3.3
6873834,"Female","1/12/2025",18,379144,0.525285207232985,2.3796364122315,"6:07:00 PM","Perceptual",4.530179756568,21,"Higher",65,2.7
5001,"Female","1/12/2025",19,379144,0.525285207232985,1.13542935234248,"4:45:00 PM","Perceptual",2.16154831072347,7,"Lower",82.25,1.63
5001,"Female","1/12/2025",19,379144,0.525285207232985,0.506694067560163,"6:04:00 PM","Perceptual",0.964607532409388,21,"Higher",73.5,0.65
5002,"Male","1/12/2025",18,379144,0.525285207232985,0.982189309936894,"4:48:00 PM","Perceptual",1.86982099707456,8,"Lower",84,1.44
5002,"Male","1/12/2025",18,379144,0.525285207232985,0.957523618089764,"5:58:00 PM","Perceptual",1.82286423623779,20,"Higher",73,1.22
5003,"Female","1/12/2025",19,379144,0.525285207232985,1.68735647370734,"4:49:00 PM","Perceptual",3.21226726066728,8,"Lower",73,2.15
5003,"Female","1/12/2025",19,379144,0.525285207232985,1.36332429464905,"6:01:00 PM","Perceptual",2.59539822533849,21,"Higher",68.5,1.63
5004,"Female","1/12/2025",18,379144,0.525285207232985,0.539738859056607,"4:52:00 PM","Perceptual",1.02751581735903,9,"Lower",69,0.65
5004,"Female","1/12/2025",18,379144,0.525285207232985,0.585143300652731,"6:09:00 PM","Perceptual",1.11395351057963,22,"Higher",70.5,0.72
5005,"Female","1/12/2025",20,379144,0.525285207232985,2.24172275062063,"4:55:00 PM","Perceptual",4.26762969859599,9,"Lower",69,2.7
5005,"Female","1/12/2025",20,379144,0.525285207232985,1.57761019122472,"6:20:00 PM","Perceptual",3.00334022260976,24,"Higher",69,1.9
5006,"Female","1/12/2025",20,379144,0.525285207232985,1.06456192159728,"4:58:00 PM","Perceptual",2.02663601970635,10,"Lower",77.5,1.44
5006,"Female","1/12/2025",20,379144,0.525285207232985,0.890438778312539,"5:51:00 PM","Perceptual",1.69515296842843,19,"Higher",78.5,1.22
5007,"Female","1/12/2025",19,379144,0.525285207232985,0.906639570425287,"6:49:00 PM","Perceptual",1.72599486515362,29,"Higher",91,1.44
5008,"Male","1/12/2025",19,379144,0.525285207232985,0.812786962572855,"5:01:00 PM","Perceptual",1.54732505576223,10,"Lower",86,1.22
5009,"Male","1/12/2025",18,379144,0.525285207232985,1.12249365388949,"5:04:00 PM","Perceptual",2.13692226324511,11,"Lower",73.5,1.44
5009,"Male","1/12/2025",18,379144,0.525285207232985,0.790830598396201,"6:12 p,m","Perceptual",1.50552611706318,22,"Higher",71,0.98
5010,"Female","1/12/2025",20,379144,0.525285207232985,1.13797531399819,"5:08:00 PM","Perceptual",2.16639512845343,11,"Lower",72.5,1.44
5010,"Female","1/12/2025",20,379144,0.525285207232985,0.970821925241984,"6:22:00 PM","Perceptual",1.84818059194152,25,"Higher",72,1.22
5011,"Female","1/12/2025",26,379144,0.525285207232985,1.07847694728465,"5:09:00 PM","Perceptual",2.05312643956925,11,"Lower",76.5,1.44
5011,"Female","1/12/2025",26,379144,0.525285207232985,1.78515884839438,"6:17:00 PM","Perceptual",3.39845635059467,23,"Higher",69,2.15
5012,"Female","1/12/2025",20,379144,0.525285207232985,1.12517011100173,"5:12:00 PM","Perceptual",2.14201750879055,12,"Lower",83,1.63
5012,"Female","1/12/2025",20,379144,0.525285207232985,1.08277496964194,"6:15:00 PM","Perceptual",2.06130870379086,23,"Higher",86.25,1.63
5013,"Female","1/12/2025",18,379144,0.525285207232985,1.27058902397887,"5:16:00 PM","Perceptual",2.41885552169245,12,"Lower",73.5,1.63
5013,"Female","1/12/2025",18,379144,0.525285207232985,1.74718269545507,"6:36:00 PM","Perceptual",3.326160096262,27,"Higher",70.5,2.15
5014,"Female","1/12/2025",18,379144,0.525285207232985,1.16736112377781,"5:14:00 PM","Perceptual",2.22233770855085,12,"Lower",80,1.63
5014,"Female","1/12/2025",18,379144,0.525285207232985,1.07496419948541,"6:38:00 PM","Perceptual",2.04643912427676,28,"Higher",76.75,1.44
5015,"Female","1/12/2025",19,379144,0.525285207232985,1.48103291865042,"5:18:00 PM","Perceptual",2.81948339351106,13,"Lower",73.5,1.9
5015,"Female","1/12/2025",19,379144,0.525285207232985,0.913717249345349,"6:39:00 PM","Perceptual",1.7394688385734,28,"Higher",76.5,1.22
5016,"Female","1/12/2025",19,379144,0.525285207232985,1.46115545153287,"5:20:00 PM","Perceptual",2.78164210873121,13,"Lower",74.5,1.9
5016,"Female","1/12/2025",19,379144,0.525285207232985,2.13352729449199,"6:42:00 PM","Perceptual",4.06165501162816,28,"Higher",72.5,2.7
31453,"GNC","1/12/2025",21,379144,0.525285207232985,1.53973140428729,"5:26:00 PM","Perceptual",2.93122932663199,14,"Lower",80,2.15
31453,"GNC","1/12/2025",21,379144,0.525285207232985,0.919728289724227,"6:45:00 PM","Perceptual",1.75091222265525,29,"Higher",76,1.22
5018,"Female","1/12/2025",21,379144,0.525285207232985,1.9969649918728,"5:29:00 PM","Perceptual",3.80167757320275,15,"Lower",70,2.44
5018,"Female","1/12/2025",21,379144,0.525285207232985,0.728519301684818,"6:25:00 PM","Perceptual",1.38690237542077,25,"Higher",75.5,0.96
5019,"Female","1/12/2025",18,379144,0.525285207232985,2.07626410144454,"5:33:00 PM","Perceptual",3.95264148476893,16,"Lower",74.5,2.7
5019,"Female","1/12/2025",18,379144,0.525285207232985,0.413801053372908,"6:28:00 PM","Perceptual",0.787764528060222,26,"Higher",72,0.52
5020,"Female","1/12/2025",20,379144,0.525285207232985,1.99590916901365,"5:35:00 PM","Perceptual",3.7996675739783,16,"Lower",77.5,2.7
5020,"Female","1/12/2025",20,379144,0.525285207232985,0.748342400000073,"6:52:00 PM","Perceptual",1.42464015680562,30,"Higher",73.5,0.96
5021,"Female","1/12/2025",19,379144,0.525285207232985,2.3854733028007,"5:37:00 PM","Perceptual",4.54129160683302,17,"Lower",79.25,3.3
5021,"Female","1/12/2025",19,379144,0.525285207232985,0.753678580881378,"6:53:00 PM","Perceptual",1.43479879216757,30,"Higher",74.5,0.98
5022,"Female","1/12/2025",18,379144,0.525285207232985,2.66256401725074,"5:38:00 PM","Perceptual",5.06879687565577,17,"Lower",71,3.3
5022,"Female","1/12/2025",18,379144,0.525285207232985,1.14587739536697,"6:43:00 PM","Perceptual",2.18143853965172,28,"Higher",72,1.44
5023,"Male","1/13/2025",NA,381133,0.522543965315936,3.1244498336848,"5:36:00 PM","Perceptual",5.97930517061031,5,"Lower",60.5,3.3
5023,"Male","1/13/2025",NA,381133,0.522543965315936,2.30223086573137,"7:06:00 PM","Perceptual",4.40581275173547,21,"Higher",53.5,2.15
32329,"Female","1/13/2025",NA,381133,0.522543965315936,2.21928872247381,"5:40:00 PM","Perceptual",4.24708516369909,5,"Lower",55.5,2.15
32329,"Female","1/13/2025",NA,381133,0.522543965315936,1.60195238222086,"6:58:00 PM","Perceptual",3.0656796146374,19,"Higher",51.5,1.44
5025,"Male","1/13/2025",NA,381133,0.522543965315936,1.48233192547313,"5:43:00 PM","Perceptual",2.83676020366419,6,"Lower",63,1.63
5025,"Male","1/13/2025",NA,381133,0.522543965315936,1.19484303828785,"6:51:00 PM","Perceptual",2.28658853148449,18,"Higher",58.5,1.22
5026,"Female","1/13/2025",18,381133,0.522543965315936,2.15542855826005,"5:46:00 PM","Perceptual",4.12487503698728,6,"Lower",50.5,1.9
5026,"Female","1/13/2025",18,381133,0.522543965315936,1.92542951444935,"6:53:00 PM","Perceptual",3.68472251571256,18,"Higher",48.5,1.63
5027,"Female","1/13/2025",NA,381133,0.522543965315936,3.75251949000254,"5:49:00 PM","Perceptual",7.18125122301187,7,"Lower",58,3.8
5027,"Female","1/13/2025",NA,381133,0.522543965315936,2.84837463649157,"7:03:00 PM","Perceptual",5.45097604326827,20,"Higher",54.3,2.7
1043,"Female","1/13/2025",18,381133,0.522543965315936,1.06403389544809,"5:51:00 PM","Perceptual",2.03625716891546,7,"Lower",86.5,1.44
1043,"Female","1/13/2025",18,381133,0.522543965315936,0.812544709304735,"6:55:00 PM","Perceptual",1.55497864914287,19,"Higher",48,1.44
5029,"Female","1/13/2025",20,381133,0.522543965315936,1.60195238222086,"5:53:00 PM","Perceptual",3.0656796146374,8,"Lower",51.5,1.44
5030,"Female","1/13/2025",NA,381133,0.522543965315936,2.03458955947317,"5:57:00 PM","Perceptual",3.89362368435933,8,"Lower",53.5,1.9
5030,"Female","1/13/2025",NA,381133,0.522543965315936,0.848005544761805,"7:13:00 PM","Perceptual",1.62284056662886,22,"Higher",52.7,0.78
5031,"Female","1/13/2025",18,381133,0.522543965315936,1.12739670426841,"5:59:00 PM","Perceptual",2.15751549936428,9,"Lower",62,1.22
5031,"Female","1/13/2025",18,381133,0.522543965315936,0.920469774871083,"7:22:00 PM","Perceptual",1.76151641960798,24,"Higher",61,0.98
5032,"Male","1/13/2025",19,381133,0.522543965315936,0.956568186329096,"6:17:00 PM","Perceptual",1.83059847557658,12,"Lower",57.5,0.96
5032,"Male","1/13/2025",19,381133,0.522543965315936,0.703781828483644,"7:27:00 PM","Perceptual",1.34683753941762,24,"Higher",63.5,0.78
5034,"Male","1/13/2025",23,381133,0.522543965315936,0.964958740389652,"6:22:00 PM","Perceptual",1.8466556011344,12,"Lower",57,0.96
5034,"Male","1/13/2025",23,381133,0.522543965315936,0.689663093023205,"7:20:00 PM","Perceptual",1.31981830965405,23,"Higher",54,0.65
5033,"Female","1/13/2025",18,381133,0.522543965315936,0.863827697283068,"6:25:00 PM","Perceptual",1.65311965044087,13,"Lower",65,0.98
5033,"Female","1/13/2025",18,381133,0.522543965315936,0.80667815502526,"7:35:00 PM","Perceptual",1.54375173874132,26,"Higher",55.4,0.78
5035,"Male","1/13/2025",20,381133,0.522543965315936,1.33068086928785,"6:28:00 PM","Perceptual",2.5465433678548,14,"Lower",62,1.44
5035,"Male","1/13/2025",20,381133,0.522543965315936,1.32131858322326,"7:32:00 PM","Perceptual",2.52862662460253,26,"Higher",52.9,1.22
5036,"Female","1/13/2025",22,381133,0.522543965315936,1.88651899391201,"6:30:00 PM","Perceptual",3.61025888562583,14,"Lower",57.7,1.9
5036,"Female","1/13/2025",22,381133,0.522543965315936,1.6499234413323,"7:30:00 PM","Perceptual",3.15748252940733,25,"Higher",56.6,1.63
5037,"Female","1/13/2025",18,381133,0.522543965315936,0.723726539416115,"6:33:00 PM","Perceptual",1.3850060233277,14,"Lower",57,0.72
5037,"Female","1/13/2025",18,381133,0.522543965315936,0.736649874695022,"7:38:00 PM","Perceptual",1.40973759834665,27,"Higher",56,0.72
5038,"Female","1/13/2025",18,381133,0.522543965315936,1.36366987990534,"6:38:00 PM","Perceptual",2.60967491813029,16,"Lower",60.5,1.44
5038,"Female","1/13/2025",18,381133,0.522543965315936,1.1591785524569,"8:07:00 PM","Perceptual",2.21833688531077,32,"Higher",60.3,1.22
5039,"Female","1/13/2025",18,381133,0.522543965315936,2.45515766426909,"6:41:00 PM","Perceptual",4.69847099427255,16,"Lower",63,2.7
5039,"Female","1/13/2025",18,381133,0.522543965315936,2.22586176752789,"7:37:00 PM","Perceptual",4.25966409578974,27,"Higher",62.8,2.44
5040,"Female","1/13/2025",19,381133,0.522543965315936,1.99726527170659,"6:43:00 PM","Perceptual",3.82219565103775,17,"Lower",54.5,1.9
5040,"Female","1/13/2025",19,381133,0.522543965315936,1.34418547878036,"8:04:00 PM","Perceptual",2.57238733580561,31,"Higher",52,1.22
1034,"Female","5/13/2025",19,404420,0.492455624179242,2.26766188131707,"10:21:00 PM","Perceptual",4.60480451430827,5,"Lower",57.5,1.9
1034,"Female","5/13/2025",19,404420,0.492455624179242,1.7619766110455,"11:53:00 PM","Perceptual",3.57793986814979,17,"Higher",47.5,1.44
5050,"Male","5/13/2025",25,404420,0.492455624179242,1.69791428859007,"10:31:00 PM","Perceptual",3.44785236521549,7,"Lower",55,1.63
5050,"Male","5/13/2025",25,404420,0.492455624179242,1.75570101100875,"11:58:00 PM","Perceptual",3.5651963848213,17,"Higher",62,1.9
5051,"Female","5/13/2025",NA,404420,0.492455624179242,1.19484303828785,"10:39:00 PM","Perceptual",2.42629585209683,8,"Lower",58.5,1.22
5051,"Female","5/13/2025",NA,404420,0.492455624179242,1.18471797443858,"12:13:00 AM","Perceptual",2.4057354942653,19,"Higher",59,1.22
6006,"Male","8/7/2025",21,386624,0.515122672326233,1.18966579954486,"7:57:00 PM","Perceptual",2.30948056347912,3,"Lower",78.5,1.63
6006,"Male","8/7/2025",21,386624,0.515122672326233,1.4437164606437,"9:00:00 PM","Perceptual",2.80266534207094,12,"Higher",75.4,1.9
6006,"Male","8/7/2025",21,386624,0.515122672326233,1.4437164606437,"9:30:00 PM","Perceptual",2.80266534207094,16,"Lower",78.5,1.63
6041,"Female","8/7/2025",19,386624,0.515122672326233,0.912152348356786,"8:04:00 PM","Perceptual",1.77074781864602,4,"Lower",60.3,0.96
6041,"Female","8/7/2025",19,386624,0.515122672326233,0.484449233293501,"9:37:00 PM","Perceptual",0.940454107961868,17,"Higher",61.5,0.52
1028,"Male","8/7/2025",56,386624,0.515122672326233,3.27315408323344,"8:54:00 PM","Perceptual",6.35412545220008,2.5,"Lower",62,3.8
1028,"Male","8/7/2025",56,386624,0.515122672326233,2.53751901192342,"9:53:00 PM","Perceptual",4.92604800418566,19,"Higher",87.5,3.8
6044,"Female","8/7/2025",NA,386624,0.515122672326233,1.63691092337723,"7:55:00 PM","Perceptual",3.17771088580732,2.5,"Lower",66.5,1.9
6044,"Female","8/7/2025",NA,386624,0.515122672326233,1.47298070699471,"9:38:00 PM","Perceptual",2.85947558926673,17,"Higher",63.4,1.63
6045,"Male","8/7/2025",NA,386624,0.515122672326233,1.38670913421823,"7:58:00 PM","Perceptual",2.69199786519979,3,"Lower",78.5,1.9
6045,"Male","8/7/2025",NA,386624,0.515122672326233,1.36819240228397,"9:28:00 PM","Perceptual",2.65605160826135,16,"Higher",60.3,1.44
6043,"Female","8/7/2025",NA,386624,0.515122672326233,2.00886697151351,"8:01:00 PM","Perceptual",3.89978364268399,3.5,"Lower",77,2.7
6043,"Female","8/7/2025",NA,386624,0.515122672326233,1.11793096166433,"9:49:00 PM","Perceptual",2.17022278715842,19,"Higher",73.8,1.44
6046,"Female","8/7/2025",NA,386624,0.515122672326233,3.34552829930433,"8:03:00 PM","Perceptual",6.49462444391414,4,"Lower",56.5,3.3
6046,"Female","8/7/2025",NA,386624,0.515122672326233,1.79329644079147,"9:44:00 PM","Perceptual",3.48129977019485,18,"Higher",60.7,1.9
6028,"Female","8/9/2025",49,379992,0.524112983510832,1.00574181501309,"9:22:00 PM","Perceptual",1.91894085179117,7,"Lower",69.5,1.22
6028,"Female","8/9/2025",49,379992,0.524112983510832,1.15388998422791,"10:40:00 PM","Perceptual",2.2016054181647,20,"Higher",71.5,1.44
6014,"Female","8/9/2025",NA,379992,0.524112983510832,1.05773819557891,"9:35:00 PM","Perceptual",2.01814919465174,9,"Lower",78,1.44
6014,"Female","8/9/2025",NA,379992,0.524112983510832,0.994297251201952,"11:02:00 PM","Perceptual",1.89710478939395,23,"Higher",70.3,1.22
6047,"Female","8/9/2025",26,379992,0.524112983510832,1.38969556641367,"9:13:00 PM","Perceptual",2.65151906198666,5,"Lower",67.2,1.63
6047,"Female","8/9/2025",26,379992,0.524112983510832,0.873743704502011,"10:45:00 PM","Perceptual",1.66709036408359,21,"Higher",80,1.22
6048,"Male","8/9/2025",NA,379992,0.524112983510832,2.33394970870397,"9:18:00 PM","Perceptual",4.45314232261475,6,"Lower",81,3.3
6048,"Male","8/9/2025",NA,379992,0.524112983510832,1.52827074809861,"10:48:00 PM","Perceptual",2.9159185064665,21,"Higher",80.6,2.15
6,"Male","8/9/2025",NA,379992,0.524112983510832,2.41132862175085,"9:25:00 PM","Perceptual",4.60078017071488,7,"Lower",78.4,3.3
6,"Male","8/9/2025",NA,379992,0.524112983510832,1.53016899554894,"10:53:00 PM","Perceptual",2.91954033517529,22,"Higher",80.5,2.15
6049,"Female","8/9/2025",NA,379992,0.524112983510832,1.5844984425245,"9:30:00 PM","Perceptual",3.02320013503682,8,"Lower",68.7,1.9
6049,"Female","8/9/2025",NA,379992,0.524112983510832,0.977610561491119,"10:57:00 PM","Perceptual",1.86526682651988,23,"Higher",71.5,1.22
