ID,GroupCount,MeanAdjustedPM,MaxAdjustedPM,Excluded
6,2,1.930394765,2.087101138,0
1028,2,2.5245505935,2.536291681,0
1034,2,1.8201907325,1.930822309,0
1043,2,1.819644601,1.819644601,0
5000,2,1.94849007,2.396493418,0
5001,2,1.4802770275,1.791095308,0
5002,2,1.2951069365,1.53986472,0
5003,2,2.2454594315,2.772187985,0
5004,2,1.6366001555,2.02663602,0
5005,2,3.341548185,3.994905445,0
5006,2,2.178038809,2.464194936,0
5009,2,1.404151016,1.519242204,0
5010,2,1.6206254645,1.71656359,0
5011,2,2.2233590465,2.292890894,0
5012,2,1.870145982,2.055593994,0
5013,2,3.250327072,3.359495046,0
5014,2,1.934703464,2.039795229,0
5015,2,1.8439593625,2.085204601,0
5016,2,2.0586388665,2.137812591,0
5018,2,1.721465816,1.774749661,0
5019,2,1.6716687925,1.707234822,0
5020,2,2.328095943,2.429309835,0
5021,2,2.762824397,3.110062748,0
5022,2,2.042627286,2.18143854,0
5023,2,2.4822096985,2.702293053,0
5025,2,2.594984454,2.689338728,0
5026,2,1.8125032945,1.879629993,0
5027,2,3.1799213475,3.787455359,0
5030,2,2.3064872895,2.4478485,0
5031,2,1.8659258005,1.931360289,0
5032,2,1.655288652,1.79419617,0
5033,2,1.778585707,1.918786973,0
5034,2,1.850847462,2.227143715,0
5035,2,2.7647174705,3.359158224,0
5036,2,1.77009571,1.846655601,0
5037,2,1.8905055415,2.280591355,0
5038,2,2.547564844,2.653075804,0
5039,2,7.6706810145,8.702751218,1
5040,2,3.307285105,3.629898608,0
5050,2,1.7166002895,1.822266589,0
5051,2,1.811939923,1.844488427,0
6006,3,1.381961038,1.475444492,0
6014,2,1.769353753,1.779580785,0
6028,2,2.2032445755,2.319388013,0
6041,2,1.6259336925,1.980710403,0
6043,2,2.128955051,2.589529685,0
6044,2,2.219794582,2.344061576,0
6045,2,1.5291970345,1.746288772,0
6046,2,1.8523232695,1.948460184,0
6047,2,1.885409891,2.037741747,0
6048,2,1.696593335,1.697796763,0
6049,2,2.6224152985,2.826574155,0
31453,2,1.9826777955,2.085204601,0
32329,2,2.287743971,2.313361598,0
32437,2,1.4155356285,1.611314236,0
6873834,2,6.3421411475,6.899891058,1
6875341,2,1.3911448305,1.575508512,0
6875476,2,1.6272670065,2.136922263,0
