ID Number,Gender,Age,Date,Moon Diameter (km),Moon Distance (km),Time,Round 1 Estimate Template Number,Round 1 Estimate Template Size (cm),Round 1 Estimate Distance (cm),Round 1 Final Moon,Round 1 Adjusted Template Size (cm),Round 1 Adjusted Distance (cm),Elevation (deg),Round 1 Caliper Aperture (cm),Round 1 Caliper Distance (cm),Round 2 Estimate Template Number,Round 2 Estimate Template Size (cm),Round 2 Estimate Distance (cm),Round 2 Final Moon,Round 2 Adjusted Template Size (cm),Round 2 Adjusted Distance (cm),Time,Elevation (deg) ,Round 2 Caliper Aperture (cm),Round 2 Caliper Distance (cm)
1000,Female,19,5/22/2024,3476,395236,9:19:00 PM,14,2.15,41.00,8,0.96,59.50,12.00,,,14,2.15,48.00,9,0.98,56.50,11:25:00 PM,25.00,,
1001,Male,24,5/22/2024,3476,395236,9:25:00 PM,14,2.15,44.50,9,0.98,37.00,13.00,,,11,1.44,38.50,7,0.78,39.25,10:35:00 PM,21.00,,
1002,Male,19,5/22/2024,3476,395236,9:30:00 PM,9,0.98,55.00,7,0.78,40.00,14.00,,,8,0.96,59.50,6,0.72,45.00,11:07:00 PM,24.00,,
1003,Female,19,5/22/2024,3476,395236,9:45:00 PM,12,1.63,59.00,11,1.44,49.50,16.00,,,13,1.90,57.00,10,1.22,56.00,10:38:00 PM,21.00,,
1004,Female,18,5/22/2024,3476,395236,9:48:00 PM,13,1.90,56.50,9,0.98,46.75,16.00,,,10,1.22,49.00,8,0.96,50.75,10:43:00 PM,22.00,,
1005,Male,19,5/22/2024,3476,395236,9:52:00 PM,13,1.90,51.00,8,0.96,16.45,16.00,,,10,1.22,55.00,8,0.96,33.00,11:02:00 PM,24.00,,
1006,Female,18,5/22/2024,3476,395236,9:56:00 PM,11,1.44,44.50,7,0.78,20.75,17.00,,,7,0.78,48.50,7,0.78,25.50,10:51:00 PM,23.00,,
1007,Female,18,5/22/2024,3476,395236,10:00:00 PM,12,1.63,55.00,11,1.44,37.00,17.50,,,10,1.22,58.75,9,0.98,44.75,10:48:00 PM,22.50,,
1008,Female,19,5/22/2024,3476,395236,10:03:00 PM,10,1.22,61.50,7,0.78,43.00,18.00,,,9,0.98,60.50,8,0.96,52.00,10:53:00 PM,23.00,,
1009,Male,18,5/22/2024,3476,395236,10:07:00 PM,14,2.15,57.00,7,0.78,23.50,18.00,,,12,1.63,58.50,5,0.65,19.25,11:10:00 PM,24.00,,
1010,Female,18,5/22/2024,3476,395236,10:12:00 PM,7,0.78,51.75,6,0.72,18.00,19.00,,,6,0.72,43.50,5,0.65,25.50,10:57:00 PM,23.00,,
1011,Female,21,5/22/2024,3476,395236,10:17:00 PM,12,1.63,54.50,6,0.72,15.50,19.00,,,10,1.22,62.00,5,0.65,14.25,11:15:00 PM,25.00,,
1012,Male,17,7/20/2024,3476,374538,9:25:00 PM,13,1.90,83.00,10,1.22,57.50,7.50,,,12,1.63,79.00,9,0.98,52.50,10:30:00 PM,16.00,,
1013,Female,16,7/20/2024,3476,374538,9:30:00 PM,15,2.44,63.00,6,0.72,52.00,8.00,,,12,1.63,77.00,8,0.96,47.00,10:35:00 PM,17.00,,
1014,Female,17,7/20/2024,3476,374538,9:32:00 PM,11,1.44,73.00,11,1.44,73.00,9.00,,,10,1.22,79.00,10,1.22,53.00,10:56:00 PM,19.00,,
1015,Female,17,7/20/2024,3476,374538,9:39:00 PM,11,1.44,66.00,7,0.78,66.00,10.00,,,10,1.22,70.00,6,0.72,49.00,11:00:00 PM,19.00,,
1016,Female,16,7/20/2024,3476,374538,9:45:00 PM,14,2.15,67.00,13,1.90,62.60,10.00,,,12,1.63,69.50,19,4.00,49.50,10:53:00 PM,19.00,,
1017,Female,22,7/21/2024,3476,370233,10:21:00 PM,16,2.70,69.00,9,0.98,51.50,10.00,,,10,1.22,71.00,9,0.98,52.00,11:27:00 PM,19.00,,
1018,Male,21,7/21/2024,3476,370233,10:26:00 PM,11,1.44,71.00,7,0.78,48.00,11.00,,,9,0.98,63.00,6,0.72,44.75,11:23:00 PM,19.00,,
1019,Female,17,7/21/2024,3476,370233,10:30:00 PM,14,2.15,54.50,7,0.78,42.00,11.00,,,11,1.44,55.50,5,0.65,42.75,11:12:00 PM,17.00,,
1020,Female,17,7/21/2024,3476,370233,10:33:00 PM,12,1.63,73.00,5,0.65,47.00,12.00,,,11,1.44,79.00,5,0.65,43.00,11:32:00 PM,20.00,,
1021,Male,20,8/19/2024,3476,363196,9:10:00 PM,13,1.90,75.50,8,0.96,56.25,9.00,,,13,1.90,75.50,8,0.96,56.50,10:15:00 PM,20.00,,
1022,Female,21,8/19/2024,3476,363196,9:18:00 PM,19,4.00,71.00,8,0.96,48.00,10.00,,,16,2.70,76.00,10,1.22,58.00,10:20:00 PM,20.00,,
1023,Male,20,8/19/2024,3476,363196,9:25:00 PM,14,2.15,74.50,9,0.98,55.50,11.00,,,12,1.63,71.00,8,0.96,58.00,10:37:00 PM,23.00,,
53,Female,22,8/19/2024,3476,363196,9:32:00 PM,9,0.98,70.00,10,1.22,53.50,13.00,,,8,0.96,86.00,10,1.22,56.75,10:40:00 PM,23.50,,
1025,Female,25,8/20/2024,3476,360805,9:11:00 PM,11,1.44,71.75,9,0.98,49.00,4.00,,,7,0.78,67.50,5,0.65,39.75,10:17:00 PM,16.00,,
1026,Female,26,8/20/2024,3476,360805,9:17:00 PM,16,2.70,74.00,10,1.22,57.25,5.00,,,13,1.90,82.50,9,0.98,49.75,10:21:00 PM,17.00,,
1027,Male,33,8/20/2024,3476,360805,9:20:00 PM,12,1.63,51.00,8,0.96,46.00,5.00,,,8,0.96,61.00,8,0.96,45.50,10:24:00 PM,17.50,,
1028,Male,55,8/20/2024,3476,360805,9:26:00 PM,18,3.80,62.00,16,2.70,50.65,6.00,,,18,3.80,87.50,10,1.22,47.00,10:32:00 PM,19.00,,
1029,Male,32,8/20/2024,3476,360805,9:30:00 PM,12,1.63,77.00,10,1.22,55.50,7.00,,,13,1.90,61.00,9,0.98,56.00,10:29:00 PM,18.50,,
1030,Male,24,8/20/2024,3476,360805,9:35:00 PM,11,1.44,46.00,9,0.98,51.50,8.00,,,7,0.78,62.50,6,0.72,49.50,10:26:00 PM,18.00,,
1031,Female,23,8/20/2024,3476,360805,9:40:00 PM,13,1.90,65.10,10,1.22,54.50,9.00,,,11,1.44,61.50,9,0.98,50.40,10:35:00 PM,19.00,,
1032,Male,16,8/19/2024,3476,363196,10:11:00 PM,16,2.70,53.50,10,1.22,50.50,14.00,,,12,1.63,46.25,7,0.78,46.25,11:25:00 PM,25.00,,
1033,Male,49,8/19/2024,3476,363196,10:17:00 PM,11,1.44,51.75,9,0.98,56.00,15.00,,,10,1.22,59.00,8,0.96,53.00,11:45:00 PM,27.00,,
1034,Female,19,8/19/2024,3476,363196,10:18:00 PM,13,1.90,57.50,7,0.78,30.00,15.00,,,11,1.44,47.50,7,0.78,27.00,11:28:00 PM,25.00,,
1035,Female,51,8/19/2024,3476,363196,10:20:00 PM,13,1.90,53.50,13,1.90,41.00,15.00,,,14,2.15,55.00,14,2.15,38.00,11:43:00 PM,27.00,,
1036,Female,23,10/16/2024,3476,357488,7:30:00 PM,14,2.15,48.00,9,0.98,60.50,16.00,,,8,0.96,70.00,8,0.96,54.00,9:32:00 PM,39.00,,
1037,Female,18,10/16/2024,3476,357488,7:33:00 PM,14,2.15,72.00,7,0.78,51.00,16.00,,,11,1.44,62.00,7,0.78,45.50,9:41:00 PM,41.00,,
1038,Female,20,10/16/2024,3476,357488,7:39:00 PM,15,2.44,79.00,7,0.78,52.00,11,,,13,1.90,82.00,7,0.78,52.00,8:36:00 PM,28.00,,
1039,Female,20,10/16/2024,3476,357488,7:40:00 PM,10,1.22,78.00,8,0.96,58.00,18.00,,,8,0.96,76.00,7,0.78,49.00,8:40:00 PM,29.00,,
1040,Female,18,10/16/2024,3476,357488,7:43:00 PM,19,4.00,71.00,12,1.63,49.00,18.00,,,11,1.44,77.00,10,1.22,46.00,9:03:00 PM,34.00,,
1041,Female,18,10/16/2024,3476,357488,7:45:00 PM,13,1.90,80.00,10,1.22,47.00,19.00,,,12,1.63,70.00,12,1.63,45.00,8:58:00 PM,33.00,,
1042,Male,18,10/16/2024,3476,357488,7:48:00 PM,13,1.90,87.00,10,1.22,60.00,19.00,,,12,1.63,81.00,10,1.22,53.00,8:59:00 PM,33.00,,
1043,Female,18,10/16/2024,3476,357488,7:50:00 PM,11,1.44,86.50,8,0.96,52.00,20.00,,,11,1.44,48.00,8,0.96,45.00,9:11:00 PM,35.00,,
1044,Female,20,10/16/2024,3476,357488,7:52:00 PM,12,1.63,73.00,10,1.22,50.00,20.00,,,12,1.63,76.00,9,0.98,45.00,9:18:00 PM,36.00,,
1045,Male,19,10/16/2024,3476,357488,7:56:00 PM,8,0.96,76.00,10,1.22,76.50,21.00,,,9,0.98,81.50,9,0.98,45.00,9:21:00 PM,37.00,,
1046,GNC,18,10/16/2024,3476,357488,7:59:00 PM,13,1.90,67.00,11,1.44,48.00,22.00,,,12,1.63,63.00,10,1.22,49.00,9:14:00 PM,36.00,,
1047,Male,23,10/16/2024,3476,357488,8:01:00 PM,10,1.22,75.50,10,1.22,54.50,22.00,,,10,1.22,81.00,8,0.96,44.00,9:34:00 PM,39.00,,
1048,Female,18,10/16/2024,3476,357488,8:03:00 PM,14,2.15,78.00,7,0.78,41.00,22.00,,,10,1.22,85.00,6,0.72,45.00,9:35:00 PM,39.50,,
1049,Male,18,10/16/2024,3476,357488,8:04:00 PM,17,3.30,70.00,14,2.15,52.00,22.00,,,15,2.44,85.00,12,1.63,45.00,9:43:00 PM,41.00,,
1050,Male,22,10/16/2024,3476,357488,8:06:00 PM,10,1.22,83.00,9,0.98,61.00,23.00,,,10,1.22,84.00,9,0.98,56.00,9:38:00 PM,40.00,,
1051,Female,21,10/16/2024,3476,357488,8:08:00 PM,10,1.22,41.00,7,0.78,46.00,23.00,,,7,0.78,50.50,6,0.72,42.50,9:50:00 PM,42.00,,
1052,Female,18,10/16/2024,3476,357488,8:10:00 PM,16,2.70,68.00,9,0.98,53.00,24.00,,,11,1.44,73.50,8,0.96,42.00,10:08:00 PM,45.00,,
1053,Female,21,10/16/2024,3476,357488,8:12:00 PM,10,1.22,75.00,9,0.98,50.00,24.00,,,8,0.96,73.50,10,1.22,43.00,10:02:00 PM,44.00,,
1054,Female,21,10/17/2024,3476,357252,7:16:00 PM,17,3.30,74.00,12,1.63,57.50,7.00,,,13,1.90,83.00,10,1.22,32.50,9:50:00 PM,36.00,,
1055,Female,22,10/17/2024,3476,357252,7:24:00 PM,13,1.90,81.00,7,0.78,45.50,8.00,,,9,0.98,82.50,7,0.78,47.00,9:45:00 PM,36.00,,
1056,Female,18,10/17/2024,3476,357252,7:30:00 PM,14,2.15,61.50,8,0.96,50.50,10.00,,,6,0.72,80.00,7,0.78,42.25,9:53:00 PM,37.00,,
1057,Male,23,10/17/2024,3476,357252,7:35:00 PM,16,2.70,75.00,11,1.44,50.00,11.00,,,13,1.90,83.75,10,1.22,48.00,9:29:00 PM,32.00,,
1058,Female,,10/17/2024,3476,357252,7:46:00 PM,16,2.70,79.50,,,,13.00,,,13,1.90,77.00,8,0.96,39.50,9:38:00 PM,34.00,,
1059,Female,18,10/17/2024,3476,357252,7:40:00 PM,15,2.44,68.00,13,1.90,53.50,11.00,,,14,2.15,64.50,13,1.90,46.50,9:48:00 PM,36.00,,
1060,Female,,10/17/2024,3476,357252,7:42:00 PM,14,2.15,88.50,13,1.90,48.00,12.00,,,12,1.63,73.50,11,1.44,44.50,9:35:00 PM,34.00,,
1061,Female,19,10/17/2024,3476,357252,7:45:00 PM,15,2.44,71.00,,,,12.00,,,14,2.15,76.00,10,1.22,48.75,9:12:00 PM,29.00,,
1062,Female,19,10/17/2024,3476,357252,7:54:00 PM,14,2.15,65.50,11,1.44,45.50,14.00,,,13,1.90,68.00,10,1.22,30.00,9:47:00 PM,36.00,,
1063,Female,21,10/17/2024,3476,357252,7:55:00 PM,13,1.90,78.50,9,0.98,45.50,14.00,,,8,0.96,75.75,6,0.72,41.50,10:03:00 PM,39.00,,
1064,Female,20,10/17/2024,3476,357252,8:06:00 PM,13,1.90,86.50,12,1.63,44.00,16.00,,,14,2.15,68.00,8,0.96,40.50,10:32:00 PM,45.00,,
1065,Female,18,10/17/2024,3476,357252,8:00:00 PM,12,1.63,74.50,6,0.72,46.50,15.00,,,8,0.96,71.50,6,0.72,44.50,9:43:00 PM,35.00,,
1066,Female,20,10/17/2024,3476,357252,8:03:00 PM,15,2.44,75.50,6,0.72,48.50,16.00,,,11,1.44,79.25,8,0.96,46.50,9:57:00 PM,38.00,,
1067,Female,23,10/17/2024,3476,357252,8:05:00 PM,13,1.90,80.00,9,0.98,59.50,16.00,,,11,1.44,84.00,8,0.96,52.00,10:07:00 PM,40.00,,
1068,Female,22,10/17/2024,3476,357252,8:09:00 PM,13,1.90,72.00,9,0.98,43.50,17.00,,,13,1.90,80.50,7,0.78,40.00,10:09:00 PM,40.00,,
1069,Female,38,10/17/2024,3476,357252,8:12:00 PM,9,0.98,55.50,3,0.49,17.50,17.00,,,5,0.65,63.25,5,0.65,26.00,9:55:00 PM,37.00,,
1070,Female,23,10/17/2024,3476,357252,8:15:00 PM,12,1.63,65.00,8,0.96,29.00,18.00,,,10,1.22,81.00,10,1.22,42.50,9:58:00 PM,38.00,,
1071,Female,21,10/17/2024,3476,357252,8:17:00 PM,14,2.15,73.75,8,0.96,39.70,18.00,,,11,1.44,84.50,10,1.22,45.50,10:15:00 PM,41.00,,
1072,Female,18,10/17/2024,3476,357252,8:20:00 PM,10,1.22,38.20,7,0.78,19.90,19.00,,,8,0.96,77.50,8,0.96,38.75,10:01:00 PM,39.00,,
1073,Female,,10/17/2024,3476,357252,8:23:00 PM,13,1.90,59.40,9,0.98,31.20,20.00,,,10,1.22,73.00,8,0.96,29.75,9:40:00 PM,35.00,,
1074,Female,20,10/17/2024,3476,357252,8:26:00 PM,14,2.15,61.00,7,0.78,27.30,20.00,,,7,0.78,66.25,6,0.72,26.50,10:27:00 PM,44.00,,
52,Female,19,10/17/2024,3476,357252,8:28:00 PM,6,0.72,71.10,7,0.78,47.60,21.00,,,7,0.78,76.50,6,0.72,42.00,10:41:00 PM,46.00,,
1076,GNC,23,10/17/2024,3476,357252,8:30:00 PM,9,0.98,51.70,4,0.52,29.80,21.00,,,,,,,,,,,,
1077,Female,18,10/17/2024,3476,357252,8:33:00 PM,12,1.63,49.00,,,48.10,21.00,,,10,1.22,76.00,9,0.98,42.00,10:25:00 PM,43.00,,
1078,Female,,10/17/2024,3476,357252,8:35:00 PM,7,0.78,60.40,7,0.78,40.50,22.00,,,7,0.78,61.25,7,0.78,42.25,10:26:00 PM,44.00,,
1079,Female,18,10/17/2024,3476,357252,8:37:00 PM,10,1.22,63.60,7,0.78,44.20,22.00,,,8,0.96,82.00,7,0.78,40.50,10:22:00 PM,43.00,,
1080,Female,22,10/17/2024,3476,357252,8:40:00 PM,10,1.22,54.30,7,0.78,49.30,23.00,,,9,0.98,74.75,8,0.96,48.00,10:21:00 PM,43.00,,
54,Female,23,10/17/2024,3476,357252,8:42:00 PM,8,0.96,67.70,8,0.96,48.20,23.00,,,10,1.22,72.50,9,0.98,50.50,10:28:00 PM,44.00,,
1082,Female,18,10/17/2024,3476,357252,8:45:00 PM,8,0.96,46.90,8,0.96,45.70,24.00,,,9,0.98,67.00,9,0.98,42.00,10:36:00 PM,45.00,,
32131,Female,21,11/15/2024,3476,361929,5:10:00 PM,13,1.90,72.00,7,0.78,47.00,4.00,,,7,0.78,66.00,7,0.78,40.00,6:52:00 PM,23.00,,
31948,Male,19,11/15/2024,3476,361929,5:12:00 PM,13,1.90,68.00,8,0.96,45.00,5.00,,,,,,,,,,,,
1083,Female,22,11/15/2024,3476,361929,5:14:00 PM,13,1.90,74.00,6,0.72,30.50,5.00,,,,,,,,,,,,
32002,Male,20,11/15/2024,3476,361929,5:16:00 PM,10,1.22,76.50,6,0.72,44.25,5.00,,,,,,,,,,,,
32245,Female,20,11/15/2024,3476,361929,5:18:00 PM,7,0.78,61.00,8,0.96,43.00,6.00,,,6,0.72,65.00,7,0.78,40.50,6:55:00 PM,23.00,,
31924,Female,19,11/15/2024,3476,361929,5:20:00 PM,14,2.15,70.00,8,0.96,52.00,6.00,,,12,1.63,77.00,9,0.98,48.00,7:00:00 PM,24.00,,
1084,Female,20,11/15/2024,3476,361929,5:22:00 PM,11,1.44,60.50,10,1.22,46.00,6.00,,,12,1.63,66.00,10,1.22,41.00,7:01:00 PM,25.00,,
31504,Female,20,11/15/2024,3476,361929,5:24:00 PM,12,1.63,83.50,9,0.98,54.50,7.00,,,6,0.72,79.00,7,0.78,46.00,6:54:00 PM,23.00,,
1085,Male,19,11/15/2024,3476,361929,5:26:00 PM,15,2.44,81.50,10,1.22,51.50,7.00,,,,,,,,,,,,
1066,Female,18,11/15/2024,3476,361929,5:37:00 PM,14,2.15,69.50,11,1.44,50.50,9.00,,,12,1.63,66.00,9,0.98,52.00,6:58:00 PM,24.00,,
1072,Female,18,11/15/2024,3476,361929,5:39:00 PM,9,0.98,61.50,9,0.98,45.50,10.00,,,10,1.22,68.00,9,0.98,44.00,6:48:00 PM,22.00,,
1056,Female,18,11/15/2024,3476,361929,5:51:00 PM,9,0.98,76.00,7,0.78,46.75,11.00,,,9,0.98,79.00,7,0.78,44.00,6:57:00 PM,24.00,,
1087,Female,18,11/15/2024,3476,361929,5:59:00 PM,14,2.15,62.00,9,0.98,42.50,13.00,,,12,1.63,63.00,10,1.22,43.00,,,,
1088,Male,18,11/15/2024,3476,361929,6:03:00 PM,16,2.70,72.00,10,1.22,50.50,14.00,,,9,0.98,76.00,9,0.98,54.00,7:31:00 PM,30.00,,
1089,Female,19,11/15/2024,3476,361929,6:07:00 PM,12,1.63,68.00,7,0.78,50.50,14.00,,,11,1.44,68.00,6,0.72,45.00,,,,
1090,Female,18,11/15/2024,3476,361929,6:01:00 PM,12,1.63,85.00,10,1.22,51.00,13.00,,,13,1.90,78.00,11,1.44,47.00,7:25:00 PM,29.00,,
1082,Female,18,11/15/2024,3476,361929,6:11:00 PM,10,1.22,69.00,9,0.98,56.00,15.00,,,10,1.22,79.00,8,0.96,52.00,7:34:00 PM,31.00,,
1091,Male,19,11/15/2024,3476,361929,6:15:00 PM,16,2.70,55.00,10,1.22,48.00,16.00,,,10,1.22,55.00,10,1.22,49.00,,,,
1092,Female,,11/15/2024,3476,361929,6:20:00 PM,15,2.44,78.00,15,2.44,49.00,17.00,,,14,2.15,75.00,13,1.90,50.00,7:38:00 PM,32.00,,
31459,Female,,11/15/2024,3476,361929,6:22:00 PM,11,1.44,71.00,7,0.78,49.00,17.00,,,9,0.98,62.00,7,0.78,48.00,,,,
5000,Female,20,1/12/2025,3476,379144,12:00:00 AM,13,1.90,67.50,5,0.65,47.25,5.00,5.788,45.40,7,0.78,58.75,7,0.78,35.50,5:44:00 PM,18.00,5.461,45.80
6875341,Female,18,1/12/2025,3476,379144,4:35:00 PM,10,1.22,71.25,4,0.52,47.00,6.00,6.217,47.50,9,0.98,77.00,5,0.65,45.00,5:40:00 PM,17.00,6.528,43.30
32437,Female,19,1/12/2025,3476,379144,4:38:00 PM,11,1.44,78.00,4,0.52,46.50,6.00,6.002,34.10,5,0.65,74.50,5,0.65,44.00,6:01:00 PM,20.00,6.151,38.80
6875476,Female,18,1/12/2025,3476,379144,4:40:00 PM,10,1.22,77.25,4,0.52,50.75,7.00,6.073,43.40,3,0.49,77.00,8,0.96,49.00,6:05:00 PM,21.00,6.467,42.00
6873834,Female,18,1/12/2025,3476,379144,4:42:00 PM,17,3.30,69.00,17,3.30,52.15,7.00,2.296,42.30,16,2.70,65.00,15,2.44,46.00,6:07:00 PM,21.00,5.320,42.90
5001,Female,19,1/12/2025,3476,379144,4:45:00 PM,12,1.63,82.25,4,0.52,48.50,7.00,6.432,41.00,5,0.65,73.50,7,0.78,47.50,6:04:00 PM,21.00,6.557,43.40
5002,Male,18,1/12/2025,3476,379144,4:48:00 PM,11,1.44,84.00,4,0.52,54.00,8.00,5.852,50.80,10,1.22,73.00,6,0.72,51.00,5:58:00 PM,20.00,7.550,46.00
5003,Female,19,1/12/2025,3476,379144,4:49:00 PM,14,2.15,73.00,7,0.78,49.50,8.00,6.474,43.80,12,1.63,68.50,10,1.22,48.00,6:01:00 PM,21.00,6.400,28.06
5004,Female,18,1/12/2025,3476,379144,4:52:00 PM,5,0.65,69.00,4,0.52,45.50,9.00,6.515,43.30,6,0.72,70.50,6,0.72,38.75,6:09:00 PM,22.00,6.812,40.10
5005,Female,20,1/12/2025,3476,379144,4:55:00 PM,16,2.70,69.00,10,1.22,49.50,9.00,4.626,47.80,13,1.90,69.00,12,1.63,44.50,6:20:00 PM,24.00,6.213,43.10
5006,Female,20,1/12/2025,3476,379144,4:58:00 PM,11,1.44,77.50,9,0.98,56.50,10.00,6.611,55.00,10,1.22,78.50,10,1.22,54.00,5:51:00 PM,19.00,6.589,51.50
5007,Female,19,1/12/2025,3476,379144,,,,,,,,,6.743,50.30,11,1.44,91.00,10,1.22,65.00,6:49:00 PM,29.00,6.606,47.50
5008,Male,19,1/12/2025,3476,379144,5:01:00 PM,10,1.22,86.00,6,0.72,55.75,10.00,6.185,50.20,,,,,,,,,,
5009,Male,18,1/12/2025,3476,379144,5:04:00 PM,11,1.44,73.50,5,0.65,55.00,11.00,7.563,49.70,9,0.98,71.00,7,0.78,56.00,"6:12 p,m",22.00,7.691,48.20
5010,Female,20,1/12/2025,3476,379144,5:08:00 PM,11,1.44,72.50,5,0.65,46.50,11.00,6.398,39.30,10,1.22,72.00,6,0.72,45.75,6:22:00 PM,25.00,6.448,35.50
5011,Female,26,1/12/2025,3476,379144,5:09:00 PM,11,1.44,76.50,7,0.78,39.50,11.00,5.413,39.50,14,2.15,69.00,6,0.72,34.25,6:17:00 PM,23.00,5.116,33.10
5012,Female,20,1/12/2025,3476,379144,5:12:00 PM,12,1.63,83.00,7,0.78,50.50,12.00,6.875,46.80,12,1.63,86.25,9,0.98,52.00,6:15:00 PM,23.00,6.842,54.40
5013,Female,18,1/12/2025,3476,379144,5:16:00 PM,12,1.63,73.50,11,1.44,50.00,12.00,3.440,42.20,14,2.15,70.50,11,1.44,46.75,6:36:00 PM,27.00,6.932,43.10
5014,Female,18,1/12/2025,3476,379144,5:14:00 PM,12,1.63,80.00,6,0.72,38.50,12.00,6.854,37.10,11,1.44,76.75,7,0.78,46.50,6:38:00 PM,28.00,7.253,36.70
5015,Female,19,1/12/2025,3476,379144,5:18:00 PM,13,1.90,73.50,6,0.72,49.00,13.00,6.498,43.30,10,1.22,76.50,5,0.65,34.00,6:39:00 PM,28.00,6.698,38.50
5016,Female,19,1/12/2025,3476,379144,5:20:00 PM,13,1.90,74.50,9,0.98,54.00,13.00,5.780,36.60,16,2.70,72.50,9,0.98,50.00,6:42:00 PM,28.00,6.600,36.60
31453,GNC,21,1/12/2025,3476,379144,5:26:00 PM,14,2.15,80.00,7,0.78,45.25,14.00,6.170,42.20,10,1.22,76.00,5,0.65,34.00,6:45:00 PM,29.00,6.204,35.30
5018,Female,21,1/12/2025,3476,379144,5:29:00 PM,15,2.44,70.00,7,0.78,51.00,15.00,6.512,41.10,8,0.96,75.50,6,0.72,44.25,6:25:00 PM,25.00,6.552,35.00
5019,Female,18,1/12/2025,3476,379144,5:33:00 PM,16,2.70,74.50,6,0.72,46.00,16.00,7.079,44.90,4,0.52,72.00,6,0.72,48.00,6:28:00 PM,26.00,6.941,45.80
5020,Female,20,1/12/2025,3476,379144,5:35:00 PM,16,2.70,77.50,9,0.98,48.00,16.00,4.310,38.30,8,0.96,73.50,9,0.98,44.00,6:52:00 PM,30.00,4.391,37.70
5021,Female,19,1/12/2025,3476,379144,5:37:00 PM,17,3.30,79.25,11,1.44,50.50,17.00,5.932,40.10,9,0.98,74.50,9,0.98,44.25,6:53:00 PM,30.00,7.026,44.00
5022,Female,18,1/12/2025,3476,379144,5:38:00 PM,17,3.30,71.00,6,0.72,41.25,17.00,4.559,32.30,11,1.44,72.00,7,0.78,39.00,6:43:00 PM,28.00,3.554,19.10
5023,Male,,1/13/2025,3476,381133,5:36:00 PM,17,3.30,60.50,9,0.98,47.50,5.00,6.781,49.70,14,2.15,53.50,10,1.22,49.50,7:06:00 PM,21.00,6.794,49.30
32329,Female,,1/13/2025,3476,381133,5:40:00 PM,14,2.15,55.50,9,0.98,47.50,5.00,6.562,46.50,11,1.44,51.50,8,0.96,45.50,6:58:00 PM,19.00,6.574,42.30
5025,Male,,1/13/2025,3476,381133,5:43:00 PM,12,1.63,63.00,5,0.65,28.50,6.00,7.103,54.60,10,1.22,58.50,5,0.65,26.50,6:51:00 PM,18.00,7.036,44.60
5026,Female,18,1/13/2025,3476,381133,5:46:00 PM,13,1.90,50.50,7,0.78,49.00,6.00,5.976,45.70,12,1.63,48.50,7,0.78,45.50,6:53:00 PM,18.00,5.833,44.90
5027,Female,,1/13/2025,3476,381133,5:49:00 PM,18,3.80,58.00,13,1.90,55.00,7.00,4.571,49.10,16,2.70,54.30,10,1.22,52.00,7:03:00 PM,20.00,4.549,45.50
1043,Female,18,1/13/2025,3476,381133,5:51:00 PM,7,0.78,42.00,7,0.78,47.00,7.00,5.094,49.00,7,0.78,55.00,7,0.78,47.00,6:55:00 PM,19.00,6.573,46.60
5029,Female,20,1/13/2025,3476,381133,5:53:00 PM,11,1.44,51.50,8,0.96,46.50,8.00,1.562,45.60,,,,,,,,,,
5030,Female,,1/13/2025,3476,381133,5:57:00 PM,13,1.90,53.50,8,0.96,43.00,8.00,3.407,45.20,7,0.78,52.70,7,0.78,39.50,7:13:00 PM,22.00,3.907,38.60
5031,Female,18,1/13/2025,3476,381133,5:59:00 PM,10,1.22,62.00,8,0.96,54.50,9.00,5.047,38.50,9,0.98,61.00,7,0.78,47.50,7:22:00 PM,24.00,5.289,40.50
5032,Male,19,1/13/2025,3476,381133,6:17:00 PM,8,0.96,57.50,6,0.72,44.00,12.00,7.580,56.40,7,0.78,63.50,5,0.65,47.00,7:27:00 PM,24.00,7.842,48.40
5034,Male,23,1/13/2025,3476,381133,6:22:00 PM,8,0.96,57.00,2,0.39,29.00,12.00,6.608,41.10,5,0.65,54.00,5,0.65,32.00,7:20:00 PM,23.00,6.664,37.90
5033,Female,18,1/13/2025,3476,381133,6:25:00 PM,9,0.98,65.00,5,0.65,43.50,13.00,6.694,37.60,7,0.78,55.40,3,0.49,28.00,7:35:00 PM,26.00,4.472,34.90
5035,Male,20,1/13/2025,3476,381133,6:28:00 PM,11,1.44,62.00,8,0.96,48.50,14.00,3.641,25.10,10,1.22,52.90,6,0.72,23.50,7:32:00 PM,26.00,4.155,34.40
5036,Female,22,1/13/2025,3476,381133,6:30:00 PM,13,1.90,57.70,8,0.96,57.00,14.00,7.622,50.20,12,1.63,56.60,7,0.78,50.50,7:30:00 PM,25.00,7.321,48.00
5037,Female,18,1/13/2025,3476,381133,6:33:00 PM,6,0.72,57.00,7,0.78,57.00,14.00,6.568,34.80,6,0.72,56.00,7,0.78,37.50,7:38:00 PM,27.00,6.872,34.40
5038,Female,18,1/13/2025,3476,381133,6:38:00 PM,11,1.44,60.50,9,0.98,44.00,16.00,5.802,42.30,10,1.22,60.30,9,0.98,40.50,8:07:00 PM,32.00,6.334,35.20
5039,Female,18,1/13/2025,3476,381133,6:41:00 PM,16,2.70,63.00,16,2.70,34.00,16.00,2.147,25.50,15,2.44,62.80,14,2.15,35.50,7:37:00 PM,27.00,3.675,35.60
5040,Female,19,1/13/2025,3476,381133,6:43:00 PM,13,1.90,54.50,9,0.98,36.00,17.00,6.055,44.60,10,1.22,52.00,9,0.98,29.60,8:04:00 PM,31.00,6.138,44.60
1034,Female,19,5/13/2025,3476,404420,10:21:00 PM,13,1.90,48,7,0.78,47.00,5.00,5.736,47.50,12,1.63,53.00,6,0.72,49.00,11:53:00 PM,17.00,5.444,43.00
5050,Male,25,5/13/2025,3476,404420,10:31:00 PM,12,1.63,55.00,6,0.72,52.00,7.00,7.493,55.50,13,1.90,62.00,5,0.65,41.50,11:58:00 PM,17.00,7.815,49.50
5051,Female,,5/13/2025,3476,404420,10:39:00 PM,10,1.22,58.50,5,0.65,41.00,8.00,4.935,39.5,10.00,1.22,59.00,5,0.65,42.50,12:13:00 AM,19.00,5.256,39.50
6006,Male,21,8/7/2025,3476,386624,7:57:00 PM,12,1.63,78.50,4,0.52,48.40,3.00,6.549,46,13,1.90,75.40,5,0.65,49.00,9:00:00 PM,12.00,4.200,65.06
6006,Male,21,8/7/2025,3476,386624,9:30:00 PM,13,1.90,75.40,5,0.65,49.00,16.00,4.07,67.7,,,,,,,,,,
6041,Female,19,8/7/2025,3476,386624,8:04:00 PM,8,0.96,60.30,4,0.52,45.50,4.00,6.833,41.20,4,0.52,61.50,7,0.78,43.80,9:37:00 PM,17.00,3.900,71.59
1028,Male,56,8/7/2025,3476,386624,8:54:00 PM,18,3.80,66.50,10,1.22,53.50,2.50,4.350,67.56,17,3.30,74.50,10,1.22,54.00,9:53:00 PM,19.00,4.150,76.43
6044,Female,,8/7/2025,3476,386624,7:55:00 PM,13,1.90,66.50,9,0.98,46.50,2.50,8.158,42.30,12,1.63,63.40,7,0.78,41.40,9:38:00 PM,17.00,6.785,37.50
6045,Male,,8/7/2025,3476,386624,7:58:00 PM,13,1.90,78.50,5,0.65,55.10,3.00,7.606,53.00,11,1.44,60.30,5,0.65,41.40,9:28:00 PM,16.00,7.507,51.00
6043,Female,,8/7/2025,3476,386624,8:01:00 PM,16,2.70,77.00,7,0.78,52,3.50,5.847,47.50,11,1.44,73.80,10,1.22,52.40,9:49:00 PM,19.00,6.031,49.00
6046,Female,,8/7/2025,3476,386624,8:03:00 PM,17,3.30,56.50,8,0.96,54.80,4.00,5.693,45.70,13,1.90,60.70,7,0.78,49.40,9:44:00 PM,18.00,6.614,41.00
6028,Female,49,8/9/2025,3476,379992,9:22:00 PM,10,1.22,69.50,10,1.22,63.90,7.00,4.104,52.30,11,1.44,71.50,10,1.22,57.50,10:40:00 PM,20.00,5.825,40.40
6014,Female,,8/9/2025,3476,379992,9:35:00 PM,11,1.44,78.00,9,0.98,60.90,9.00,5.706,53.80,10,1.22,70.30,9,0.98,60.20,11:02:00 PM,23.00,4.496,46.00
6047,Female,26,8/9/2025,3476,379992,9:13:00 PM,12,1.63,67.20,8,0.96,51.50,5.00,7.780,47.00,10,1.22,80.00,7,0.78,49.20,10:45:00 PM,21.00,7.025,44.20
6048,Male,,8/9/2025,3476,379992,9:18:00 PM,17,3.30,81.00,9,0.98,63.10,6.00,7.996,42.00,14,2.15,80.60,8,0.96,61.90,10:48:00 PM,21.00,7.316,55.10
6,Male,,8/9/2025,3476,379992,9:25:00 PM,17,3.30,78.40,10,1.22,63.90,7.00,8.055,50.50,14,2.15,80.50,9,0.98,60.40,10:53:00 PM,22.00,8.728,45.40
6049,Female,,8/9/2025,3476,379992,9:30:00 PM,13,1.90,68.70,9,0.98,37.90,8.00,5.855,42.90,10,1.22,71.50,9,0.98,44.30,10:57:00 PM,23.00,5.825,43.30
,,,,,,,,,,,,,,,,,,,,,,,,,
,,,,,,,,,,,,,,,,,,,,,,,,,
,,,,,,,,,,,,,,,,,,,,,,,,,
,,,,,,,,,,,,,,,,,,,,,,,,,
,,,,,,,,,,,,,,,,,,,,,,,,,
,,,,,,,,,,,,,,,,,,,,,,,,,
,,,,,,,,,,,,,,,,,,,,,,,,,
,,,,,,,,,,,,,,,,,,,,,,,,,
,,,,,,,,,,,,,,,,,,,,,,,,,
,,,,,,,,,,,,,,,,,,,,,,,,,
,,,,,,,,,,,,,,,,,,,,,,,,,
,,,,,,,,,,,,,,,,,,,,,,,,,
,,,,,,,,,,,,,,,,,,,,,,,,,
,,,,,,,,,,,,,,,,,,,,,,,,,
,,,,,,,,,,,,,,,,,,,,,,,,,
,,,,,,,,,,,,,,,,,,,,,,,,,
,,,,,,,,,,,,,,,,,,,,,,,,,
,,,,,,,,,,,,,,,,,,,,,,,,,
,,,,,,,,,,,,,,,,,,,,,,,,,
,,,,,,,,,,,,,,,,,,,,,,,,,
,,,,,,,,,,,,,,,,,,,,,,,,,
,,,,,,,,,,,,,,,,,,,,,,,,,
,,,,,,,,,,,,,,,,,,,,,,,,,
,,,,,,,,,,,,,,,,,,,,,,,,,
,,,,,,,,,,,,,,,,,,,,,,,,,
,,,,,,,,,,,,,,,,,,,,,,,,,
,,,,,,,,,,,,,,,,,,,,,,,,,
,,,,,,,,,,,,,,,,,,,,,,,,,
,,,,,,,,,,,,,,,,,,,,,,,,,
,,,,,,,,,,,,,,,,,,,,,,,,,
,,,,,,,,,,,,,,,,,,,,,,,,,
,,,,,,,,,,,,,,,,,,,,,,,,,
,,,,,,,,,,,,,,,,,,,,,,,,,
,,,,,,,,,,,,,,,,,,,,,,,,,
,,,,,,,,,,,,,,,,,,,,,,,,,
,,,,,,,,,,,,,,,,,,,,,,,,,
,,,,,,,,,,,,,,,,,,,,,,,,,
,,,,,,,,,,,,,,,,,,,,,,,,,
,,,,,,,,,,,,,,,,,,,,,,,,,
,,,,,,,,,,,,,,,,,,,,,,,,,
,,,,,,,,,,,,,,,,,,,,,,,,,
,,,,,,,,,,,,,,,,,,,,,,,,,
,,,,,,,,,,,,,,,,,,,,,,,,,
,,,,,,,,,,,,,,,,,,,,,,,,,
,,,,,,,,,,,,,,,,,,,,,,,,,
,,,,,,,,,,,,,,,,,,,,,,,,,
,,,,,,,,,,,,,,,,,,,,,,,,,
,,,,,,,,,,,,,,,,,,,,,,,,,
,,,,,,,,,,,,,,,,,,,,,,,,,
,,,,,,,,,,,,,,,,,,,,,,,,,
,,,,,,,,,,,,,,,,,,,,,,,,,
,,,,,,,,,,,,,,,,,,,,,,,,,
,,,,,,,,,,,,,,,,,,,,,,,,,
,,,,,,,,,,,,,,,,,,,,,,,,,
,,,,,,,,,,,,,,,,,,,,,,,,,
,,,,,,,,,,,,,,,,,,,,,,,,,
,,,,,,,,,,,,,,,,,,,,,,,,,
,,,,,,,,,,,,,,,,,,,,,,,,,
,,,,,,,,,,,,,,,,,,,,,,,,,
,,,,,,,,,,,,,,,,,,,,,,,,,
,,,,,,,,,,,,,,,,,,,,,,,,,
,,,,,,,,,,,,,,,,,,,,,,,,,
,,,,,,,,,,,,,,,,,,,,,,,,,
,,,,,,,,,,,,,,,,,,,,,,,,,
,,,,,,,,,,,,,,,,,,,,,,,,,
,,,,,,,,,,,,,,,,,,,,,,,,,
,,,,,,,,,,,,,,,,,,,,,,,,,
,,,,,,,,,,,,,,,,,,,,,,,,,
,,,,,,,,,,,,,,,,,,,,,,,,,
,,,,,,,,,,,,,,,,,,,,,,,,,
,,,,,,,,,,,,,,,,,,,,,,,,,
,,,,,,,,,,,,,,,,,,,,,,,,,
,,,,,,,,,,,,,,,,,,,,,,,,,
,,,,,,,,,,,,,,,,,,,,,,,,,
,,,,,,,,,,,,,,,,,,,,,,,,,
,,,,,,,,,,,,,,,,,,,,,,,,,
,,,,,,,,,,,,,,,,,,,,,,,,,
,,,,,,,,,,,,,,,,,,,,,,,,,
,,,,,,,,,,,,,,,,,,,,,,,,,
,,,,,,,,,,,,,,,,,,,,,,,,,
,,,,,,,,,,,,,,,,,,,,,,,,,
,,,,,,,,,,,,,,,,,,,,,,,,,
,,,,,,,,,,,,,,,,,,,,,,,,,
,,,,,,,,,,,,,,,,,,,,,,,,,
,,,,,,,,,,,,,,,,,,,,,,,,,
,,,,,,,,,,,,,,,,,,,,,,,,,
,,,,,,,,,,,,,,,,,,,,,,,,,
,,,,,,,,,,,,,,,,,,,,,,,,,
,,,,,,,,,,,,,,,,,,,,,,,,,
,,,,,,,,,,,,,,,,,,,,,,,,,
,,,,,,,,,,,,,,,,,,,,,,,,,
,,,,,,,,,,,,,,,,,,,,,,,,,
,,,,,,,,,,,,,,,,,,,,,,,,,
,,,,,,,,,,,,,,,,,,,,,,,,,
,,,,,,,,,,,,,,,,,,,,,,,,,
,,,,,,,,,,,,,,,,,,,,,,,,,
,,,,,,,,,,,,,,,,,,,,,,,,,
,,,,,,,,,,,,,,,,,,,,,,,,,
,,,,,,,,,,,,,,,,,,,,,,,,,
,,,,,,,,,,,,,,,,,,,,,,,,,
,,,,,,,,,,,,,,,,,,,,,,,,,
,,,,,,,,,,,,,,,,,,,,,,,,,
,,,,,,,,,,,,,,,,,,,,,,,,,
,,,,,,,,,,,,,,,,,,,,,,,,,
,,,,,,,,,,,,,,,,,,,,,,,,,
,,,,,,,,,,,,,,,,,,,,,,,,,
,,,,,,,,,,,,,,,,,,,,,,,,,
,,,,,,,,,,,,,,,,,,,,,,,,,
,,,,,,,,,,,,,,,,,,,,,,,,,
,,,,,,,,,,,,,,,,,,,,,,,,,
,,,,,,,,,,,,,,,,,,,,,,,,,
,,,,,,,,,,,,,,,,,,,,,,,,,
,,,,,,,,,,,,,,,,,,,,,,,,,
,,,,,,,,,,,,,,,,,,,,,,,,,
,,,,,,,,,,,,,,,,,,,,,,,,,
,,,,,,,,,,,,,,,,,,,,,,,,,
,,,,,,,,,,,,,,,,,,,,,,,,,
,,,,,,,,,,,,,,,,,,,,,,,,,
,,,,,,,,,,,,,,,,,,,,,,,,,
,,,,,,,,,,,,,,,,,,,,,,,,,
,,,,,,,,,,,,,,,,,,,,,,,,,
,,,,,,,,,,,,,,,,,,,,,,,,,
,,,,,,,,,,,,,,,,,,,,,,,,,
,,,,,,,,,,,,,,,,,,,,,,,,,
,,,,,,,,,,,,,,,,,,,,,,,,,
,,,,,,,,,,,,,,,,,,,,,,,,,
,,,,,,,,,,,,,,,,,,,,,,,,,
,,,,,,,,,,,,,,,,,,,,,,,,,
,,,,,,,,,,,,,,,,,,,,,,,,,
,,,,,,,,,,,,,,,,,,,,,,,,,
,,,,,,,,,,,,,,,,,,,,,,,,,
,,,,,,,,,,,,,,,,,,,,,,,,,
,,,,,,,,,,,,,,,,,,,,,,,,,
,,,,,,,,,,,,,,,,,,,,,,,,,
,,,,,,,,,,,,,,,,,,,,,,,,,
,,,,,,,,,,,,,,,,,,,,,,,,,
,,,,,,,,,,,,,,,,,,,,,,,,,
,,,,,,,,,,,,,,,,,,,,,,,,,
,,,,,,,,,,,,,,,,,,,,,,,,,
,,,,,,,,,,,,,,,,,,,,,,,,,
,,,,,,,,,,,,,,,,,,,,,,,,,
,,,,,,,,,,,,,,,,,,,,,,,,,
,,,,,,,,,,,,,,,,,,,,,,,,,
,,,,,,,,,,,,,,,,,,,,,,,,,
,,,,,,,,,,,,,,,,,,,,,,,,,
,,,,,,,,,,,,,,,,,,,,,,,,,
,,,,,,,,,,,,,,,,,,,,,,,,,
,,,,,,,,,,,,,,,,,,,,,,,,,
,,,,,,,,,,,,,,,,,,,,,,,,,
,,,,,,,,,,,,,,,,,,,,,,,,,
,,,,,,,,,,,,,,,,,,,,,,,,,
,,,,,,,,,,,,,,,,,,,,,,,,,
,,,,,,,,,,,,,,,,,,,,,,,,,
,,,,,,,,,,,,,,,,,,,,,,,,,
,,,,,,,,,,,,,,,,,,,,,,,,,
,,,,,,,,,,,,,,,,,,,,,,,,,
,,,,,,,,,,,,,,,,,,,,,,,,,
,,,,,,,,,,,,,,,,,,,,,,,,,
,,,,,,,,,,,,,,,,,,,,,,,,,
,,,,,,,,,,,,,,,,,,,,,,,,,
,,,,,,,,,,,,,,,,,,,,,,,,,
,,,,,,,,,,,,,,,,,,,,,,,,,
,,,,,,,,,,,,,,,,,,,,,,,,,
,,,,,,,,,,,,,,,,,,,,,,,,,
,,,,,,,,,,,,,,,,,,,,,,,,,
,,,,,,,,,,,,,,,,,,,,,,,,,
,,,,,,,,,,,,,,,,,,,,,,,,,
,,,,,,,,,,,,,,,,,,,,,,,,,
,,,,,,,,,,,,,,,,,,,,,,,,,
,,,,,,,,,,,,,,,,,,,,,,,,,
,,,,,,,,,,,,,,,,,,,,,,,,,
,,,,,,,,,,,,,,,,,,,,,,,,,
,,,,,,,,,,,,,,,,,,,,,,,,,
,,,,,,,,,,,,,,,,,,,,,,,,,
,,,,,,,,,,,,,,,,,,,,,,,,,
,,,,,,,,,,,,,,,,,,,,,,,,,
,,,,,,,,,,,,,,,,,,,,,,,,,
,,,,,,,,,,,,,,,,,,,,,,,,,
,,,,,,,,,,,,,,,,,,,,,,,,,
,,,,,,,,,,,,,,,,,,,,,,,,,
,,,,,,,,,,,,,,,,,,,,,,,,,
,,,,,,,,,,,,,,,,,,,,,,,,,
,,,,,,,,,,,,,,,,,,,,,,,,,
,,,,,,,,,,,,,,,,,,,,,,,,,
,,,,,,,,,,,,,,,,,,,,,,,,,
,,,,,,,,,,,,,,,,,,,,,,,,,
,,,,,,,,,,,,,,,,,,,,,,,,,
,,,,,,,,,,,,,,,,,,,,,,,,,
,,,,,,,,,,,,,,,,,,,,,,,,,
,,,,,,,,,,,,,,,,,,,,,,,,,
,,,,,,,,,,,,,,,,,,,,,,,,,
,,,,,,,,,,,,,,,,,,,,,,,,,
,,,,,,,,,,,,,,,,,,,,,,,,,
,,,,,,,,,,,,,,,,,,,,,,,,,
,,,,,,,,,,,,,,,,,,,,,,,,,
,,,,,,,,,,,,,,,,,,,,,,,,,
,,,,,,,,,,,,,,,,,,,,,,,,,
,,,,,,,,,,,,,,,,,,,,,,,,,
,,,,,,,,,,,,,,,,,,,,,,,,,
,,,,,,,,,,,,,,,,,,,,,,,,,
,,,,,,,,,,,,,,,,,,,,,,,,,
,,,,,,,,,,,,,,,,,,,,,,,,,
,,,,,,,,,,,,,,,,,,,,,,,,,
,,,,,,,,,,,,,,,,,,,,,,,,,
,,,,,,,,,,,,,,,,,,,,,,,,,
,,,,,,,,,,,,,,,,,,,,,,,,,
,,,,,,,,,,,,,,,,,,,,,,,,,
,,,,,,,,,,,,,,,,,,,,,,,,,
,,,,,,,,,,,,,,,,,,,,,,,,,
,,,,,,,,,,,,,,,,,,,,,,,,,
,,,,,,,,,,,,,,,,,,,,,,,,,
,,,,,,,,,,,,,,,,,,,,,,,,,
,,,,,,,,,,,,,,,,,,,,,,,,,
,,,,,,,,,,,,,,,,,,,,,,,,,
,,,,,,,,,,,,,,,,,,,,,,,,,
,,,,,,,,,,,,,,,,,,,,,,,,,
,,,,,,,,,,,,,,,,,,,,,,,,,
,,,,,,,,,,,,,,,,,,,,,,,,,
,,,,,,,,,,,,,,,,,,,,,,,,,
,,,,,,,,,,,,,,,,,,,,,,,,,
,,,,,,,,,,,,,,,,,,,,,,,,,
,,,,,,,,,,,,,,,,,,,,,,,,,
,,,,,,,,,,,,,,,,,,,,,,,,,
,,,,,,,,,,,,,,,,,,,,,,,,,
,,,,,,,,,,,,,,,,,,,,,,,,,
,,,,,,,,,,,,,,,,,,,,,,,,,
,,,,,,,,,,,,,,,,,,,,,,,,,
,,,,,,,,,,,,,,,,,,,,,,,,,
,,,,,,,,,,,,,,,,,,,,,,,,,
,,,,,,,,,,,,,,,,,,,,,,,,,
,,,,,,,,,,,,,,,,,,,,,,,,,
,,,,,,,,,,,,,,,,,,,,,,,,,
,,,,,,,,,,,,,,,,,,,,,,,,,
,,,,,,,,,,,,,,,,,,,,,,,,,
,,,,,,,,,,,,,,,,,,,,,,,,,
,,,,,,,,,,,,,,,,,,,,,,,,,
,,,,,,,,,,,,,,,,,,,,,,,,,
,,,,,,,,,,,,,,,,,,,,,,,,,
,,,,,,,,,,,,,,,,,,,,,,,,,
,,,,,,,,,,,,,,,,,,,,,,,,,
,,,,,,,,,,,,,,,,,,,,,,,,,
,,,,,,,,,,,,,,,,,,,,,,,,,
,,,,,,,,,,,,,,,,,,,,,,,,,
,,,,,,,,,,,,,,,,,,,,,,,,,
,,,,,,,,,,,,,,,,,,,,,,,,,
,,,,,,,,,,,,,,,,,,,,,,,,,
,,,,,,,,,,,,,,,,,,,,,,,,,
,,,,,,,,,,,,,,,,,,,,,,,,,
,,,,,,,,,,,,,,,,,,,,,,,,,
,,,,,,,,,,,,,,,,,,,,,,,,,
,,,,,,,,,,,,,,,,,,,,,,,,,
,,,,,,,,,,,,,,,,,,,,,,,,,
,,,,,,,,,,,,,,,,,,,,,,,,,
,,,,,,,,,,,,,,,,,,,,,,,,,
,,,,,,,,,,,,,,,,,,,,,,,,,
,,,,,,,,,,,,,,,,,,,,,,,,,
,,,,,,,,,,,,,,,,,,,,,,,,,
,,,,,,,,,,,,,,,,,,,,,,,,,
,,,,,,,,,,,,,,,,,,,,,,,,,
,,,,,,,,,,,,,,,,,,,,,,,,,
,,,,,,,,,,,,,,,,,,,,,,,,,
,,,,,,,,,,,,,,,,,,,,,,,,,
,,,,,,,,,,,,,,,,,,,,,,,,,
,,,,,,,,,,,,,,,,,,,,,,,,,
,,,,,,,,,,,,,,,,,,,,,,,,,
,,,,,,,,,,,,,,,,,,,,,,,,,
,,,,,,,,,,,,,,,,,,,,,,,,,
,,,,,,,,,,,,,,,,,,,,,,,,,
,,,,,,,,,,,,,,,,,,,,,,,,,
,,,,,,,,,,,,,,,,,,,,,,,,,
,,,,,,,,,,,,,,,,,,,,,,,,,
,,,,,,,,,,,,,,,,,,,,,,,,,
,,,,,,,,,,,,,,,,,,,,,,,,,
,,,,,,,,,,,,,,,,,,,,,,,,,
,,,,,,,,,,,,,,,,,,,,,,,,,
,,,,,,,,,,,,,,,,,,,,,,,,,
,,,,,,,,,,,,,,,,,,,,,,,,,
,,,,,,,,,,,,,,,,,,,,,,,,,
,,,,,,,,,,,,,,,,,,,,,,,,,
,,,,,,,,,,,,,,,,,,,,,,,,,
,,,,,,,,,,,,,,,,,,,,,,,,,
,,,,,,,,,,,,,,,,,,,,,,,,,
,,,,,,,,,,,,,,,,,,,,,,,,,
,,,,,,,,,,,,,,,,,,,,,,,,,
,,,,,,,,,,,,,,,,,,,,,,,,,
,,,,,,,,,,,,,,,,,,,,,,,,,
,,,,,,,,,,,,,,,,,,,,,,,,,
,,,,,,,,,,,,,,,,,,,,,,,,,
,,,,,,,,,,,,,,,,,,,,,,,,,
,,,,,,,,,,,,,,,,,,,,,,,,,
,,,,,,,,,,,,,,,,,,,,,,,,,
,,,,,,,,,,,,,,,,,,,,,,,,,
,,,,,,,,,,,,,,,,,,,,,,,,,
,,,,,,,,,,,,,,,,,,,,,,,,,
,,,,,,,,,,,,,,,,,,,,,,,,,
,,,,,,,,,,,,,,,,,,,,,,,,,
,,,,,,,,,,,,,,,,,,,,,,,,,
,,,,,,,,,,,,,,,,,,,,,,,,,
,,,,,,,,,,,,,,,,,,,,,,,,,
,,,,,,,,,,,,,,,,,,,,,,,,,
,,,,,,,,,,,,,,,,,,,,,,,,,
,,,,,,,,,,,,,,,,,,,,,,,,,
,,,,,,,,,,,,,,,,,,,,,,,,,
,,,,,,,,,,,,,,,,,,,,,,,,,
,,,,,,,,,,,,,,,,,,,,,,,,,
,,,,,,,,,,,,,,,,,,,,,,,,,
,,,,,,,,,,,,,,,,,,,,,,,,,
,,,,,,,,,,,,,,,,,,,,,,,,,
,,,,,,,,,,,,,,,,,,,,,,,,,
,,,,,,,,,,,,,,,,,,,,,,,,,
,,,,,,,,,,,,,,,,,,,,,,,,,
,,,,,,,,,,,,,,,,,,,,,,,,,
,,,,,,,,,,,,,,,,,,,,,,,,,
,,,,,,,,,,,,,,,,,,,,,,,,,
,,,,,,,,,,,,,,,,,,,,,,,,,
,,,,,,,,,,,,,,,,,,,,,,,,,
,,,,,,,,,,,,,,,,,,,,,,,,,
,,,,,,,,,,,,,,,,,,,,,,,,,
,,,,,,,,,,,,,,,,,,,,,,,,,
,,,,,,,,,,,,,,,,,,,,,,,,,
,,,,,,,,,,,,,,,,,,,,,,,,,
,,,,,,,,,,,,,,,,,,,,,,,,,
,,,,,,,,,,,,,,,,,,,,,,,,,
,,,,,,,,,,,,,,,,,,,,,,,,,
,,,,,,,,,,,,,,,,,,,,,,,,,
,,,,,,,,,,,,,,,,,,,,,,,,,
,,,,,,,,,,,,,,,,,,,,,,,,,
,,,,,,,,,,,,,,,,,,,,,,,,,
,,,,,,,,,,,,,,,,,,,,,,,,,
,,,,,,,,,,,,,,,,,,,,,,,,,
,,,,,,,,,,,,,,,,,,,,,,,,,
,,,,,,,,,,,,,,,,,,,,,,,,,
,,,,,,,,,,,,,,,,,,,,,,,,,
,,,,,,,,,,,,,,,,,,,,,,,,,
,,,,,,,,,,,,,,,,,,,,,,,,,
,,,,,,,,,,,,,,,,,,,,,,,,,
,,,,,,,,,,,,,,,,,,,,,,,,,
,,,,,,,,,,,,,,,,,,,,,,,,,
,,,,,,,,,,,,,,,,,,,,,,,,,
,,,,,,,,,,,,,,,,,,,,,,,,,
,,,,,,,,,,,,,,,,,,,,,,,,,
,,,,,,,,,,,,,,,,,,,,,,,,,
,,,,,,,,,,,,,,,,,,,,,,,,,
,,,,,,,,,,,,,,,,,,,,,,,,,
,,,,,,,,,,,,,,,,,,,,,,,,,
,,,,,,,,,,,,,,,,,,,,,,,,,
,,,,,,,,,,,,,,,,,,,,,,,,,
,,,,,,,,,,,,,,,,,,,,,,,,,
,,,,,,,,,,,,,,,,,,,,,,,,,
,,,,,,,,,,,,,,,,,,,,,,,,,
,,,,,,,,,,,,,,,,,,,,,,,,,
,,,,,,,,,,,,,,,,,,,,,,,,,
,,,,,,,,,,,,,,,,,,,,,,,,,
,,,,,,,,,,,,,,,,,,,,,,,,,
,,,,,,,,,,,,,,,,,,,,,,,,,
,,,,,,,,,,,,,,,,,,,,,,,,,
,,,,,,,,,,,,,,,,,,,,,,,,,
,,,,,,,,,,,,,,,,,,,,,,,,,
,,,,,,,,,,,,,,,,,,,,,,,,,
,,,,,,,,,,,,,,,,,,,,,,,,,
,,,,,,,,,,,,,,,,,,,,,,,,,
,,,,,,,,,,,,,,,,,,,,,,,,,
,,,,,,,,,,,,,,,,,,,,,,,,,
,,,,,,,,,,,,,,,,,,,,,,,,,
,,,,,,,,,,,,,,,,,,,,,,,,,
,,,,,,,,,,,,,,,,,,,,,,,,,
,,,,,,,,,,,,,,,,,,,,,,,,,
,,,,,,,,,,,,,,,,,,,,,,,,,
,,,,,,,,,,,,,,,,,,,,,,,,,
,,,,,,,,,,,,,,,,,,,,,,,,,
,,,,,,,,,,,,,,,,,,,,,,,,,
,,,,,,,,,,,,,,,,,,,,,,,,,
,,,,,,,,,,,,,,,,,,,,,,,,,
,,,,,,,,,,,,,,,,,,,,,,,,,
,,,,,,,,,,,,,,,,,,,,,,,,,
,,,,,,,,,,,,,,,,,,,,,,,,,
,,,,,,,,,,,,,,,,,,,,,,,,,
,,,,,,,,,,,,,,,,,,,,,,,,,
,,,,,,,,,,,,,,,,,,,,,,,,,
,,,,,,,,,,,,,,,,,,,,,,,,,
,,,,,,,,,,,,,,,,,,,,,,,,,
,,,,,,,,,,,,,,,,,,,,,,,,,
,,,,,,,,,,,,,,,,,,,,,,,,,
,,,,,,,,,,,,,,,,,,,,,,,,,
,,,,,,,,,,,,,,,,,,,,,,,,,
,,,,,,,,,,,,,,,,,,,,,,,,,
,,,,,,,,,,,,,,,,,,,,,,,,,
,,,,,,,,,,,,,,,,,,,,,,,,,
,,,,,,,,,,,,,,,,,,,,,,,,,
,,,,,,,,,,,,,,,,,,,,,,,,,
,,,,,,,,,,,,,,,,,,,,,,,,,
,,,,,,,,,,,,,,,,,,,,,,,,,
,,,,,,,,,,,,,,,,,,,,,,,,,
,,,,,,,,,,,,,,,,,,,,,,,,,
,,,,,,,,,,,,,,,,,,,,,,,,,
,,,,,,,,,,,,,,,,,,,,,,,,,
,,,,,,,,,,,,,,,,,,,,,,,,,
,,,,,,,,,,,,,,,,,,,,,,,,,
,,,,,,,,,,,,,,,,,,,,,,,,,
,,,,,,,,,,,,,,,,,,,,,,,,,
,,,,,,,,,,,,,,,,,,,,,,,,,
,,,,,,,,,,,,,,,,,,,,,,,,,
,,,,,,,,,,,,,,,,,,,,,,,,,
,,,,,,,,,,,,,,,,,,,,,,,,,
,,,,,,,,,,,,,,,,,,,,,,,,,
,,,,,,,,,,,,,,,,,,,,,,,,,
,,,,,,,,,,,,,,,,,,,,,,,,,
,,,,,,,,,,,,,,,,,,,,,,,,,
,,,,,,,,,,,,,,,,,,,,,,,,,
,,,,,,,,,,,,,,,,,,,,,,,,,
,,,,,,,,,,,,,,,,,,,,,,,,,
,,,,,,,,,,,,,,,,,,,,,,,,,
,,,,,,,,,,,,,,,,,,,,,,,,,
,,,,,,,,,,,,,,,,,,,,,,,,,
,,,,,,,,,,,,,,,,,,,,,,,,,
,,,,,,,,,,,,,,,,,,,,,,,,,
,,,,,,,,,,,,,,,,,,,,,,,,,
,,,,,,,,,,,,,,,,,,,,,,,,,
,,,,,,,,,,,,,,,,,,,,,,,,,
,,,,,,,,,,,,,,,,,,,,,,,,,
,,,,,,,,,,,,,,,,,,,,,,,,,
,,,,,,,,,,,,,,,,,,,,,,,,,
,,,,,,,,,,,,,,,,,,,,,,,,,
,,,,,,,,,,,,,,,,,,,,,,,,,
,,,,,,,,,,,,,,,,,,,,,,,,,
,,,,,,,,,,,,,,,,,,,,,,,,,
,,,,,,,,,,,,,,,,,,,,,,,,,
,,,,,,,,,,,,,,,,,,,,,,,,,
,,,,,,,,,,,,,,,,,,,,,,,,,
,,,,,,,,,,,,,,,,,,,,,,,,,
,,,,,,,,,,,,,,,,,,,,,,,,,
,,,,,,,,,,,,,,,,,,,,,,,,,
,,,,,,,,,,,,,,,,,,,,,,,,,
,,,,,,,,,,,,,,,,,,,,,,,,,
,,,,,,,,,,,,,,,,,,,,,,,,,
,,,,,,,,,,,,,,,,,,,,,,,,,
,,,,,,,,,,,,,,,,,,,,,,,,,
,,,,,,,,,,,,,,,,,,,,,,,,,
,,,,,,,,,,,,,,,,,,,,,,,,,
,,,,,,,,,,,,,,,,,,,,,,,,,
,,,,,,,,,,,,,,,,,,,,,,,,,
,,,,,,,,,,,,,,,,,,,,,,,,,
,,,,,,,,,,,,,,,,,,,,,,,,,
,,,,,,,,,,,,,,,,,,,,,,,,,
,,,,,,,,,,,,,,,,,,,,,,,,,
,,,,,,,,,,,,,,,,,,,,,,,,,
,,,,,,,,,,,,,,,,,,,,,,,,,
,,,,,,,,,,,,,,,,,,,,,,,,,
,,,,,,,,,,,,,,,,,,,,,,,,,
,,,,,,,,,,,,,,,,,,,,,,,,,
,,,,,,,,,,,,,,,,,,,,,,,,,
,,,,,,,,,,,,,,,,,,,,,,,,,
,,,,,,,,,,,,,,,,,,,,,,,,,
,,,,,,,,,,,,,,,,,,,,,,,,,
,,,,,,,,,,,,,,,,,,,,,,,,,
,,,,,,,,,,,,,,,,,,,,,,,,,
,,,,,,,,,,,,,,,,,,,,,,,,,
,,,,,,,,,,,,,,,,,,,,,,,,,
,,,,,,,,,,,,,,,,,,,,,,,,,
,,,,,,,,,,,,,,,,,,,,,,,,,
,,,,,,,,,,,,,,,,,,,,,,,,,
,,,,,,,,,,,,,,,,,,,,,,,,,
,,,,,,,,,,,,,,,,,,,,,,,,,
,,,,,,,,,,,,,,,,,,,,,,,,,
,,,,,,,,,,,,,,,,,,,,,,,,,
,,,,,,,,,,,,,,,,,,,,,,,,,
,,,,,,,,,,,,,,,,,,,,,,,,,
,,,,,,,,,,,,,,,,,,,,,,,,,
,,,,,,,,,,,,,,,,,,,,,,,,,
,,,,,,,,,,,,,,,,,,,,,,,,,
,,,,,,,,,,,,,,,,,,,,,,,,,
,,,,,,,,,,,,,,,,,,,,,,,,,
,,,,,,,,,,,,,,,,,,,,,,,,,
,,,,,,,,,,,,,,,,,,,,,,,,,
,,,,,,,,,,,,,,,,,,,,,,,,,
,,,,,,,,,,,,,,,,,,,,,,,,,
,,,,,,,,,,,,,,,,,,,,,,,,,
,,,,,,,,,,,,,,,,,,,,,,,,,
,,,,,,,,,,,,,,,,,,,,,,,,,
,,,,,,,,,,,,,,,,,,,,,,,,,
,,,,,,,,,,,,,,,,,,,,,,,,,
,,,,,,,,,,,,,,,,,,,,,,,,,
,,,,,,,,,,,,,,,,,,,,,,,,,
,,,,,,,,,,,,,,,,,,,,,,,,,
,,,,,,,,,,,,,,,,,,,,,,,,,
,,,,,,,,,,,,,,,,,,,,,,,,,
,,,,,,,,,,,,,,,,,,,,,,,,,
,,,,,,,,,,,,,,,,,,,,,,,,,
,,,,,,,,,,,,,,,,,,,,,,,,,
,,,,,,,,,,,,,,,,,,,,,,,,,
,,,,,,,,,,,,,,,,,,,,,,,,,
,,,,,,,,,,,,,,,,,,,,,,,,,
,,,,,,,,,,,,,,,,,,,,,,,,,
,,,,,,,,,,,,,,,,,,,,,,,,,
,,,,,,,,,,,,,,,,,,,,,,,,,
,,,,,,,,,,,,,,,,,,,,,,,,,
,,,,,,,,,,,,,,,,,,,,,,,,,
,,,,,,,,,,,,,,,,,,,,,,,,,
,,,,,,,,,,,,,,,,,,,,,,,,,
,,,,,,,,,,,,,,,,,,,,,,,,,
,,,,,,,,,,,,,,,,,,,,,,,,,
,,,,,,,,,,,,,,,,,,,,,,,,,
,,,,,,,,,,,,,,,,,,,,,,,,,
,,,,,,,,,,,,,,,,,,,,,,,,,
,,,,,,,,,,,,,,,,,,,,,,,,,
,,,,,,,,,,,,,,,,,,,,,,,,,
,,,,,,,,,,,,,,,,,,,,,,,,,
,,,,,,,,,,,,,,,,,,,,,,,,,
,,,,,,,,,,,,,,,,,,,,,,,,,
,,,,,,,,,,,,,,,,,,,,,,,,,
,,,,,,,,,,,,,,,,,,,,,,,,,
,,,,,,,,,,,,,,,,,,,,,,,,,
,,,,,,,,,,,,,,,,,,,,,,,,,
,,,,,,,,,,,,,,,,,,,,,,,,,
,,,,,,,,,,,,,,,,,,,,,,,,,
,,,,,,,,,,,,,,,,,,,,,,,,,
,,,,,,,,,,,,,,,,,,,,,,,,,
,,,,,,,,,,,,,,,,,,,,,,,,,
,,,,,,,,,,,,,,,,,,,,,,,,,
,,,,,,,,,,,,,,,,,,,,,,,,,
,,,,,,,,,,,,,,,,,,,,,,,,,
,,,,,,,,,,,,,,,,,,,,,,,,,
,,,,,,,,,,,,,,,,,,,,,,,,,
,,,,,,,,,,,,,,,,,,,,,,,,,
,,,,,,,,,,,,,,,,,,,,,,,,,
,,,,,,,,,,,,,,,,,,,,,,,,,
,,,,,,,,,,,,,,,,,,,,,,,,,
,,,,,,,,,,,,,,,,,,,,,,,,,
,,,,,,,,,,,,,,,,,,,,,,,,,
,,,,,,,,,,,,,,,,,,,,,,,,,
,,,,,,,,,,,,,,,,,,,,,,,,,
,,,,,,,,,,,,,,,,,,,,,,,,,
,,,,,,,,,,,,,,,,,,,,,,,,,
,,,,,,,,,,,,,,,,,,,,,,,,,
,,,,,,,,,,,,,,,,,,,,,,,,,
,,,,,,,,,,,,,,,,,,,,,,,,,
,,,,,,,,,,,,,,,,,,,,,,,,,
,,,,,,,,,,,,,,,,,,,,,,,,,
,,,,,,,,,,,,,,,,,,,,,,,,,
,,,,,,,,,,,,,,,,,,,,,,,,,
,,,,,,,,,,,,,,,,,,,,,,,,,
,,,,,,,,,,,,,,,,,,,,,,,,,
,,,,,,,,,,,,,,,,,,,,,,,,,
,,,,,,,,,,,,,,,,,,,,,,,,,
,,,,,,,,,,,,,,,,,,,,,,,,,
,,,,,,,,,,,,,,,,,,,,,,,,,
,,,,,,,,,,,,,,,,,,,,,,,,,
,,,,,,,,,,,,,,,,,,,,,,,,,
,,,,,,,,,,,,,,,,,,,,,,,,,
,,,,,,,,,,,,,,,,,,,,,,,,,
,,,,,,,,,,,,,,,,,,,,,,,,,
,,,,,,,,,,,,,,,,,,,,,,,,,
,,,,,,,,,,,,,,,,,,,,,,,,,
,,,,,,,,,,,,,,,,,,,,,,,,,
,,,,,,,,,,,,,,,,,,,,,,,,,
,,,,,,,,,,,,,,,,,,,,,,,,,
,,,,,,,,,,,,,,,,,,,,,,,,,
,,,,,,,,,,,,,,,,,,,,,,,,,
,,,,,,,,,,,,,,,,,,,,,,,,,
,,,,,,,,,,,,,,,,,,,,,,,,,
,,,,,,,,,,,,,,,,,,,,,,,,,
,,,,,,,,,,,,,,,,,,,,,,,,,
,,,,,,,,,,,,,,,,,,,,,,,,,
,,,,,,,,,,,,,,,,,,,,,,,,,
,,,,,,,,,,,,,,,,,,,,,,,,,
,,,,,,,,,,,,,,,,,,,,,,,,,
,,,,,,,,,,,,,,,,,,,,,,,,,
,,,,,,,,,,,,,,,,,,,,,,,,,
,,,,,,,,,,,,,,,,,,,,,,,,,
,,,,,,,,,,,,,,,,,,,,,,,,,
,,,,,,,,,,,,,,,,,,,,,,,,,
,,,,,,,,,,,,,,,,,,,,,,,,,
,,,,,,,,,,,,,,,,,,,,,,,,,
,,,,,,,,,,,,,,,,,,,,,,,,,
,,,,,,,,,,,,,,,,,,,,,,,,,
,,,,,,,,,,,,,,,,,,,,,,,,,
,,,,,,,,,,,,,,,,,,,,,,,,,
,,,,,,,,,,,,,,,,,,,,,,,,,
,,,,,,,,,,,,,,,,,,,,,,,,,
,,,,,,,,,,,,,,,,,,,,,,,,,
,,,,,,,,,,,,,,,,,,,,,,,,,
,,,,,,,,,,,,,,,,,,,,,,,,,
,,,,,,,,,,,,,,,,,,,,,,,,,
,,,,,,,,,,,,,,,,,,,,,,,,,
,,,,,,,,,,,,,,,,,,,,,,,,,
,,,,,,,,,,,,,,,,,,,,,,,,,
,,,,,,,,,,,,,,,,,,,,,,,,,
,,,,,,,,,,,,,,,,,,,,,,,,,
,,,,,,,,,,,,,,,,,,,,,,,,,
,,,,,,,,,,,,,,,,,,,,,,,,,
,,,,,,,,,,,,,,,,,,,,,,,,,
,,,,,,,,,,,,,,,,,,,,,,,,,
,,,,,,,,,,,,,,,,,,,,,,,,,
,,,,,,,,,,,,,,,,,,,,,,,,,
,,,,,,,,,,,,,,,,,,,,,,,,,
,,,,,,,,,,,,,,,,,,,,,,,,,
,,,,,,,,,,,,,,,,,,,,,,,,,
,,,,,,,,,,,,,,,,,,,,,,,,,
,,,,,,,,,,,,,,,,,,,,,,,,,
,,,,,,,,,,,,,,,,,,,,,,,,,
,,,,,,,,,,,,,,,,,,,,,,,,,
,,,,,,,,,,,,,,,,,,,,,,,,,
,,,,,,,,,,,,,,,,,,,,,,,,,
,,,,,,,,,,,,,,,,,,,,,,,,,
,,,,,,,,,,,,,,,,,,,,,,,,,
,,,,,,,,,,,,,,,,,,,,,,,,,
,,,,,,,,,,,,,,,,,,,,,,,,,
,,,,,,,,,,,,,,,,,,,,,,,,,
,,,,,,,,,,,,,,,,,,,,,,,,,
,,,,,,,,,,,,,,,,,,,,,,,,,
,,,,,,,,,,,,,,,,,,,,,,,,,
,,,,,,,,,,,,,,,,,,,,,,,,,
,,,,,,,,,,,,,,,,,,,,,,,,,
,,,,,,,,,,,,,,,,,,,,,,,,,
,,,,,,,,,,,,,,,,,,,,,,,,,
,,,,,,,,,,,,,,,,,,,,,,,,,
,,,,,,,,,,,,,,,,,,,,,,,,,
,,,,,,,,,,,,,,,,,,,,,,,,,
,,,,,,,,,,,,,,,,,,,,,,,,,
,,,,,,,,,,,,,,,,,,,,,,,,,
,,,,,,,,,,,,,,,,,,,,,,,,,
,,,,,,,,,,,,,,,,,,,,,,,,,
,,,,,,,,,,,,,,,,,,,,,,,,,
,,,,,,,,,,,,,,,,,,,,,,,,,
,,,,,,,,,,,,,,,,,,,,,,,,,
,,,,,,,,,,,,,,,,,,,,,,,,,
,,,,,,,,,,,,,,,,,,,,,,,,,
,,,,,,,,,,,,,,,,,,,,,,,,,
,,,,,,,,,,,,,,,,,,,,,,,,,
,,,,,,,,,,,,,,,,,,,,,,,,,
,,,,,,,,,,,,,,,,,,,,,,,,,
,,,,,,,,,,,,,,,,,,,,,,,,,
,,,,,,,,,,,,,,,,,,,,,,,,,
,,,,,,,,,,,,,,,,,,,,,,,,,
,,,,,,,,,,,,,,,,,,,,,,,,,
,,,,,,,,,,,,,,,,,,,,,,,,,
,,,,,,,,,,,,,,,,,,,,,,,,,
,,,,,,,,,,,,,,,,,,,,,,,,,
,,,,,,,,,,,,,,,,,,,,,,,,,
,,,,,,,,,,,,,,,,,,,,,,,,,
,,,,,,,,,,,,,,,,,,,,,,,,,
,,,,,,,,,,,,,,,,,,,,,,,,,
,,,,,,,,,,,,,,,,,,,,,,,,,
,,,,,,,,,,,,,,,,,,,,,,,,,
,,,,,,,,,,,,,,,,,,,,,,,,,
,,,,,,,,,,,,,,,,,,,,,,,,,
,,,,,,,,,,,,,,,,,,,,,,,,,
,,,,,,,,,,,,,,,,,,,,,,,,,
,,,,,,,,,,,,,,,,,,,,,,,,,
,,,,,,,,,,,,,,,,,,,,,,,,,
,,,,,,,,,,,,,,,,,,,,,,,,,
,,,,,,,,,,,,,,,,,,,,,,,,,
,,,,,,,,,,,,,,,,,,,,,,,,,
,,,,,,,,,,,,,,,,,,,,,,,,,
,,,,,,,,,,,,,,,,,,,,,,,,,
,,,,,,,,,,,,,,,,,,,,,,,,,
,,,,,,,,,,,,,,,,,,,,,,,,,
,,,,,,,,,,,,,,,,,,,,,,,,,
,,,,,,,,,,,,,,,,,,,,,,,,,
,,,,,,,,,,,,,,,,,,,,,,,,,
,,,,,,,,,,,,,,,,,,,,,,,,,
,,,,,,,,,,,,,,,,,,,,,,,,,
,,,,,,,,,,,,,,,,,,,,,,,,,
,,,,,,,,,,,,,,,,,,,,,,,,,
,,,,,,,,,,,,,,,,,,,,,,,,,
,,,,,,,,,,,,,,,,,,,,,,,,,
,,,,,,,,,,,,,,,,,,,,,,,,,
,,,,,,,,,,,,,,,,,,,,,,,,,
,,,,,,,,,,,,,,,,,,,,,,,,,
,,,,,,,,,,,,,,,,,,,,,,,,,
,,,,,,,,,,,,,,,,,,,,,,,,,
,,,,,,,,,,,,,,,,,,,,,,,,,
,,,,,,,,,,,,,,,,,,,,,,,,,
,,,,,,,,,,,,,,,,,,,,,,,,,
,,,,,,,,,,,,,,,,,,,,,,,,,
,,,,,,,,,,,,,,,,,,,,,,,,,
,,,,,,,,,,,,,,,,,,,,,,,,,
,,,,,,,,,,,,,,,,,,,,,,,,,
,,,,,,,,,,,,,,,,,,,,,,,,,
,,,,,,,,,,,,,,,,,,,,,,,,,
,,,,,,,,,,,,,,,,,,,,,,,,,
,,,,,,,,,,,,,,,,,,,,,,,,,
,,,,,,,,,,,,,,,,,,,,,,,,,
,,,,,,,,,,,,,,,,,,,,,,,,,
,,,,,,,,,,,,,,,,,,,,,,,,,
,,,,,,,,,,,,,,,,,,,,,,,,,
,,,,,,,,,,,,,,,,,,,,,,,,,
,,,,,,,,,,,,,,,,,,,,,,,,,
,,,,,,,,,,,,,,,,,,,,,,,,,
,,,,,,,,,,,,,,,,,,,,,,,,,
,,,,,,,,,,,,,,,,,,,,,,,,,
,,,,,,,,,,,,,,,,,,,,,,,,,
,,,,,,,,,,,,,,,,,,,,,,,,,
,,,,,,,,,,,,,,,,,,,,,,,,,
,,,,,,,,,,,,,,,,,,,,,,,,,
,,,,,,,,,,,,,,,,,,,,,,,,,
,,,,,,,,,,,,,,,,,,,,,,,,,
,,,,,,,,,,,,,,,,,,,,,,,,,
,,,,,,,,,,,,,,,,,,,,,,,,,
,,,,,,,,,,,,,,,,,,,,,,,,,
,,,,,,,,,,,,,,,,,,,,,,,,,
,,,,,,,,,,,,,,,,,,,,,,,,,
,,,,,,,,,,,,,,,,,,,,,,,,,
,,,,,,,,,,,,,,,,,,,,,,,,,
,,,,,,,,,,,,,,,,,,,,,,,,,
,,,,,,,,,,,,,,,,,,,,,,,,,
,,,,,,,,,,,,,,,,,,,,,,,,,
,,,,,,,,,,,,,,,,,,,,,,,,,
,,,,,,,,,,,,,,,,,,,,,,,,,
,,,,,,,,,,,,,,,,,,,,,,,,,
,,,,,,,,,,,,,,,,,,,,,,,,,
,,,,,,,,,,,,,,,,,,,,,,,,,
,,,,,,,,,,,,,,,,,,,,,,,,,
,,,,,,,,,,,,,,,,,,,,,,,,,
,,,,,,,,,,,,,,,,,,,,,,,,,
,,,,,,,,,,,,,,,,,,,,,,,,,
,,,,,,,,,,,,,,,,,,,,,,,,,
,,,,,,,,,,,,,,,,,,,,,,,,,
,,,,,,,,,,,,,,,,,,,,,,,,,
,,,,,,,,,,,,,,,,,,,,,,,,,
,,,,,,,,,,,,,,,,,,,,,,,,,
,,,,,,,,,,,,,,,,,,,,,,,,,
,,,,,,,,,,,,,,,,,,,,,,,,,
,,,,,,,,,,,,,,,,,,,,,,,,,
,,,,,,,,,,,,,,,,,,,,,,,,,
,,,,,,,,,,,,,,,,,,,,,,,,,
,,,,,,,,,,,,,,,,,,,,,,,,,
,,,,,,,,,,,,,,,,,,,,,,,,,
,,,,,,,,,,,,,,,,,,,,,,,,,
,,,,,,,,,,,,,,,,,,,,,,,,,
,,,,,,,,,,,,,,,,,,,,,,,,,
,,,,,,,,,,,,,,,,,,,,,,,,,
,,,,,,,,,,,,,,,,,,,,,,,,,
,,,,,,,,,,,,,,,,,,,,,,,,,
,,,,,,,,,,,,,,,,,,,,,,,,,
,,,,,,,,,,,,,,,,,,,,,,,,,
,,,,,,,,,,,,,,,,,,,,,,,,,
,,,,,,,,,,,,,,,,,,,,,,,,,
,,,,,,,,,,,,,,,,,,,,,,,,,
,,,,,,,,,,,,,,,,,,,,,,,,,
,,,,,,,,,,,,,,,,,,,,,,,,,
,,,,,,,,,,,,,,,,,,,,,,,,,
,,,,,,,,,,,,,,,,,,,,,,,,,
,,,,,,,,,,,,,,,,,,,,,,,,,
,,,,,,,,,,,,,,,,,,,,,,,,,
,,,,,,,,,,,,,,,,,,,,,,,,,
,,,,,,,,,,,,,,,,,,,,,,,,,
,,,,,,,,,,,,,,,,,,,,,,,,,
,,,,,,,,,,,,,,,,,,,,,,,,,
,,,,,,,,,,,,,,,,,,,,,,,,,
,,,,,,,,,,,,,,,,,,,,,,,,,
,,,,,,,,,,,,,,,,,,,,,,,,,
,,,,,,,,,,,,,,,,,,,,,,,,,
,,,,,,,,,,,,,,,,,,,,,,,,,
,,,,,,,,,,,,,,,,,,,,,,,,,
,,,,,,,,,,,,,,,,,,,,,,,,,
,,,,,,,,,,,,,,,,,,,,,,,,,
,,,,,,,,,,,,,,,,,,,,,,,,,
,,,,,,,,,,,,,,,,,,,,,,,,,
,,,,,,,,,,,,,,,,,,,,,,,,,
,,,,,,,,,,,,,,,,,,,,,,,,,
,,,,,,,,,,,,,,,,,,,,,,,,,
,,,,,,,,,,,,,,,,,,,,,,,,,
,,,,,,,,,,,,,,,,,,,,,,,,,
,,,,,,,,,,,,,,,,,,,,,,,,,
,,,,,,,,,,,,,,,,,,,,,,,,,
,,,,,,,,,,,,,,,,,,,,,,,,,
,,,,,,,,,,,,,,,,,,,,,,,,,
,,,,,,,,,,,,,,,,,,,,,,,,,
,,,,,,,,,,,,,,,,,,,,,,,,,
,,,,,,,,,,,,,,,,,,,,,,,,,
,,,,,,,,,,,,,,,,,,,,,,,,,
,,,,,,,,,,,,,,,,,,,,,,,,,
,,,,,,,,,,,,,,,,,,,,,,,,,
,,,,,,,,,,,,,,,,,,,,,,,,,
,,,,,,,,,,,,,,,,,,,,,,,,,
,,,,,,,,,,,,,,,,,,,,,,,,,
,,,,,,,,,,,,,,,,,,,,,,,,,
,,,,,,,,,,,,,,,,,,,,,,,,,
,,,,,,,,,,,,,,,,,,,,,,,,,
,,,,,,,,,,,,,,,,,,,,,,,,,
,,,,,,,,,,,,,,,,,,,,,,,,,
,,,,,,,,,,,,,,,,,,,,,,,,,
,,,,,,,,,,,,,,,,,,,,,,,,,
,,,,,,,,,,,,,,,,,,,,,,,,,
,,,,,,,,,,,,,,,,,,,,,,,,,
,,,,,,,,,,,,,,,,,,,,,,,,,
,,,,,,,,,,,,,,,,,,,,,,,,,
,,,,,,,,,,,,,,,,,,,,,,,,,
,,,,,,,,,,,,,,,,,,,,,,,,,
,,,,,,,,,,,,,,,,,,,,,,,,,
,,,,,,,,,,,,,,,,,,,,,,,,,
,,,,,,,,,,,,,,,,,,,,,,,,,
,,,,,,,,,,,,,,,,,,,,,,,,,
,,,,,,,,,,,,,,,,,,,,,,,,,
,,,,,,,,,,,,,,,,,,,,,,,,,
,,,,,,,,,,,,,,,,,,,,,,,,,
,,,,,,,,,,,,,,,,,,,,,,,,,
,,,,,,,,,,,,,,,,,,,,,,,,,
,,,,,,,,,,,,,,,,,,,,,,,,,
,,,,,,,,,,,,,,,,,,,,,,,,,
,,,,,,,,,,,,,,,,,,,,,,,,,
,,,,,,,,,,,,,,,,,,,,,,,,,
,,,,,,,,,,,,,,,,,,,,,,,,,
,,,,,,,,,,,,,,,,,,,,,,,,,
,,,,,,,,,,,,,,,,,,,,,,,,,
,,,,,,,,,,,,,,,,,,,,,,,,,
,,,,,,,,,,,,,,,,,,,,,,,,,
,,,,,,,,,,,,,,,,,,,,,,,,,
,,,,,,,,,,,,,,,,,,,,,,,,,
,,,,,,,,,,,,,,,,,,,,,,,,,
,,,,,,,,,,,,,,,,,,,,,,,,,
,,,,,,,,,,,,,,,,,,,,,,,,,
,,,,,,,,,,,,,,,,,,,,,,,,,
,,,,,,,,,,,,,,,,,,,,,,,,,
,,,,,,,,,,,,,,,,,,,,,,,,,
,,,,,,,,,,,,,,,,,,,,,,,,,
,,,,,,,,,,,,,,,,,,,,,,,,,
,,,,,,,,,,,,,,,,,,,,,,,,,
,,,,,,,,,,,,,,,,,,,,,,,,,
,,,,,,,,,,,,,,,,,,,,,,,,,
,,,,,,,,,,,,,,,,,,,,,,,,,
,,,,,,,,,,,,,,,,,,,,,,,,,
,,,,,,,,,,,,,,,,,,,,,,,,,
,,,,,,,,,,,,,,,,,,,,,,,,,
,,,,,,,,,,,,,,,,,,,,,,,,,
,,,,,,,,,,,,,,,,,,,,,,,,,
,,,,,,,,,,,,,,,,,,,,,,,,,
,,,,,,,,,,,,,,,,,,,,,,,,,
,,,,,,,,,,,,,,,,,,,,,,,,,
,,,,,,,,,,,,,,,,,,,,,,,,,
,,,,,,,,,,,,,,,,,,,,,,,,,
,,,,,,,,,,,,,,,,,,,,,,,,,
,,,,,,,,,,,,,,,,,,,,,,,,,
,,,,,,,,,,,,,,,,,,,,,,,,,
,,,,,,,,,,,,,,,,,,,,,,,,,
,,,,,,,,,,,,,,,,,,,,,,,,,
,,,,,,,,,,,,,,,,,,,,,,,,,